#
# There is insufficient memory for the Java Runtime Environment to continue.
# Native memory allocation (mmap) failed to map 2097152 bytes. Error detail: G1 virtual space
# Possible reasons:
#   The system is out of physical RAM or swap space
#   This process is running with CompressedOops enabled, and the Java Heap may be blocking the growth of the native heap
# Possible solutions:
#   Reduce memory load on the system
#   Increase physical memory or swap space
#   Check if swap backing store is full
#   Decrease Java heap size (-Xmx/-Xms)
#   Decrease number of Java threads
#   Decrease Java thread stack sizes (-Xss)
#   Set larger code cache with -XX:ReservedCodeCacheSize=
#   JVM is running with Zero Based Compressed Oops mode in which the Java heap is
#     placed in the first 32GB address space. The Java Heap base address is the
#     maximum limit for the native heap growth. Please use -XX:HeapBaseMinAddress
#     to set the Java Heap base and to place the Java Heap above 32GB virtual address.
# This output file may be truncated or incomplete.
#
#  Out of Memory Error (os_windows.cpp:3707), pid=20284, tid=11116
#
# JRE version: Java(TM) SE Runtime Environment (23.0.2+7) (build 23.0.2+7-58)
# Java VM: Java HotSpot(TM) 64-Bit Server VM (23.0.2+7-58, mixed mode, sharing, tiered, compressed oops, compressed class ptrs, g1 gc, windows-amd64)
# No core dump will be written. Minidumps are not enabled by default on client versions of Windows
#

---------------  S U M M A R Y ------------

Command Line: -javaagent:C:\Program Files\JetBrains\IntelliJ IDEA 2024.1.4\lib\idea_rt.jar=57844:C:\Program Files\JetBrains\IntelliJ IDEA 2024.1.4\bin -Dfile.encoding=UTF-8 -Dsun.stdout.encoding=UTF-8 -Dsun.stderr.encoding=UTF-8 main.Main

Host: 13th Gen Intel(R) Core(TM) i7-1355U, 12 cores, 11G,  Windows 11 , 64 bit Build 26100 (10.0.26100.4484)
Time: Tue Jul 22 23:01:21 2025 Iran Standard Time elapsed time: 626.572899 seconds (0d 0h 10m 26s)

---------------  T H R E A D  ---------------

Current thread (0x000001f1783612d0):  JavaThread "HTTP-Dispatcher"        [_thread_in_vm, id=11116, stack(0x000000e015e00000,0x000000e015f00000) (1024K)]

Stack: [0x000000e015e00000,0x000000e015f00000]
Native frames: (J=compiled Java code, j=interpreted, Vv=VM code, C=native code)
V  [jvm.dll+0x6e0b99]  (no source info available)
V  [jvm.dll+0x87e2b3]  (no source info available)
V  [jvm.dll+0x88073e]  (no source info available)
V  [jvm.dll+0x880e13]  (no source info available)
V  [jvm.dll+0x27b006]  (no source info available)
V  [jvm.dll+0x6dd485]  (no source info available)
V  [jvm.dll+0x6d127a]  (no source info available)
V  [jvm.dll+0x35b50a]  (no source info available)
V  [jvm.dll+0x363916]  (no source info available)
V  [jvm.dll+0x34fb7b]  (no source info available)
V  [jvm.dll+0x350204]  (no source info available)
V  [jvm.dll+0x34fd89]  (no source info available)
V  [jvm.dll+0x32902e]  (no source info available)
V  [jvm.dll+0x3273df]  (no source info available)
V  [jvm.dll+0x66ea7b]  (no source info available)
V  [jvm.dll+0x23a3f2]  (no source info available)
V  [jvm.dll+0x8410a7]  (no source info available)
V  [jvm.dll+0x73f395]  (no source info available)
C  0x000001f123edea09  (no source info available)

The last pc belongs to _new_array_nozero_Java (printed below).
Java frames: (J=compiled Java code, j=interpreted, Vv=VM code)
v  ~RuntimeStub::_new_array_nozero_Java 0x000001f123edea09
J 5037 c2 java.lang.String.<init>(Ljava/nio/charset/Charset;[BII)V java.base@23.0.2 (880 bytes) @ 0x000001f12454e7fc [0x000001f12454d760+0x000000000000109c]
J 5160 c2 org.sqlite.core.NativeDB.utf8ByteBufferToString(Ljava/nio/ByteBuffer;)Ljava/lang/String; (31 bytes) @ 0x000001f124558de8 [0x000001f124558b40+0x00000000000002a8]
J 4285 c1 org.sqlite.jdbc3.JDBC3ResultSet.lambda$safeGetColumnText$6(ILorg/sqlite/core/DB;J)Ljava/lang/String; (11 bytes) @ 0x000001f11c94d6cc [0x000001f11c94d3e0+0x00000000000002ec]
J 4281 c1 org.sqlite.jdbc3.JDBC3ResultSet$$Lambda+0x000001f13451b0e8.run(Lorg/sqlite/core/DB;J)Ljava/lang/Object; (14 bytes) @ 0x000001f11c8b5544 [0x000001f11c8b54a0+0x00000000000000a4]
J 4267 c1 org.sqlite.core.SafeStmtPtr.safeRun(Lorg/sqlite/core/SafeStmtPtr$SafePtrFunction;)Ljava/lang/Object; (33 bytes) @ 0x000001f11c8b6eec [0x000001f11c8b6ce0+0x000000000000020c]
J 5129 c1 org.hibernate.type.descriptor.jdbc.VarcharJdbcType$2.doExtract(Ljava/sql/ResultSet;ILorg/hibernate/type/descriptor/WrapperOptions;)Ljava/lang/Object; (18 bytes) @ 0x000001f11ceeda84 [0x000001f11ceed5c0+0x00000000000004c4]
J 4992 c1 org.hibernate.type.descriptor.jdbc.BasicExtractor.extract(Ljava/sql/ResultSet;ILorg/hibernate/type/descriptor/WrapperOptions;)Ljava/lang/Object; (83 bytes) @ 0x000001f11cebcdd4 [0x000001f11cebcca0+0x0000000000000134]
J 5024 c1 org.hibernate.sql.results.jdbc.internal.JdbcValuesResultSetImpl.getCurrentRowValue(I)Ljava/lang/Object; (113 bytes) @ 0x000001f11cec4844 [0x000001f11cec41c0+0x0000000000000684]
J 5026 c1 org.hibernate.sql.results.graph.basic.BasicResultAssembler.assemble(Lorg/hibernate/sql/results/jdbc/spi/RowProcessingState;Lorg/hibernate/sql/results/jdbc/spi/JdbcValuesSourceProcessingOptions;)Ljava/lang/Object; (120 bytes) @ 0x000001f11cec6394 [0x000001f11cec6200+0x0000000000000194]
J 4927 c1 org.hibernate.sql.results.graph.DomainResultAssembler.assemble(Lorg/hibernate/sql/results/jdbc/spi/RowProcessingState;)Ljava/lang/Object; (19 bytes) @ 0x000001f11cea59e4 [0x000001f11cea5840+0x00000000000001a4]
j  org.hibernate.sql.results.graph.entity.AbstractEntityInitializer.extractConcreteTypeStateValues(Lorg/hibernate/sql/results/jdbc/spi/RowProcessingState;)[Ljava/lang/Object;+61
j  org.hibernate.sql.results.graph.entity.AbstractEntityInitializer.initializeEntityInstance(Ljava/lang/Object;Lorg/hibernate/sql/results/jdbc/spi/RowProcessingState;)V+57
j  org.hibernate.sql.results.graph.entity.AbstractEntityInitializer.initializeEntity(Ljava/lang/Object;Lorg/hibernate/sql/results/jdbc/spi/RowProcessingState;)V+35
J 5725 c1 org.hibernate.sql.results.graph.entity.AbstractEntityInitializer.initializeInstance(Lorg/hibernate/sql/results/jdbc/spi/RowProcessingState;)V (216 bytes) @ 0x000001f11cc9e7ec [0x000001f11cc9db20+0x0000000000000ccc]
j  org.hibernate.sql.results.internal.InitializersList.initializeInstance(Lorg/hibernate/sql/results/jdbc/spi/RowProcessingState;)V+26
J 5825 c1 org.hibernate.sql.results.internal.StandardRowReader.readRow(Lorg/hibernate/sql/results/jdbc/spi/RowProcessingState;Lorg/hibernate/sql/results/jdbc/spi/JdbcValuesSourceProcessingOptions;)Ljava/lang/Object; (100 bytes) @ 0x000001f11cc07bc4 [0x000001f11cc079a0+0x0000000000000224]
j  org.hibernate.sql.results.spi.ListResultsConsumer.consume(Lorg/hibernate/sql/results/jdbc/spi/JdbcValues;Lorg/hibernate/engine/spi/SharedSessionContractImplementor;Lorg/hibernate/sql/results/jdbc/spi/JdbcValuesSourceProcessingOptions;Lorg/hibernate/sql/results/jdbc/internal/JdbcValuesSourceProcessingStateStandardImpl;Lorg/hibernate/sql/results/internal/RowProcessingStateStandardImpl;Lorg/hibernate/sql/results/spi/RowReader;)Ljava/util/List;+185
j  org.hibernate.sql.results.spi.ListResultsConsumer.consume(Lorg/hibernate/sql/results/jdbc/spi/JdbcValues;Lorg/hibernate/engine/spi/SharedSessionContractImplementor;Lorg/hibernate/sql/results/jdbc/spi/JdbcValuesSourceProcessingOptions;Lorg/hibernate/sql/results/jdbc/internal/JdbcValuesSourceProcessingStateStandardImpl;Lorg/hibernate/sql/results/internal/RowProcessingStateStandardImpl;Lorg/hibernate/sql/results/spi/RowReader;)Ljava/lang/Object;+10
j  org.hibernate.sql.exec.internal.JdbcSelectExecutorStandardImpl.doExecuteQuery(Lorg/hibernate/sql/exec/spi/JdbcOperationQuerySelect;Lorg/hibernate/sql/exec/spi/JdbcParameterBindings;Lorg/hibernate/sql/exec/spi/ExecutionContext;Lorg/hibernate/sql/results/spi/RowTransformer;Ljava/lang/Class;Ljava/util/function/Function;Lorg/hibernate/sql/results/spi/ResultsConsumer;)Ljava/lang/Object;+312
j  org.hibernate.sql.exec.internal.JdbcSelectExecutorStandardImpl.executeQuery(Lorg/hibernate/sql/exec/spi/JdbcOperationQuerySelect;Lorg/hibernate/sql/exec/spi/JdbcParameterBindings;Lorg/hibernate/sql/exec/spi/ExecutionContext;Lorg/hibernate/sql/results/spi/RowTransformer;Ljava/lang/Class;Ljava/util/function/Function;Lorg/hibernate/sql/results/spi/ResultsConsumer;)Ljava/lang/Object;+64
j  org.hibernate.sql.exec.spi.JdbcSelectExecutor.list(Lorg/hibernate/sql/exec/spi/JdbcOperationQuerySelect;Lorg/hibernate/sql/exec/spi/JdbcParameterBindings;Lorg/hibernate/sql/exec/spi/ExecutionContext;Lorg/hibernate/sql/results/spi/RowTransformer;Ljava/lang/Class;Lorg/hibernate/sql/results/spi/ListResultsConsumer$UniqueSemantic;)Ljava/util/List;+19
j  org.hibernate.sql.exec.spi.JdbcSelectExecutor.list(Lorg/hibernate/sql/exec/spi/JdbcOperationQuerySelect;Lorg/hibernate/sql/exec/spi/JdbcParameterBindings;Lorg/hibernate/sql/exec/spi/ExecutionContext;Lorg/hibernate/sql/results/spi/RowTransformer;Lorg/hibernate/sql/results/spi/ListResultsConsumer$UniqueSemantic;)Ljava/util/List;+9
j  org.hibernate.loader.ast.internal.CollectionLoaderSingleKey.load(Ljava/lang/Object;Lorg/hibernate/engine/spi/SharedSessionContractImplementor;)Lorg/hibernate/collection/spi/PersistentCollection;+152
j  org.hibernate.persister.collection.AbstractCollectionPersister.initialize(Ljava/lang/Object;Lorg/hibernate/engine/spi/SharedSessionContractImplementor;)V+8
j  org.hibernate.event.internal.DefaultInitializeCollectionEventListener.onInitializeCollection(Lorg/hibernate/event/spi/InitializeCollectionEvent;)V+169
j  org.hibernate.internal.SessionImpl$$Lambda+0x000001f134639a30.accept(Ljava/lang/Object;Ljava/lang/Object;)V+8
J 5309 c1 org.hibernate.event.service.internal.EventListenerGroupImpl.fireEventOnEachListener(Ljava/lang/Object;Ljava/util/function/BiConsumer;)V (37 bytes) @ 0x000001f11cf13934 [0x000001f11cf137c0+0x0000000000000174]
j  org.hibernate.internal.SessionImpl.initializeCollection(Lorg/hibernate/collection/spi/PersistentCollection;Z)V+31
j  org.hibernate.collection.spi.AbstractPersistentCollection.lambda$initialize$3(Z)Ljava/lang/Object;+6
j  org.hibernate.collection.spi.AbstractPersistentCollection$$Lambda+0x000001f1346393a8.doWork()Ljava/lang/Object;+8
j  org.hibernate.collection.spi.AbstractPersistentCollection.withTemporarySessionIfNeeded(Lorg/hibernate/collection/spi/AbstractPersistentCollection$LazyInitializationWork;)Ljava/lang/Object;+205
J 5842 c1 org.hibernate.engine.internal.StatefulPersistenceContext$$Lambda+0x000001f134636ed0.accept(Ljava/lang/Object;)V (13 bytes) @ 0x000001f11cf882ec [0x000001f11cf87c40+0x00000000000006ac]
j  org.hibernate.engine.internal.StatefulPersistenceContext.initializeNonLazyCollections(Ljava/util/function/Consumer;)V+60
j  org.hibernate.engine.internal.StatefulPersistenceContext.initializeNonLazyCollections()V+6
j  org.hibernate.sql.results.spi.ListResultsConsumer.consume(Lorg/hibernate/sql/results/jdbc/spi/JdbcValues;Lorg/hibernate/engine/spi/SharedSessionContractImplementor;Lorg/hibernate/sql/results/jdbc/spi/JdbcValuesSourceProcessingOptions;Lorg/hibernate/sql/results/jdbc/internal/JdbcValuesSourceProcessingStateStandardImpl;Lorg/hibernate/sql/results/internal/RowProcessingStateStandardImpl;Lorg/hibernate/sql/results/spi/RowReader;)Ljava/util/List;+486
j  org.hibernate.sql.results.spi.ListResultsConsumer.consume(Lorg/hibernate/sql/results/jdbc/spi/JdbcValues;Lorg/hibernate/engine/spi/SharedSessionContractImplementor;Lorg/hibernate/sql/results/jdbc/spi/JdbcValuesSourceProcessingOptions;Lorg/hibernate/sql/results/jdbc/internal/JdbcValuesSourceProcessingStateStandardImpl;Lorg/hibernate/sql/results/internal/RowProcessingStateStandardImpl;Lorg/hibernate/sql/results/spi/RowReader;)Ljava/lang/Object;+10
j  org.hibernate.sql.exec.internal.JdbcSelectExecutorStandardImpl.doExecuteQuery(Lorg/hibernate/sql/exec/spi/JdbcOperationQuerySelect;Lorg/hibernate/sql/exec/spi/JdbcParameterBindings;Lorg/hibernate/sql/exec/spi/ExecutionContext;Lorg/hibernate/sql/results/spi/RowTransformer;Ljava/lang/Class;Ljava/util/function/Function;Lorg/hibernate/sql/results/spi/ResultsConsumer;)Ljava/lang/Object;+312
j  org.hibernate.sql.exec.internal.JdbcSelectExecutorStandardImpl.executeQuery(Lorg/hibernate/sql/exec/spi/JdbcOperationQuerySelect;Lorg/hibernate/sql/exec/spi/JdbcParameterBindings;Lorg/hibernate/sql/exec/spi/ExecutionContext;Lorg/hibernate/sql/results/spi/RowTransformer;Ljava/lang/Class;Ljava/util/function/Function;Lorg/hibernate/sql/results/spi/ResultsConsumer;)Ljava/lang/Object;+64
j  org.hibernate.sql.exec.spi.JdbcSelectExecutor.list(Lorg/hibernate/sql/exec/spi/JdbcOperationQuerySelect;Lorg/hibernate/sql/exec/spi/JdbcParameterBindings;Lorg/hibernate/sql/exec/spi/ExecutionContext;Lorg/hibernate/sql/results/spi/RowTransformer;Ljava/lang/Class;Lorg/hibernate/sql/results/spi/ListResultsConsumer$UniqueSemantic;)Ljava/util/List;+19
j  org.hibernate.sql.exec.spi.JdbcSelectExecutor.list(Lorg/hibernate/sql/exec/spi/JdbcOperationQuerySelect;Lorg/hibernate/sql/exec/spi/JdbcParameterBindings;Lorg/hibernate/sql/exec/spi/ExecutionContext;Lorg/hibernate/sql/results/spi/RowTransformer;Lorg/hibernate/sql/results/spi/ListResultsConsumer$UniqueSemantic;)Ljava/util/List;+9
j  org.hibernate.query.sql.internal.NativeSelectQueryPlanImpl.performList(Lorg/hibernate/query/spi/DomainQueryExecutionContext;)Ljava/util/List;+191
j  org.hibernate.query.sql.internal.NativeQueryImpl.doList()Ljava/util/List;+5
j  org.hibernate.query.spi.AbstractSelectionQuery.list()Ljava/util/List;+8
j  org.hibernate.query.spi.AbstractSelectionQuery.getSingleResult()Ljava/lang/Object;+1
j  dao.UserDao.getByPhone(Ljava/lang/String;)Lentity/User;+29
j  service.RestaurantService.canModifyRestaurant(Ljava/lang/String;J)Z+1
j  service.RestaurantService.GetMenu(Ljava/lang/String;J)Ljava/util/List;+2
j  HttpHandeler.RestaurantHandler.GenMenu(Lcom/sun/net/httpserver/HttpExchange;JLjava/lang/String;)V+10
j  HttpHandeler.RestaurantHandler.handle(Lcom/sun/net/httpserver/HttpExchange;)V+202
j  com.sun.net.httpserver.Filter$Chain.doFilter(Lcom/sun/net/httpserver/HttpExchange;)V+17 jdk.httpserver@23.0.2
j  sun.net.httpserver.AuthFilter.doFilter(Lcom/sun/net/httpserver/HttpExchange;Lcom/sun/net/httpserver/Filter$Chain;)V+121 jdk.httpserver@23.0.2
j  com.sun.net.httpserver.Filter$Chain.doFilter(Lcom/sun/net/httpserver/HttpExchange;)V+41 jdk.httpserver@23.0.2
j  sun.net.httpserver.ServerImpl$Exchange$LinkHandler.handle(Lcom/sun/net/httpserver/HttpExchange;)V+5 jdk.httpserver@23.0.2
j  com.sun.net.httpserver.Filter$Chain.doFilter(Lcom/sun/net/httpserver/HttpExchange;)V+17 jdk.httpserver@23.0.2
j  sun.net.httpserver.ServerImpl$Exchange.run()V+1235 jdk.httpserver@23.0.2
j  sun.net.httpserver.ServerImpl$DefaultExecutor.execute(Ljava/lang/Runnable;)V+1 jdk.httpserver@23.0.2
j  sun.net.httpserver.ServerImpl$Dispatcher.handle(Ljava/nio/channels/SocketChannel;Lsun/net/httpserver/HttpConnection;)V+29 jdk.httpserver@23.0.2
j  sun.net.httpserver.ServerImpl$Dispatcher.run()V+483 jdk.httpserver@23.0.2
j  java.lang.Thread.runWith(Ljava/lang/Object;Ljava/lang/Runnable;)V+5 java.base@23.0.2
j  java.lang.Thread.run()V+19 java.base@23.0.2
v  ~StubRoutines::call_stub 0x000001f123dc0fcd
Lock stack of current Java thread (top to bottom):
LockStack[1]: org.sqlite.core.NativeDB 
{0x0000000746400a38} - klass: 'org/sqlite/core/NativeDB'
 - ---- fields (total size 11 words):
 - private final 'url' 'Ljava/lang/String;' @12  "jdbc:sqlite:data.db"{0x0000000746186ea8} (0xe8c30dd5)
 - private final 'fileName' 'Ljava/lang/String;' @16  "C:\Users\Asus\IdeaProjects\YazdFood\data.db"{0x0000000746400a90} (0xe8c80152)
 - private final 'config' 'Lorg/sqlite/SQLiteConfig;' @20  a 'org/sqlite/SQLiteConfig'{0x0000000746400ae8} (0xe8c8015d)
 - private final 'closed' 'Ljava/util/concurrent/atomic/AtomicBoolean;' @24  a 'java/util/concurrent/atomic/AtomicBoolean'{0x00000007464015e8} (0xe8c802bd)
 - volatile 'begin' 'Lorg/sqlite/core/SafeStmtPtr;' @28  a 'org/sqlite/core/SafeStmtPtr'{0x00000007464015f8} (0xe8c802bf)
 - volatile 'commit' 'Lorg/sqlite/core/SafeStmtPtr;' @32  a 'org/sqlite/core/SafeStmtPtr'{0x0000000746401620} (0xe8c802c4)
 - private final 'stmts' 'Ljava/util/Set;' @36  a 'java/util/concurrent/ConcurrentHashMap$KeySetView'{0x0000000746401648} (0xe8c802c9)
 - private final 'updateListeners' 'Ljava/util/Set;' @40  a 'java/util/HashSet'{0x00000007464016f0} (0xe8c802de)
 - private final 'commitListeners' 'Ljava/util/Set;' @44  a 'java/util/HashSet'{0x0000000746401730} (0xe8c802e6)
 - private 'pointer' 'J' @48  2135452107176 (0x000001f132dd41a8)
 - private 'busyHandler' 'J' @56  0 (0x0000000000000000)
 - private 'commitListener' 'J' @64  0 (0x0000000000000000)
 - private 'updateListener' 'J' @72  0 (0x0000000000000000)
 - private 'progressHandler' 'J' @80  0 (0x0000000000000000)
LockStack[0]: org.sqlite.core.NativeDB 
{0x0000000746400a38} - klass: 'org/sqlite/core/NativeDB'
 - ---- fields (total size 11 words):
 - private final 'url' 'Ljava/lang/String;' @12  "jdbc:sqlite:data.db"{0x0000000746186ea8} (0xe8c30dd5)
 - private final 'fileName' 'Ljava/lang/String;' @16  "C:\Users\Asus\IdeaProjects\YazdFood\data.db"{0x0000000746400a90} (0xe8c80152)
 - private final 'config' 'Lorg/sqlite/SQLiteConfig;' @20  a 'org/sqlite/SQLiteConfig'{0x0000000746400ae8} (0xe8c8015d)
 - private final 'closed' 'Ljava/util/concurrent/atomic/AtomicBoolean;' @24  a 'java/util/concurrent/atomic/AtomicBoolean'{0x00000007464015e8} (0xe8c802bd)
 - volatile 'begin' 'Lorg/sqlite/core/SafeStmtPtr;' @28  a 'org/sqlite/core/SafeStmtPtr'{0x00000007464015f8} (0xe8c802bf)
 - volatile 'commit' 'Lorg/sqlite/core/SafeStmtPtr;' @32  a 'org/sqlite/core/SafeStmtPtr'{0x0000000746401620} (0xe8c802c4)
 - private final 'stmts' 'Ljava/util/Set;' @36  a 'java/util/concurrent/ConcurrentHashMap$KeySetView'{0x0000000746401648} (0xe8c802c9)
 - private final 'updateListeners' 'Ljava/util/Set;' @40  a 'java/util/HashSet'{0x00000007464016f0} (0xe8c802de)
 - private final 'commitListeners' 'Ljava/util/Set;' @44  a 'java/util/HashSet'{0x0000000746401730} (0xe8c802e6)
 - private 'pointer' 'J' @48  2135452107176 (0x000001f132dd41a8)
 - private 'busyHandler' 'J' @56  0 (0x0000000000000000)
 - private 'commitListener' 'J' @64  0 (0x0000000000000000)
 - private 'updateListener' 'J' @72  0 (0x0000000000000000)
 - private 'progressHandler' 'J' @80  0 (0x0000000000000000)

--------------------------------------------------------------------------------
Decoding CodeBlob, name: _new_array_nozero_Java, at  [0x000001f123ede9e0, 0x000001f123edea50]  112 bytes
[MachCode]
  0x000001f123ede9e0: 4881 ec28 | 0000 0048 | 896c 2420 | 4989 a7a0 | 0300 0048 | 8bca 418b | d04d 8bc7 | 49ba 50f3 
  0x000001f123edea00: 6601 fc7f | 0000 41ff | d20f 1f84 | 0000 0000 | 004d 89a7 | a003 0000 | 4d89 a7a8 | 0300 0049 
  0x000001f123edea20: 8b87 f803 | 0000 4d89 | a7f8 0300 | 004d 3b67 | 0875 0648 | 83c4 205d | c333 db49 | bac0 0edc 
  0x000001f123edea40: 23f1 0100 | 0048 83c4 | 205d 41ff | e2f4 f4f4 
[/MachCode]
--------------------------------------------------------------------------------


Compiled method (c2) 626631 5037   !   4       java.lang.String::<init> (880 bytes)
 total in heap  [0x000001f12454d508,0x000001f12454f3a8] = 7840
 relocation     [0x000001f12454d5e0,0x000001f12454d758] = 376
 main code      [0x000001f12454d760,0x000001f12454f270] = 6928
 stub code      [0x000001f12454f270,0x000001f12454f310] = 160
 oops           [0x000001f12454f310,0x000001f12454f320] = 16
 metadata       [0x000001f12454f320,0x000001f12454f3a8] = 136
 immutable data [0x000001f1326f2fe0,0x000001f1326f3878] = 2200
 dependencies   [0x000001f1326f2fe0,0x000001f1326f3000] = 32
 nul chk table  [0x000001f1326f3000,0x000001f1326f3020] = 32
 handler table  [0x000001f1326f3020,0x000001f1326f31d0] = 432
 scopes pcs     [0x000001f1326f31d0,0x000001f1326f3400] = 560
 scopes data    [0x000001f1326f3400,0x000001f1326f3878] = 1144

[Constant Pool (empty)]

[MachCode]
[Instructions begin]
  0x000001f12454d760: 6690 448b | 5208 443b 

  0x000001f12454d768: ;   {runtime_call ic_miss_stub}
  0x000001f12454d768: 5008 0f85 | 700d 8cff 
[Verified Entry Point]
  0x000001f12454d770: 8984 2400 | 80ff ff55 | 4881 ec80 | 0000 0090 | 4181 7f20 | 2700 0000 | 0f85 d81a | 0000 897c 
  0x000001f12454d790: 2430 4c89 | 4c24 2848 | 8954 2420 | 448b d685 | f60f 84d3 | 0600 0044 

  0x000001f12454d7a8: ;   {oop(a 'sun/nio/cs/UTF_8'{0x0000000745e73c70})}
  0x000001f12454d7a8: 8d1c 3749 | b970 3ce7 | 4507 0000 | 004d 3bc1 | 0f85 1003 | 0000 448b | cf85 ff0f | 8cdc 1000 
  0x000001f12454d7c8: 0085 f60f | 8cdb 1000 | 004c 8b44 | 2428 418b | 780c 413b | fb0f 82ce | 1000 004b | 8d74 0810 
  0x000001f12454d7e8: 418b ca8b | c185 c90f | 84c1 0000 | 00f7 c1e0 | ffff ff74 | 5983 e1e0 | 488d 340e | 48f7 d9bb 
  0x000001f12454d808: 8080 8080 | c5f9 6ecb | c4e2 7d58 | c9c5 fe6f | 040e c4e2 | 7d17 c175 | 2648 83c1 | 2075 eea8 
  0x000001f12454d828: 1f0f 8487 | 0000 008b | c883 e11f | c5fe 6f44 | 0ee0 c4e2 | 7d17 c10f | 8471 0000 | 00eb 0f48 
  0x000001f12454d848: 8d34 0e48 | 03c1 83c8 | 1fb9 1f00 | 0000 83e1 | fc74 1848 | 8d34 0e48 | f7d9 8b1c | 0e81 e380 
  0x000001f12454d868: 8080 8075 | 2e48 83c1 | 0475 efa8 | 0274 0f0f | b71e 81e3 | 8080 0000 | 7525 488d | 7602 a801 
  0x000001f12454d888: 742c 0fb6 | 1ef7 c380 | 0000 0074 | 2148 83e8 | 01eb 1b48 | 03c1 83c8 | 0348 8d34 | 0eeb cc83 
  0x000001f12454d8a8: ;   {no_reloc}
  0x000001f12454d8a8: e0fc f7c3 | 8000 0000 | 7504 4883 | c001 c5fd | efc0 c5f5 | efc9 413b | c20f 85c3 | 1100 0045 
  0x000001f12454d8c8: 85c9 7511 | 443b df0f | 845a 0100 | 0041 8bcb | 4533 d2eb | 0641 8bca | 458b d144 | 8bc9 85c9 
  0x000001f12454d8e8: 0f8c f012 | 0000 4585 | d20f 8c51 | 1000 008b | ef41 2bea | 3be9 0f4f | e941 8d0c | 2a3b f90f 
  0x000001f12454d908: 823b 1000 | 0044 3bcd | 0f82 3210 | 0000 85ed | 0f8c 2a10 | 0000 458b | d94d 63db | 4983 c317 
  0x000001f12454d928: 4181 f900 | 0010 000f | 87e4 0d00 | 0049 8b9f | b801 0000 | 498b cb48 | 83e1 f848 | 8bfb 4803 
  0x000001f12454d948: f949 3bbf | c801 0000 | 0f83 c30d | 0000 4989 | bfb8 0100 | 000f 0d8f | c000 0000 | 48c7 0301 
  0x000001f12454d968: 0000 000f | 0d8f 0001 

  0x000001f12454d970: ;   {metadata({type array byte})}
  0x000001f12454d970: 0000 c743 | 0868 5c16 | 0044 894b | 0c0f 0d8f | 4001 0000 | 0f0d 8f80 | 0100 0048 | 8bd3 4883 
  0x000001f12454d990: c210 49c1 | eb03 85ed | 0f84 3e0f | 0000 4b8d | 7410 104c | 63c5 413b | e90f 8cd3 | 0300 0048 
  0x000001f12454d9b0: 8bce c5f8 | 7749 ba60 | 56df 23f1 | 0100 0041 

  0x000001f12454d9c0: ;   {other}
  0x000001f12454d9c0: ffd2 0f1f | 8400 0000 | 0000 4180 | 7f38 000f | 851c 0300 | 0048 8b7c | 2420 4c8b | db49 c1eb 
  0x000001f12454d9e0: 0344 895f | 144c 8bd7 | 4c8b db4d | 33da 49c1 | eb15 4d85 | db74 1b49 | c1ea 0949 | b800 20ac 
  0x000001f12454da00: 28f1 0100 | 004d 03c2 | 4180 3802 | 0f85 1b03 | 0000 4488 | 6710 c5f8 | 7748 81c4 | 8000 0000 
  0x000001f12454da20: ;   {poll_return}
  0x000001f12454da20: 5d49 3ba7 | 4804 0000 | 0f87 2218 | 0000 c34c | 63cf 81ff | 0000 1000 | 0f87 a40d | 0000 498b 
  0x000001f12454da40: 9fb8 0100 | 004d 8d51 | 1749 83e2 | f84c 8bdb | 4d03 da4d | 3b9f c801 | 0000 0f83 | 820d 0000 
  0x000001f12454da60: 4d89 9fb8 | 0100 0041 | 0f0d 8bc0 | 0000 0048 | c703 0100 | 0000 410f | 0d8b 0001 

  0x000001f12454da7c: ;   {metadata({type array byte})}
  0x000001f12454da7c: 0000 c743 | 0868 5c16 | 0089 7b0c | 410f 0d8b | 4001 0000 | 410f 0d8b | 8001 0000 | 498b c848 
  0x000001f12454da9c: 83c1 1048 | 8bd3 4883 | c210 4983 | c107 49c1 | e903 4d8b | c1c5 f877 | 49ba 205c | df23 f101 
  0x000001f12454dabc: 0000 41ff 

  0x000001f12454dac0: ;   {other}
  0x000001f12454dac0: d20f 1f84 | 0000 0000 | 00e9 fcfe 

  0x000001f12454dacc: ;   {oop(a 'sun/nio/cs/ISO_8859_1'{0x0000000746185fe8})}
  0x000001f12454dacc: ffff 49b9 | e85f 1846 | 0700 0000 | 4d3b c10f | 841e 0300 

  0x000001f12454dae0: ;   {oop(a 'sun/nio/cs/US_ASCII'{0x0000000746185b88})}
  0x000001f12454dae0: 0049 b988 | 5b18 4607 | 0000 004d | 3bc1 0f84 | d803 0000 

  0x000001f12454daf4: ; implicit exception: dispatches to 0x000001f12454f190
  0x000001f12454daf4: 458b 4808 

  0x000001f12454daf8: ;   {metadata('sun/nio/cs/MS1256')}
  0x000001f12454daf8: 4181 f9f0 | 0304 010f | 8523 1400 | 0041 8beb | 8974 2434 | 4d8b d04c | 8954 2438 | 498b d290 
  0x000001f12454db18: ;   {optimized virtual_call}
  0x000001f12454db18: c5f8 77e8 

  0x000001f12454db1c: ; ImmutableOopMap {[32]=Oop [40]=Oop [56]=Oop }
                      ;*invokevirtual newDecoder {reexecute=0 rethrow=0 return_oop=1}
                      ; - java.lang.String::<init>@509 (line 643)
  0x000001f12454db1c: c00c 8cff 

  0x000001f12454db20: ;   {other}
  0x000001f12454db20: 0f1f 8400 | 1806 0000 

  0x000001f12454db28: ; implicit exception: dispatches to 0x000001f12454f1b8
  0x000001f12454db28: 448b 5008 

  0x000001f12454db2c: ;   {metadata('sun/nio/cs/SingleByte$Decoder')}
  0x000001f12454db2c: 4181 fa68 | bc2a 000f | 852b 1600 | 004c 8bd0 | 4c89 5424 | 4045 0fb6 | 522a 4585 | d274 3148 
  0x000001f12454db4c: ff74 2440 | 488f 4424 | 3848 8b54 | 2428 448b | 4424 3044 | 8b4c 2434 

  0x000001f12454db64: ;   {static_call}
  0x000001f12454db64: c5f8 77e8 

  0x000001f12454db68: ; ImmutableOopMap {[32]=Oop [40]=Oop [56]=Oop [64]=Oop }
                      ;*invokestatic hasNegatives {reexecute=0 rethrow=0 return_oop=0}
                      ; - java.lang.String::<init>@543 (line 647)
  0x000001f12454db68: 7412 8cff 

  0x000001f12454db6c: ;   {other}
  0x000001f12454db6c: 0f1f 8400 | 6406 0001 | 85c0 0f84 | 4808 0000 | 4c8b 5424 | 4045 0fb6 | 5a2b 4585 | db0f 846b 
  0x000001f12454db8c: 0400 0044 | 8b54 2434 | 4181 fa00 | 0010 000f | 877a 1200 | 004d 8b87 | b801 0000 | 4963 ca48 
  0x000001f12454dbac: 83c1 174c | 8bd1 4983 | e2f8 4d8b | d84d 03da | 4d3b 9fc8 | 0100 000f | 8352 1200 | 004d 899f 
  0x000001f12454dbcc: b801 0000 | 410f 0d8b | c000 0000 | 49c7 0001 | 0000 0041 | 0f0d 8b00 

  0x000001f12454dbe4: ;   {metadata({type array byte})}
  0x000001f12454dbe4: 0100 0041 | c740 0868 | 5c16 0044 | 8b54 2434 | 4589 500c | 410f 0d8b | 4001 0000 | 498b f848 
  0x000001f12454dc04: 83c7 1041 | 0f0d 8b80 | 0100 0048 | c1e9 0348 | 83c1 fe48 | 33c0 4883 | f908 7f10 | 48ff c978 
  0x000001f12454dc24: 4f48 8904 | cf48 ffc9 | 7df7 eb44 | c5fd efc0 | e90d 0000 | 00c5 fe7f | 07c5 fe7f | 4720 4883 
  0x000001f12454dc44: c740 4883 | e908 7ded | 4883 c104 | 7c0c c5fe | 7f07 4883 | c720 4883 | e904 4883 | c104 7e10 
  0x000001f12454dc64: 48ff c9c5 | f9d6 0748 | 83c7 0848 | ffc9 7df3 | 498b e88b | 7c24 3448 | 8b54 2440 | 4c8b 4424 
  0x000001f12454dc84: 2844 8b4c | 2430 488b | f566 6690 

  0x000001f12454dc90: ;   {optimized virtual_call}
  0x000001f12454dc90: c5f8 77e8 

  0x000001f12454dc94: ; ImmutableOopMap {rbp=Oop [32]=Oop }
                      ;*invokeinterface decodeToLatin1 {reexecute=0 rethrow=0 return_oop=0}
                      ; - java.lang.String::<init>@621 (line 661)
  0x000001f12454dc94: 480b 8cff 

  0x000001f12454dc98: ;   {other}
  0x000001f12454dc98: 0f1f 8400 | 9007 0002 | 4180 7f38 | 000f 8569 | 0b00 0048 | 8b5c 2420 | 4c8b dd49 | c1eb 0344 
  0x000001f12454dcb8: 895b 144c | 8bd3 4c8b | dd4d 33da | 49c1 eb15 | 4d85 db74 | 1b49 c1ea | 0949 b800 | 20ac 28f1 
  0x000001f12454dcd8: 0100 004d | 03c2 4180 | 3802 0f85 | 680b 0000 | 4488 6310 | e925 fdff | ff48 8b7c | 2420 448b 
  0x000001f12454dcf8: 5714 4585 | d20f 84d7 | fcff ff4d | 8b5f 2849 | 8bca 48c1 | e103 4d85 | db0f 84a1 | 0d00 004d 
  0x000001f12454dd18: 8b57 304b | 894c 1af8 | 4983 c3f8 | 4d89 5f28 | e9ad fcff | ff4d 8b57 | 484d 8b5f | 40f0 8344 
  0x000001f12454dd38: 24c0 0041 | 8038 000f | 84cd fcff | ff45 8820 | 4d85 db75 | 2349 8bc8 | 498b d7c5 | f877 49ba 
  0x000001f12454dd58: e008 2501 | fc7f 0000 

  0x000001f12454dd60: ;   {other}
  0x000001f12454dd60: 41ff d20f | 1f84 0000 | 0000 00e9 | a2fc ffff | 4f89 441a | f849 83c3 | f84d 895f | 40e9 90fc 
  0x000001f12454dd80: ffff 4d8d | 5010 4d8b | ca49 83e1 | f848 8bfb | 4903 f949 | c1ea 034d | 2bda 498b | cb48 33c0 
  0x000001f12454dda0: 4883 f908 | 7f10 48ff | c978 4f48 | 8904 cf48 | ffc9 7df7 | eb44 c5fd | efc0 e90d | 0000 00c5 
  0x000001f12454ddc0: fe7f 07c5 | fe7f 4720 | 4883 c740 | 4883 e908 | 7ded 4883 | c104 7c0c | c5fe 7f07 | 4883 c720 
  0x000001f12454dde0: 4883 e904 | 4883 c104 | 7e10 48ff | c9c5 f9d6 | 0748 83c7 | 0848 ffc9 | 7df3 e9b0 | fbff ff48 
  0x000001f12454de00: 8b54 2428 | 448b c745 | 8bcb 488b | 6c24 2090 

  0x000001f12454de10: ;   {static_call}
  0x000001f12454de10: c5f8 77e8 

  0x000001f12454de14: ; ImmutableOopMap {rbp=Oop }
                      ;*invokestatic copyOfRange {reexecute=0 rethrow=0 return_oop=1}
                      ; - java.lang.String::<init>@366 (line 614)
  0x000001f12454de14: 8803 e3ff 

  0x000001f12454de18: ;   {other}
  0x000001f12454de18: 0f1f 8400 | 1009 0003 | 488b d841 | 807f 3800 | 0f85 3e0b | 0000 488b | fd4c 8bc3 | 4d8b d849 
  0x000001f12454de38: c1eb 0344 | 895f 144c | 8bd7 4d8b | d84d 33da | 49c1 eb15 | 4d85 db74 | 204d 85c0 | 741b 49c1 
  0x000001f12454de58: ea09 49b8 | 0020 ac28 | f101 0000 | 4d03 c241 | 8038 020f | 8535 0b00 | 0044 8867 | 10e9 9cfb 
  0x000001f12454de78: ffff 4180 | 7f38 000f | 8576 0b00 | 0048 8bda 

  0x000001f12454de88: ;   {oop([B{0x0000000745e6cd88})}
  0x000001f12454de88: c743 14b1 | d9bc e84c 

  0x000001f12454de90: ;   {oop([B{0x0000000745e6cd88})}
  0x000001f12454de90: 8bd3 49bb | 88cd e645 | 0700 0000 | 4d33 da49 | c1eb 154d | 85db 741b | 49c1 ea09 | 49b8 0020 
  0x000001f12454deb0: ac28 f101 | 0000 4d03 | c241 8038 | 020f 8572 | 0b00 0044 | 8863 10e9 | 4afb ffff | 4489 5c24 
  0x000001f12454ded0: 348b ee48 | 8b54 2428 | 448b c744 | 8bce 6690 

  0x000001f12454dee0: ;   {static_call}
  0x000001f12454dee0: c5f8 77e8 

  0x000001f12454dee4: ; ImmutableOopMap {[32]=Oop [40]=Oop }
                      ;*invokestatic hasNegatives {reexecute=0 rethrow=0 return_oop=0}
                      ; - java.lang.String::<init>@416 (line 621)
  0x000001f12454dee4: f80e 8cff 

  0x000001f12454dee8: ;   {other}
  0x000001f12454dee8: 0f1f 8400 | e009 0004 | 85c0 0f84 | 6c08 0000 | 8bd5 6690 

  0x000001f12454defc: ;   {static_call}
  0x000001f12454defc: c5f8 77e8 

  0x000001f12454df00: ; ImmutableOopMap {[32]=Oop [40]=Oop }
                      ;*invokestatic newBytesFor {reexecute=0 rethrow=0 return_oop=1}
                      ; - java.lang.String::<init>@445 (line 625)
  0x000001f12454df00: dc0e 8cff 

  0x000001f12454df04: ;   {other}
  0x000001f12454df04: 0f1f 8400 | fc09 0005 | 488b f044 | 8bc5 4585 | c00f 8e87 | 0000 004c | 8b4c 2428 

  0x000001f12454df20: ; implicit exception: dispatches to 0x000001f12454f00c
  0x000001f12454df20: 418b 490c | 448b 5424 | 3044 3bd1 | 0f83 df10 | 0000 4863 | c949 63d0 | 4d63 da4a | 8d5c 1aff 
  0x000001f12454df40: 483b d90f | 83c8 1000 | 0043 0fbe | 5c19 1048 | 83c2 f10f | b7fb b901 | 0000 0048 | c7c0 0000 
  0x000001f12454df60: 0080 4881 | fa00 0000 | 8048 0f4c | d044 8bf2 | bafd ff00 | 0085 db0f | 4cfa 488b | ee66 897e 
  0x000001f12454df80: 1041 83fe | 010f 8eb5 | 1000 0041 | bd80 3e00 | 0048 bb00 | 20ac 28f1 | 0100 0033 | f6e9 0007 
  0x000001f12454dfa0: 0000 48bb | 0020 ac28 | f101 0000 | 488b e841 | 807f 3800 | 0f85 1e0b | 0000 488b | 7c24 204c 
  0x000001f12454dfc0: 8bdd 49c1 | eb03 4489 | 5f14 4c8b | d54c 8bdf | 4d33 d349 | c1ea 154d | 85d2 7415 | 4885 ed74 
  0x000001f12454dfe0: 1049 c1eb | 0949 03db | 803b 020f | 8523 0b00 | 00c6 4710 | 01e9 1cfa | ffff c4c1 | 7a10 4210 
  0x000001f12454e000: ;   {no_reloc}
  0x000001f12454e000: 8b54 2434 | 488b 6c24 | 2066 6690 

  0x000001f12454e00c: ;   {static_call}
  0x000001f12454e00c: c5f8 77e8 

  0x000001f12454e010: ; ImmutableOopMap {rbp=Oop [32]=Oop [40]=Oop [64]=Oop }
                      ;*invokestatic scale {reexecute=0 rethrow=0 return_oop=0}
                      ; - java.lang.String::<init>@646 (line 667)
  0x000001f12454e010: cc0d 8cff 

  0x000001f12454e014: ;   {other}
  0x000001f12454e014: 0f1f 8400 | 0c0b 0006 | 8944 2438 | 488b 5424 

  0x000001f12454e024: ;   {oop(a 'java/nio/charset/CodingErrorAction'{0x0000000745e73e78})}
  0x000001f12454e024: 4049 b878 | 3ee7 4507 | 0000 0090 

  0x000001f12454e030: ;   {optimized virtual_call}
  0x000001f12454e030: c5f8 77e8 

  0x000001f12454e034: ; ImmutableOopMap {rbp=Oop [32]=Oop [40]=Oop [64]=Oop }
                      ;*invokevirtual onMalformedInput {reexecute=0 rethrow=0 return_oop=1}
                      ; - java.lang.String::<init>@656 (line 668)
  0x000001f12454e034: a807 8cff 

  0x000001f12454e038: ;   {other}
  0x000001f12454e038: 0f1f 8400 | 300b 0007 | 4885 c00f | 8423 0f00 | 0048 8bd0 

  0x000001f12454e04c: ;   {oop(a 'java/nio/charset/CodingErrorAction'{0x0000000745e73e78})}
  0x000001f12454e04c: 49b8 783e | e745 0700 | 0000 6690 

  0x000001f12454e058: ;   {optimized virtual_call}
  0x000001f12454e058: c5f8 77e8 

  0x000001f12454e05c: ; ImmutableOopMap {rbp=Oop [32]=Oop [40]=Oop [64]=Oop }
                      ;*invokevirtual onUnmappableCharacter {reexecute=0 rethrow=0 return_oop=1}
                      ; - java.lang.String::<init>@662 (line 669)
  0x000001f12454e05c: 8007 8cff 

  0x000001f12454e060: ;   {other}
  0x000001f12454e060: 0f1f 8400 | 580b 0008 | 4889 4424 | f88b 4424 | 3889 4424 | 4848 8b44 | 24f8 448b | 5c24 3841 
  0x000001f12454e080: 81fb 0000 | 0800 0f87 | 4b0e 0000 | 4d8b 9fb8 | 0100 0044 | 8b54 2438 | 4d63 d24a | 8d0c 5517 
  0x000001f12454e0a0: 0000 004c | 8bd1 4983 | e2f8 4d8b | c34d 03c2 | 4d3b 87c8 | 0100 000f | 831a 0e00 | 004d 8987 
  0x000001f12454e0c0: b801 0000 | 410f 0d88 | c000 0000 | 49c7 0301 | 0000 0041 | 0f0d 8800 

  0x000001f12454e0d8: ;   {metadata({type array char})}
  0x000001f12454e0d8: 0100 0041 | c743 0880 | 5616 0044 | 8b54 2438 | 4589 530c | 410f 0d88 | 4001 0000 | 498b fb48 
  0x000001f12454e0f8: 83c7 1041 | 0f0d 8880 | 0100 0048 | c1e9 0348 | 83c1 fe48 | 33c0 4883 | f908 7f10 | 48ff c978 
  0x000001f12454e118: 4f48 8904 | cf48 ffc9 | 7df7 eb44 | c5fd efc0 | e90d 0000 | 00c5 fe7f | 07c5 fe7f | 4720 4883 
  0x000001f12454e138: c740 4883 | e908 7ded | 4883 c104 | 7c0c c5fe | 7f07 4883 | c720 4883 | e904 4883 | c104 7e10 
  0x000001f12454e158: 48ff c9c5 | f9d6 0748 | 83c7 0848 | ffc9 7df3 | 4d8b d34c | 8954 2438 | 488b 5424 | 404c 8b44 
  0x000001f12454e178: 2428 448b | 4c24 308b | 7c24 3449 | 8bf2 6690 

  0x000001f12454e188: ;   {optimized virtual_call}
  0x000001f12454e188: c5f8 77e8 

  0x000001f12454e18c: ; ImmutableOopMap {rbp=Oop [32]=Oop [56]=Oop }
                      ;*invokeinterface decode {reexecute=0 rethrow=0 return_oop=0}
                      ; - java.lang.String::<init>@680 (line 671)
  0x000001f12454e18c: 5006 8cff 

  0x000001f12454e190: ;   {other}
  0x000001f12454e190: 0f1f 8400 | 880c 0009 | 8944 2428 | 3d00 0010 | 000f 8759 | 0d00 0049 | 8b9f b801 | 0000 448b 
  0x000001f12454e1b0: d84d 63d3 | 4983 c217 | 4983 e2f8 | 4c8b db4d | 03da 4d3b | 9fc8 0100 | 000f 8331 | 0d00 004d 
  0x000001f12454e1d0: 899f b801 | 0000 410f | 0d8b c000 | 0000 48c7 | 0301 0000 | 0041 0f0d | 8b00 0100 

  0x000001f12454e1ec: ;   {metadata({type array byte})}
  0x000001f12454e1ec: 00c7 4308 | 685c 1600 | 8943 0c41 | 0f0d 8b40 | 0100 0041 | 0f0d 8b80 | 0100 0044 | 8b54 2448 
  0x000001f12454e20c: 448b 5c24 | 2844 895c | 2448 453b | d30f 8281 | 0d00 004c | 8bd3 4983 | c210 4c89 | 5424 504c 
  0x000001f12454e22c: 8b54 2438 | 4983 c210 | 4c89 5424 | 5849 8bf2 | 488b 7c24 | 5041 8bd3 | 8bc2 f7c2 | f8ff ffff 
  0x000001f12454e24c: 0f84 8700 | 0000 b900 | ff00 ffc5 | f96e d9c5 | f970 db00 | 83e2 f074 | 38c5 f9ef | c048 8d34 
  0x000001f12454e26c: 5648 8d3c | 1748 f7da | c5fa 6f14 | 56c5 f9eb | c2c5 fa6f | 4c56 10c5 | f9eb c1c4 | e279 17c3 
  0x000001f12454e28c: 7534 c5e9 | 67d1 c5fa | 7f14 1748 | 83c2 1075 | d7a8 0874 | 33c5 f1ef | c9c5 fa6f | 16c4 e279 
  0x000001f12454e2ac: 17d3 7512 | c5e9 67d1 | c5f9 d617 | 4883 c610 | 4883 c708 | eb12 8bc8 | 83e1 0f48 | 8d34 4e48 
  0x000001f12454e2cc: 8d3c 0f48 | 2bd1 eb14 | 8bd0 83e2 | 0785 d274 | 2148 8d34 | 5648 8d3c | 1748 f7da | 0fb7 0c56 
  0x000001f12454e2ec: ;   {no_reloc}
  0x000001f12454e2ec: f7c1 00ff | 0000 7508 | 880c 1748 | ffc2 75ec | 03c2 8be8 | 413b c30f | 8554 0900 | 0041 807f 
  0x000001f12454e30c: 3800 0f85 | 5408 0000 | 488b 7c24 | 2044 8b5b | 0c44 8b44 | 2448 452b | c345 8bd8 | 4c8b c745 
  0x000001f12454e32c: 8bd3 41c1 | ea1f 4488 | 5710 4c8b | d349 c1ea | 0344 8957 | 144c 8bd3 | 4d33 d049 | c1ea 154d 
  0x000001f12454e34c: 85d2 0f84 | c2f6 ffff | 49c1 e809 | 49b9 0020 | ac28 f101 | 0000 4d03 | c841 8039 | 020f 84a7 
  0x000001f12454e36c: f6ff ff4d | 8b57 404d | 8b5f 48f0 | 8344 24c0 | 0041 8039 | 000f 848f | f6ff ff45 | 8821 4d85 
  0x000001f12454e38c: d275 2349 | 8bc9 498b | d7c5 f877 | 49ba e008 | 2501 fc7f | 0000 41ff 

  0x000001f12454e3a4: ;   {other}
  0x000001f12454e3a4: d20f 1f84 | 0000 0000 | 00e9 64f6 | ffff 4f89 | 4c13 f849 | 83c2 f84d | 8957 40e9 | 52f6 ffff 
  0x000001f12454e3c4: 488b 5424 | 2844 8b44 | 2430 448b | cd48 8b6c | 2420 6690 

  0x000001f12454e3d8: ;   {static_call}
  0x000001f12454e3d8: c5f8 77e8 

  0x000001f12454e3dc: ; ImmutableOopMap {rbp=Oop }
                      ;*invokestatic copyOfRange {reexecute=0 rethrow=0 return_oop=1}
                      ; - java.lang.String::<init>@562 (line 649)
  0x000001f12454e3dc: 000a 8cff 

  0x000001f12454e3e0: ;   {other}
  0x000001f12454e3e0: 0f1f 8400 | d80e 000a | 488b d841 | 807f 3800 | 0f85 ae07 | 0000 488b | fd4c 8bc3 | 4d8b d049 
  0x000001f12454e400: c1ea 0344 | 8957 144c | 8bd7 4d8b | d84d 33da | 49c1 eb15 | 4d85 db74 | 204d 85c0 | 741b 49c1 
  0x000001f12454e420: ea09 49b8 | 0020 ac28 | f101 0000 | 4d03 c241 | 8038 020f | 85cf 0700 | 0044 8867 | 10e9 d4f5 
  0x000001f12454e440: ffff 6666 | 0f1f 8400 | 0000 0000 | 6666 6690 | c4c1 797e | ca41 8bc2 | c4c1 796e | ca03 c14c 
  0x000001f12454e460: 63c1 4f8d | 1403 c4c1 | f97e c147 | 0fbe 4c11 | 1048 63e8 | 410f b7d9 | 4585 c90f | 4cda c4c1 
  0x000001f12454e480: f97e e166 | 4389 5c41 | 10c4 c1f9 | 7ec1 470f | be4c 1111 | 410f b7d9 | 4585 c90f | 4cda c4c1 
  0x000001f12454e4a0: f97e e166 | 4389 5c41 | 12c4 c1f9 | 7ec1 470f | be4c 1112 | 410f b7d9 | 4585 c90f | 4cda c4c1 
  0x000001f12454e4c0: f97e e266 | 4389 5c42 | 14c4 c1f9 | 7ec2 450f | be4c 2a13 | 410f b7d9 | 4585 c90f 

  0x000001f12454e4dc: ;   {no_reloc}
  0x000001f12454e4dc: 4cda c4c1 | f97e e266 | 4389 5c42 | 16c4 c1f9 | 7ec2 450f | be4c 2a14 | 410f b7d9 | 4585 c90f 
  0x000001f12454e4fc: 4cda c4c1 | f97e e266 | 4389 5c42 | 18c4 c1f9 | 7ec2 450f | be4c 2a15 | 410f b7d9 | 4585 c90f 
  0x000001f12454e51c: 4cda c4c1 | f97e e266 | 4389 5c42 | 1ac4 c1f9 | 7ec2 450f | be4c 2a16 | 410f b7d9 | 4585 c90f 
  0x000001f12454e53c: 4cda c4c1 | f97e e266 | 4389 5c42 | 1cc4 c1f9 | 7ec2 450f | be4c 2a17 | 410f b7d9 | 4585 c90f 
  0x000001f12454e55c: 4cda c4c1 | f97e e266 | 4389 5c42 | 1ec4 c1f9 | 7ec2 450f | be4c 2a18 | 410f b7d9 | 4585 c90f 
  0x000001f12454e57c: 4cda c4c1 | f97e e266 | 4389 5c42 | 20c4 c1f9 | 7ec2 450f | be4c 2a19 | 410f b7d9 | 4585 c90f 
  0x000001f12454e59c: 4cda c4c1 | f97e e266 | 4389 5c42 | 22c4 c1f9 | 7ec2 450f | be4c 2a1a | 410f b7d9 | 4585 c90f 
  0x000001f12454e5bc: 4cda c4c1 | f97e e266 | 4389 5c42 | 24c4 c1f9 | 7ec2 450f | be4c 2a1b | 410f b7d9 | 4585 c90f 
  0x000001f12454e5dc: ;   {no_reloc}
  0x000001f12454e5dc: 4cda c4c1 | f97e e266 | 4389 5c42 | 26c4 c1f9 | 7ec2 450f | be4c 2a1c | 410f b7d9 | 4585 c90f 
  0x000001f12454e5fc: 4cda c4c1 | f97e e266 | 4389 5c42 | 28c4 c1f9 | 7ec2 450f | be4c 2a1d | 410f b7d9 | 4585 c90f 
  0x000001f12454e61c: 4cda c4c1 | f97e e266 | 4389 5c42 | 2ac4 c1f9 | 7ec2 450f | be4c 2a1e | 410f b7d9 | 4585 c90f 
  0x000001f12454e63c: 4cda c4c1 | f97e e266 | 4389 5c42 | 2cc4 c1f9 | 7ec2 450f | be4c 2a1f | 450f b7d1 | 4585 c944 
  0x000001f12454e65c: 0f4c d2c4 | c1f9 7ee1 | 6647 8954 | 412e 83c1 | 103b cf0f | 8cdb fdff | ff4d 8b97 | 5004 0000 
  0x000001f12454e67c: 83c0 0fff 

  0x000001f12454e680: ; ImmutableOopMap {r9=Oop xmm0=Oop xmm4=Oop [32]=Oop }
                      ;*goto {reexecute=1 rethrow=0 return_oop=0}
                      ; - (reexecute) java.lang.String::<init>@491 (line 630)
                      ;   {poll}
  0x000001f12454e680: c041 8502 | 413b ce7d | 49c4 c179 | 7ed0 c4c1 | f97e c1c4 | c179 7eca | c4e1 f97e | dbc4 e1f9 
  0x000001f12454e6a0: 7ee5 418b | fe2b f944 | 3bf1 0f4c | fe81 ff80 | 3e00 0041 | 0f47 fd03 | f9c4 c179 | 6ed0 c4c1 
  0x000001f12454e6c0: f96e c1c4 | e1f9 6edb | c4e1 f96e | e5e9 83fd | ffff c4c1 | 797e d0c4 | c1f9 7ec1 | c4e1 f97e 
  0x000001f12454e6e0: dbc4 e1f9 | 7ee5 413b | c80f 8dc0 | f8ff ff90 | 4863 f14d | 8d14 3343 | 0fbe 7c11 | 1044 0fb7 
  0x000001f12454e700: d785 ff44 | 0f4c d266 | 4489 5475 | 10ff c141 | 3bc8 7cdc | e996 f8ff | ff44 8954 | 2434 4c89 
  0x000001f12454e720: 5c24 3844 | 894c 2430 

  0x000001f12454e728: ;   {metadata({type array byte})}
  0x000001f12454e728: 48ba 685c | 1633 f101 | 0000 458b | c166 6690 

  0x000001f12454e738: ;   {runtime_call _new_array_nozero_Java}
  0x000001f12454e738: c5f8 77e8 

  0x000001f12454e73c: ; ImmutableOopMap {[32]=Oop [40]=Oop }
                      ;*newarray {reexecute=0 rethrow=0 return_oop=1}
                      ; - java.util.Arrays::copyOfRange@59 (line 3852)
                      ; - java.lang.String::<init>@66 (line 561)
  0x000001f12454e73c: a002 99ff 

  0x000001f12454e740: ;   {other}
  0x000001f12454e740: 0f1f 8400 | 3812 000c | 4c8b 4424 | 2844 8b4c | 2430 4c8b | 5c24 3848 | 8bd8 448b | 5424 34e9 
  0x000001f12454e760: 27f2 ffff | 488b 5424 | 2844 8b44 | 2430 448b | 4c24 3448 | 8b6c 2420 

  0x000001f12454e778: ;   {static_call}
  0x000001f12454e778: c5f8 77e8 

  0x000001f12454e77c: ; ImmutableOopMap {rbp=Oop }
                      ;*invokestatic copyOfRange {reexecute=0 rethrow=0 return_oop=1}
                      ; - java.lang.String::<init>@429 (line 622)
  0x000001f12454e77c: 6006 8cff 

  0x000001f12454e780: ;   {other}
  0x000001f12454e780: 0f1f 8400 | 7812 000d | 488b d841 | 807f 3800 | 0f85 b206 | 0000 488b | fd4c 8bc3 | 4d8b d049 
  0x000001f12454e7a0: c1ea 0344 | 8957 144c | 8bd7 4d8b | d84d 33da | 49c1 eb15 | 4d85 db74 | 204d 85c0 | 741b 49c1 
  0x000001f12454e7c0: ea09 49b8 | 0020 ac28 | f101 0000 | 4d03 c241 | 8038 020f | 85a9 0600 | 0044 8867 | 10e9 34f2 
  0x000001f12454e7e0: ffff 498b 

  0x000001f12454e7e4: ;   {metadata({type array byte})}
  0x000001f12454e7e4: e948 ba68 | 5c16 33f1 | 0100 0044 | 8bc7 6690 

  0x000001f12454e7f4: ;   {runtime_call _new_array_nozero_Java}
  0x000001f12454e7f4: c5f8 77e8 

  0x000001f12454e7f8: ; ImmutableOopMap {[32]=Oop [40]=Oop }
                      ;*invokevirtual clone {reexecute=1 rethrow=0 return_oop=1}
                      ; - (reexecute) java.util.Arrays::copyOfRange@11 (line 3846)
                      ; - java.lang.String::<init>@66 (line 561)
  0x000001f12454e7f8: e401 99ff 

  0x000001f12454e7fc: ;   {other}
  0x000001f12454e7fc: 0f1f 8400 | f412 000e | 4c8b 4424 | 284c 8bcd | 488b d8e9 | 84f2 ffff | 488b 5c24 | 2044 8b53 
  0x000001f12454e81c: 1445 85d2 | 0f84 8af4 | ffff 4d8b | 5f28 498b | ca48 c1e1 | 034d 85db | 0f84 1207 | 0000 4d8b 
  0x000001f12454e83c: 5730 4b89 | 4c1a f849 | 83c3 f84d | 895f 28e9 | 60f4 ffff | 4d8b 5748 | 4d8b 5f40 | f083 4424 
  0x000001f12454e85c: c000 4180 | 3800 0f84 | 80f4 ffff | 4588 204d | 85db 7523 | 498b c849 | 8bd7 c5f8 | 7749 bae0 
  0x000001f12454e87c: 0825 01fc | 7f00 0041 

  0x000001f12454e884: ;   {other}
  0x000001f12454e884: ffd2 0f1f | 8400 0000 | 0000 e955 | f4ff ff4f | 8944 1af8 | 4983 c3f8 | 4d89 5f40 | e943 f4ff 
  0x000001f12454e8a4: ff4c 8b44 | 2428 eb05 | 4c8b 4424 | 28ba ceff | ffff 488b | 6c24 204c | 8944 2430 | 4489 4c24 
  0x000001f12454e8c4: 3889 7424 | 3c66 6690 

  0x000001f12454e8cc: ;   {runtime_call UncommonTrapBlob}
  0x000001f12454e8cc: c5f8 77e8 

  0x000001f12454e8d0: ; ImmutableOopMap {rbp=Oop [48]=Oop }
                      ;*invokestatic countPositives {reexecute=0 rethrow=0 return_oop=0}
                      ; - java.lang.String::<init>@47 (line 559)
  0x000001f12454e8d0: 8c5a 8cff 

  0x000001f12454e8d4: ;   {other}
  0x000001f12454e8d4: 0f1f 8400 | cc13 000f | 4983 c3fe | 498b cb48 | 8bfa 4833 | c048 83f9 | 087f 1048 | ffc9 784f 
  0x000001f12454e8f4: 4889 04cf | 48ff c97d | f7eb 44c5 | fdef c0e9 | 0d00 0000 | c5fe 7f07 | c5fe 7f47 | 2048 83c7 
  0x000001f12454e914: 4048 83e9 | 087d ed48 | 83c1 047c | 0cc5 fe7f | 0748 83c7 | 2048 83e9 | 0448 83c1 | 047e 1048 
  0x000001f12454e934: ffc9 c5f9 | d607 4883 | c708 48ff | c97d f3e9 | 82f0 ffff | bacc ffff | ff48 8b6c | 2420 4489 
  0x000001f12454e954: 5424 3044 | 894c 2438 

  0x000001f12454e95c: ;   {runtime_call UncommonTrapBlob}
  0x000001f12454e95c: c5f8 77e8 

  0x000001f12454e960: ; ImmutableOopMap {rbp=Oop [40]=Oop }
                      ;*newarray {reexecute=1 rethrow=0 return_oop=0}
                      ; - (reexecute) java.util.Arrays::copyOfRange@59 (line 3852)
                      ; - java.lang.String::<init>@66 (line 561)
  0x000001f12454e960: fc59 8cff 

  0x000001f12454e964: ;   {other}
  0x000001f12454e964: 0f1f 8400 | 5c14 0010 | 488b fd44 | 8b57 1445 | 85d2 0f84 | b5f4 ffff | 4d8b 5f28 | 498b ca48 
  0x000001f12454e984: c1e1 034d | 85db 0f84 | 3c06 0000 | 4d8b 5730 | 4b89 4c1a | f849 83c3 | f84d 895f | 28e9 8bf4 
  0x000001f12454e9a4: ffff 4d8b | 5748 4d8b | 5f40 f083 | 4424 c000 | 4180 3800 | 0f84 b3f4 | ffff 4588 | 204d 85db 
  0x000001f12454e9c4: 7523 498b | c849 8bd7 | c5f8 7749 | bae0 0825 | 01fc 7f00 | 0041 ffd2 

  0x000001f12454e9dc: ;   {other}
  0x000001f12454e9dc: 0f1f 8400 | 0000 0000 | e988 f4ff | ff4f 8944 | 1af8 4983 | c3f8 4d89 | 5f40 e976 | f4ff ff48 
  0x000001f12454e9fc: 8bda 448b | 5a14 4585 | db0f 847d | f4ff ff4d | 8b57 2849 | 8bcb 48c1 | e103 4d85 | d20f 84cd 
  0x000001f12454ea1c: 0500 004d | 8b5f 304b | 894c 13f8 | 4983 c2f8 | 4d89 5728 | e953 f4ff | ff4d 8b57 | 404d 8b5f 
  0x000001f12454ea3c: 48f0 8344 | 24c0 0041 | 8038 000f | 8476 f4ff | ff45 8820 | 4d85 d275 | 2349 8bc8 | 498b d7c5 
  0x000001f12454ea5c: f877 49ba | e008 2501 | fc7f 0000 

  0x000001f12454ea68: ;   {other}
  0x000001f12454ea68: 41ff d20f | 1f84 0000 | 0000 00e9 | 4bf4 ffff | 4f89 4413 | f849 83c2 | f84d 8957 | 40e9 39f4 
  0x000001f12454ea88: ffff ba45 | ffff ff48 | 8b6c 2420 | 4c89 4424 | 2044 894c | 2428 8944 | 2434 4489 | 5424 3890 
  0x000001f12454eaa8: ;   {runtime_call UncommonTrapBlob}
  0x000001f12454eaa8: c5f8 77e8 

  0x000001f12454eaac: ; ImmutableOopMap {rbp=Oop [32]=Oop }
                      ;*if_icmpne {reexecute=1 rethrow=0 return_oop=0}
                      ; - (reexecute) java.lang.String::<init>@56 (line 560)
  0x000001f12454eaac: b058 8cff 

  0x000001f12454eab0: ;   {other}
  0x000001f12454eab0: 0f1f 8400 | a815 0011 | 498b d7c5 | f877 49ba | 0009 2501 | fc7f 0000 

  0x000001f12454eac8: ;   {other}
  0x000001f12454eac8: 41ff d20f | 1f84 0000 | 0000 00e9 | 02ef ffff | 488b 7c24 | 2044 8b57 | 1445 85d2 | 0f84 d5f4 
  0x000001f12454eae8: ffff 4d8b | 5f28 498b | ca48 c1e1 | 034d 85db | 0f84 5105 | 0000 4d8b | 5730 4b89 | 4c1a f849 
  0x000001f12454eb08: 83c3 f84d | 895f 28e9 | abf4 ffff | 4d8b 5740 | 4d8b 5f48 | f083 4424 | c000 803b | 000f 84c6 
  0x000001f12454eb28: f4ff ff44 | 8823 4d85 | d275 2348 | 8bcb 498b | d7c5 f877 | 49ba e008 | 2501 fc7f | 0000 41ff 
  0x000001f12454eb48: ;   {other}
  0x000001f12454eb48: d20f 1f84 | 0000 0000 | 00e9 9bf4 | ffff 4b89 | 5c13 f849 | 83c2 f84d | 8957 40e9 | 89f4 ffff 
  0x000001f12454eb68: 488b 7c24 | 2044 8b57 | 1445 85d2 | 0f84 9ff7 | ffff 4d8b | 5f28 498b | ca48 c1e1 | 034d 85db 
  0x000001f12454eb88: 0f84 e104 | 0000 4d8b | 5730 4b89 | 4c1a f849 | 83c3 f84d | 895f 28e9 | 75f7 ffff | 488b fd44 
  0x000001f12454eba8: 8b5f 1445 | 85db 0f84 | 45f8 ffff | 4d8b 5728 | 498b cb48 | c1e1 034d | 85d2 0f84 | c704 0000 
  0x000001f12454ebc8: 4d8b 5f30 | 4b89 4c13 | f849 83c2 | f84d 8957 | 28e9 1bf8 | ffff ba45 | ffff ff48 | 8b6c 2420 
  0x000001f12454ebe8: 4489 5424 | 2844 895c | 242c 894c | 2430 6690 

  0x000001f12454ebf8: ;   {runtime_call UncommonTrapBlob}
  0x000001f12454ebf8: c5f8 77e8 

  0x000001f12454ebfc: ; ImmutableOopMap {rbp=Oop }
                      ;*ifge {reexecute=1 rethrow=0 return_oop=0}
                      ; - (reexecute) java.util.Arrays::copyOfRange@23 (line 3849)
                      ; - java.lang.String::<init>@66 (line 561)
  0x000001f12454ebfc: 6057 8cff 

  0x000001f12454ec00: ;   {other}
  0x000001f12454ec00: 0f1f 8400 | f816 0012 | 4d8b 5748 | 4d8b 5f40 | f083 4424 | c000 4180 | 3800 0f84 | 19f8 ffff 
  0x000001f12454ec20: 4588 204d | 85db 7523 | 498b c849 | 8bd7 c5f8 | 7749 bae0 | 0825 01fc | 7f00 0041 

  0x000001f12454ec3c: ;   {other}
  0x000001f12454ec3c: ffd2 0f1f | 8400 0000 | 0000 e9ee | f7ff ff4f | 8944 1af8 | 4983 c3f8 | 4d89 5f40 | e9dc f7ff 
  0x000001f12454ec5c: ff41 81fb | ffff ff3f | 0f87 a604 | 0000 41d1 | e344 895c | 2444 4181 | fb00 0010 | 000f 8730 
  0x000001f12454ec7c: 0400 004d | 8baf b801 | 0000 4d63 | d349 83c2 | 1749 83e2 | f84d 8bc5 | 4d03 c24d | 3b87 c801 
  0x000001f12454ec9c: 0000 0f83 | 0b04 0000 | 4d89 87b8 | 0100 0041 | 0f0d 88c0 | 0000 0049 | c745 0001 | 0000 0041 
  0x000001f12454ecbc: 0f0d 8800 

  0x000001f12454ecc0: ;   {metadata({type array byte})}
  0x000001f12454ecc0: 0100 0041 | c745 0868 | 5c16 0044 | 8b5c 2444 | 4589 5d0c | 410f 0d88 | 4001 0000 | 410f 0d88 
  0x000001f12454ece0: 8001 0000 | 4889 5c24 | 6049 8bdd | 4883 c310 | 448b 5424 | 484d 63c2 | 488b 4c24 | 5848 8bd3 
  0x000001f12454ed00: c5f8 7749 | ba40 57df | 23f1 0100 | 0041 ffd2 

  0x000001f12454ed10: ;   {other}
  0x000001f12454ed10: 0f1f 8400 | 0000 0000 | 450f b754 | 6d10 4181 | faff 0000 | 000f 8fe8 | 0000 0044 | 8b54 2444 
  0x000001f12454ed30: 4585 d20f | 8cf7 0300 | 0048 8bf3 | 488b 7c24 | 508b 5424 | 488b c2f7 | c2f8 ffff | ff0f 8487 
  0x000001f12454ed50: 0000 00b9 | 00ff 00ff | c5f9 6ec9 | c5f9 70c9 | 0083 e2f0 | 7438 c5f9 | efc0 488d | 3456 488d 
  0x000001f12454ed70: 3c17 48f7 | dac5 fa6f | 1456 c5f9 | ebc2 c5fa | 6f5c 5610 | c5f9 ebc3 | c4e2 7917 | c175 34c5 
  0x000001f12454ed90: e967 d3c5 | fa7f 1417 | 4883 c210 | 75d7 a808 | 7433 c5e1 | efdb c5fa | 6f16 c4e2 | 7917 d175 
  0x000001f12454edb0: 12c5 e967 | d3c5 f9d6 | 1748 83c6 | 1048 83c7 | 08eb 128b | c883 e10f | 488d 344e | 488d 3c0f 
  0x000001f12454edd0: 482b d1eb | 148b d083 | e207 85d2 | 7421 488d | 3456 488d | 3c17 48f7 | da0f b70c | 56f7 c100 
  0x000001f12454edf0: ff00 0075 | 0888 0c17 | 48ff c275 | ec03 c244 | 8b54 2448 | 413b c275 | 0a48 8b5c 

  0x000001f12454ee0c: ;   {no_reloc}
  0x000001f12454ee0c: 2460 e9f6 | f4ff ff49 | 8bdd e9ee 

  0x000001f12454ee18: ;   {metadata({type array byte})}
  0x000001f12454ee18: f4ff ff48 | ba68 5c16 | 33f1 0100 | 0044 8b44 | 2434 488b | 6c24 2090 

  0x000001f12454ee30: ;   {runtime_call _new_array_Java}
  0x000001f12454ee30: c5f8 77e8 

  0x000001f12454ee34: ; ImmutableOopMap {rbp=Oop [32]=Oop [40]=Oop [64]=Oop }
                      ;*newarray {reexecute=0 rethrow=0 return_oop=1}
                      ; - java.lang.String::<init>@609 (line 660)
  0x000001f12454ee34: 2822 99ff 

  0x000001f12454ee38: ;   {other}
  0x000001f12454ee38: 0f1f 8400 | 3019 0013 | 4c8b c0e9 | 2cee ffff | 488b fd44 | 8b5f 1445 | 85db 0f84 | 41f9 ffff 
  0x000001f12454ee58: 4d8b 5728 | 498b cb48 | c1e1 034d | 85d2 0f84 | 8402 0000 | 4d8b 5f30 | 4b89 4c13 | f849 83c2 
  0x000001f12454ee78: f84d 8957 | 28e9 17f9 | ffff 4d8b | 5748 4d8b | 5f40 f083 | 4424 c000 | 4180 3800 | 0f84 3ff9 
  0x000001f12454ee98: ffff 4588 | 204d 85db | 7523 498b | c849 8bd7 | c5f8 7749 | bae0 0825 | 01fc 7f00 | 0041 ffd2 
  0x000001f12454eeb8: ;   {other}
  0x000001f12454eeb8: 0f1f 8400 | 0000 0000 | e914 f9ff | ff4f 8944 | 1af8 4983 | c3f8 4d89 | 5f40 e902 

  0x000001f12454eed4: ;   {metadata({type array char})}
  0x000001f12454eed4: f9ff ff48 | ba80 5616 | 33f1 0100 | 0044 8b44 | 2438 6690 

  0x000001f12454eee8: ;   {runtime_call _new_array_Java}
  0x000001f12454eee8: c5f8 77e8 

  0x000001f12454eeec: ; ImmutableOopMap {rbp=Oop [32]=Oop [40]=Oop [64]=Oop }
                      ;*newarray {reexecute=0 rethrow=0 return_oop=1}
                      ; - java.lang.String::<init>@668 (line 670)
  0x000001f12454eeec: 7021 99ff 

  0x000001f12454eef0: ;   {other}
  0x000001f12454eef0: 0f1f 8400 | e819 0014 | 4c8b d8e9 | 68f2 ffff 

  0x000001f12454ef00: ;   {metadata({type array byte})}
  0x000001f12454ef00: 48ba 685c | 1633 f101 | 0000 448b | c066 6690 

  0x000001f12454ef10: ;   {runtime_call _new_array_nozero_Java}
  0x000001f12454ef10: c5f8 77e8 

  0x000001f12454ef14: ; ImmutableOopMap {rbp=Oop [32]=Oop [56]=Oop }
                      ;*newarray {reexecute=0 rethrow=0 return_oop=1}
                      ; - java.lang.StringUTF16::compress@1 (line 214)
                      ; - java.lang.String::<init>@698 (line 673)
  0x000001f12454ef14: c8fa 98ff 

  0x000001f12454ef18: ;   {other}
  0x000001f12454ef18: 0f1f 8400 | 101a 0015 | 488b d8e9 | dff2 ffff | bade ffff | ff48 8b6c | 2420 8974 | 2434 4c89 
  0x000001f12454ef38: 4424 3890 

  0x000001f12454ef3c: ;   {runtime_call UncommonTrapBlob}
  0x000001f12454ef3c: c5f8 77e8 

  0x000001f12454ef40: ; ImmutableOopMap {rbp=Oop [40]=Oop [56]=Oop }
                      ;*invokevirtual newDecoder {reexecute=0 rethrow=0 return_oop=0}
                      ; - java.lang.String::<init>@509 (line 643)
  0x000001f12454ef40: 1c54 8cff 

  0x000001f12454ef44: ;   {other}
  0x000001f12454ef44: 0f1f 8400 | 3c1a 0016 | 498b d7c5 | f877 49ba | 0009 2501 | fc7f 0000 

  0x000001f12454ef5c: ;   {other}
  0x000001f12454ef5c: 41ff d20f | 1f84 0000 | 0000 00e9 | 44ed ffff | baf6 ffff | ff4c 8b54 | 2428 4c89 | 5424 2044 
  0x000001f12454ef7c: 8b5c 2430 | 4489 5c24 | 2844 8b54 | 2434 4489 | 5424 2c90 

  0x000001f12454ef90: ;   {runtime_call UncommonTrapBlob}
  0x000001f12454ef90: c5f8 77e8 

  0x000001f12454ef94: ; ImmutableOopMap {rbp=Oop [32]=Oop [64]=Oop }
                      ;*invokevirtual onUnmappableCharacter {reexecute=0 rethrow=0 return_oop=0}
                      ; - java.lang.String::<init>@662 (line 669)
  0x000001f12454ef94: c853 8cff 

  0x000001f12454ef98: ;   {other}
  0x000001f12454ef98: 0f1f 8400 | 901a 0017 | bace ffff | ff48 8944 | 24f8 8b44 | 2428 8944 | 2420 488b | 4424 f848 
  0x000001f12454efb8: 895c 2440 

  0x000001f12454efbc: ;   {runtime_call UncommonTrapBlob}
  0x000001f12454efbc: c5f8 77e8 

  0x000001f12454efc0: ; ImmutableOopMap {rbp=Oop [56]=Oop [64]=Oop }
                      ;*invokestatic compress {reexecute=0 rethrow=0 return_oop=0}
                      ; - java.lang.StringUTF16::compress@9 (line 215)
                      ; - java.lang.String::<init>@698 (line 673)
  0x000001f12454efc0: 9c53 8cff 

  0x000001f12454efc4: ;   {other}
  0x000001f12454efc4: 0f1f 8400 | bc1a 0018 | 498b d7c5 | f877 49ba | 0009 2501 | fc7f 0000 

  0x000001f12454efdc: ;   {other}
  0x000001f12454efdc: 41ff d20f | 1f84 0000 | 0000 00e9 | 45ee ffff | 498b d7c5 | f877 49ba | 0009 2501 | fc7f 0000 
  0x000001f12454effc: ;   {other}
  0x000001f12454effc: 41ff d20f | 1f84 0000 | 0000 00e9 | 7cee ffff | 448b 5424 | 30ba 76ff | ffff 488b | 6c24 204c 
  0x000001f12454f01c: 894c 2420 | 4489 5424 | 2848 8944 | 2430 4489 | 4424 3890 

  0x000001f12454f030: ;   {runtime_call UncommonTrapBlob}
  0x000001f12454f030: c5f8 77e8 

  0x000001f12454f034: ; ImmutableOopMap {rbp=Oop [32]=Oop [48]=Oop }
                      ;*if_icmpge {reexecute=1 rethrow=0 return_oop=0}
                      ; - (reexecute) java.lang.String::<init>@457 (line 627)
  0x000001f12454f034: 2853 8cff 

  0x000001f12454f038: ;   {other}
  0x000001f12454f038: 0f1f 8400 | 301b 0019 | 48bb 0020 | ac28 f101 | 0000 e997 | f6ff ff49 | 8bd7 c5f8 | 7749 ba00 
  0x000001f12454f058: 0925 01fc | 7f00 0041 

  0x000001f12454f060: ;   {other}
  0x000001f12454f060: ffd2 0f1f | 8400 0000 | 0000 e950 | efff ff49 | 8bd7 c5f8 | 7749 ba00 | 0925 01fc | 7f00 0041 
  0x000001f12454f080: ;   {other}
  0x000001f12454f080: ffd2 0f1f | 8400 0000 | 0000 e98a | f2ff ff49 | 8bd7 c5f8 | 7749 ba00 | 0925 01fc | 7f00 0041 
  0x000001f12454f0a0: ;   {other}
  0x000001f12454f0a0: ffd2 0f1f | 8400 0000 | 0000 e94a 

  0x000001f12454f0ac: ;   {metadata({type array byte})}
  0x000001f12454f0ac: f3ff ff48 | ba68 5c16 | 33f1 0100 | 0044 8b44 | 2444 4889 | 4424 f88b | 4424 4889 | 4424 2c48 
  0x000001f12454f0cc: 8b44 24f8 | 4889 5c24 | 6066 6690 

  0x000001f12454f0d8: ;   {runtime_call _new_array_nozero_Java}
  0x000001f12454f0d8: c5f8 77e8 

  0x000001f12454f0dc: ; ImmutableOopMap {[32]=Oop [56]=Oop [88]=Derived_oop_[56] [96]=Oop [80]=Derived_oop_[96] }
                      ;*invokestatic toBytes {reexecute=1 rethrow=0 return_oop=1}
                      ; - (reexecute) java.lang.StringUTF16::compress@23 (line 218)
                      ; - java.lang.String::<init>@698 (line 673)
  0x000001f12454f0dc: 00f9 98ff 

  0x000001f12454f0e0: ;   {other}
  0x000001f12454f0e0: 0f1f 8400 | d81b 001a | 4c8b e8e9 | f9fb ffff | 498b d7c5 | f877 49ba | 0009 2501 | fc7f 0000 
  0x000001f12454f100: ;   {other}
  0x000001f12454f100: 41ff d20f | 1f84 0000 | 0000 00e9 | 89f6 ffff | bace ffff | ff48 895c | 2430 4489 | 5c24 4090 
  0x000001f12454f120: ;   {runtime_call UncommonTrapBlob}
  0x000001f12454f120: c5f8 77e8 

  0x000001f12454f124: ; ImmutableOopMap {[32]=Oop [48]=Oop [56]=Oop }
                      ;*invokestatic toBytes {reexecute=1 rethrow=0 return_oop=0}
                      ; - (reexecute) java.lang.StringUTF16::compress@23 (line 218)
                      ; - java.lang.String::<init>@698 (line 673)
  0x000001f12454f124: 3852 8cff 

  0x000001f12454f128: ;   {other}
  0x000001f12454f128: 0f1f 8400 | 201c 001b | bace ffff | ff48 8b6c | 2420 4889 | 4424 f88b | 4424 2889 | 4424 2048 
  0x000001f12454f148: 8b44 24f8 | 4c89 6c24 | 3866 6690 

  0x000001f12454f154: ;   {runtime_call UncommonTrapBlob}
  0x000001f12454f154: c5f8 77e8 

  0x000001f12454f158: ; ImmutableOopMap {rbp=Oop [56]=Oop [96]=Oop }
                      ;*invokestatic compress {reexecute=0 rethrow=0 return_oop=0}
                      ; - java.lang.StringUTF16::compress@47 (line 222)
                      ; - java.lang.String::<init>@698 (line 673)
  0x000001f12454f158: 0452 8cff 

  0x000001f12454f15c: ;   {other}
  0x000001f12454f15c: 0f1f 8400 | 541c 001c | bade ffff | ff48 8b6c | 2420 4c8b | 5424 384c | 8954 2420 | 4889 4424 
  0x000001f12454f17c: 4066 6690 

  0x000001f12454f180: ;   {runtime_call UncommonTrapBlob}
  0x000001f12454f180: c5f8 77e8 

  0x000001f12454f184: ; ImmutableOopMap {rbp=Oop [32]=Oop [40]=Oop [64]=Oop }
                      ;*instanceof {reexecute=0 rethrow=0 return_oop=0}
                      ; - java.lang.String::<init>@516 (line 645)
  0x000001f12454f184: d851 8cff 

  0x000001f12454f188: ;   {other}
  0x000001f12454f188: 0f1f 8400 | 801c 001d | baf6 ffff | ff48 8b6c | 2420 4c8b | 5c24 284c | 895c 2420 | 8974 242c 
  0x000001f12454f1a8: ;   {runtime_call UncommonTrapBlob}
  0x000001f12454f1a8: c5f8 77e8 

  0x000001f12454f1ac: ; ImmutableOopMap {rbp=Oop [32]=Oop }
                      ;*invokevirtual newDecoder {reexecute=0 rethrow=0 return_oop=0}
                      ; - java.lang.String::<init>@509 (line 643)
  0x000001f12454f1ac: b051 8cff 

  0x000001f12454f1b0: ;   {other}
  0x000001f12454f1b0: 0f1f 8400 | a81c 001e | baf4 ffff | ff48 8b6c | 2420 6690 

  0x000001f12454f1c4: ;   {runtime_call UncommonTrapBlob}
  0x000001f12454f1c4: c5f8 77e8 

  0x000001f12454f1c8: ; ImmutableOopMap {rbp=Oop [40]=Oop [56]=Oop }
                      ;*instanceof {reexecute=0 rethrow=0 return_oop=0}
                      ; - java.lang.String::<init>@516 (line 645)
  0x000001f12454f1c8: 9451 8cff 

  0x000001f12454f1cc: ;   {other}
  0x000001f12454f1cc: 0f1f 8400 | c41c 001f | ba97 ffff | ff48 8b6c | 2420 6690 

  0x000001f12454f1e0: ;   {runtime_call UncommonTrapBlob}
  0x000001f12454f1e0: c5f8 77e8 

  0x000001f12454f1e4: ; ImmutableOopMap {rbp=Oop [40]=Oop }
                      ;*invokevirtual clone {reexecute=1 rethrow=0 return_oop=0}
                      ; - (reexecute) java.util.Arrays::copyOfRange@11 (line 3846)
                      ; - java.lang.String::<init>@66 (line 561)
  0x000001f12454f1e4: 7851 8cff 

  0x000001f12454f1e8: ;   {other}
  0x000001f12454f1e8: 0f1f 8400 | e01c 0020 | eb05 488b | d0eb 4948 | 8bd0 eb44 | 488b d0eb | 3f48 8bd0 | eb3a 488b 
  0x000001f12454f208: d0eb 3548 | 8bd0 eb30 | 488b d0eb | 2b48 8bd0 | eb26 488b | d0eb 2148 | 8bd0 eb1c | 488b d0eb 
  0x000001f12454f228: 1748 8bd0 | eb12 488b | d0eb 0d48 | 8bd0 eb08 | 488b d0eb | 0348 8bd0 | c5f8 7748 | 81c4 8000 
  0x000001f12454f248: ;   {runtime_call _rethrow_Java}
  0x000001f12454f248: 0000 5de9 | 106c 99ff 

  0x000001f12454f250: ;   {internal_word}
  0x000001f12454f250: 49ba 21da | 5424 f101 | 0000 4d89 | 9760 0400 

  0x000001f12454f260: ;   {runtime_call SafepointBlob}
  0x000001f12454f260: 00e9 7a61 

  0x000001f12454f264: ;   {runtime_call StubRoutines (final stubs)}
  0x000001f12454f264: 8cff e8d5 | 848a ffe9 | 1ee5 ffff 
[Stub Code]
  0x000001f12454f270: ;   {no_reloc}
  0x000001f12454f270: 48bb 0000 | 0000 0000 

  0x000001f12454f278: ;   {runtime_call nmethod}
  0x000001f12454f278: 0000 e9fb 

  0x000001f12454f27c: ;   {static_stub}
  0x000001f12454f27c: ffff ff48 | bb00 0000 | 0000 0000 

  0x000001f12454f288: ;   {runtime_call nmethod}
  0x000001f12454f288: 00e9 fbff 

  0x000001f12454f28c: ;   {static_stub}
  0x000001f12454f28c: ffff 48bb | 0000 0000 | 0000 0000 

  0x000001f12454f298: ;   {runtime_call nmethod}
  0x000001f12454f298: e9fb ffff 

  0x000001f12454f29c: ;   {static_stub}
  0x000001f12454f29c: ff48 bb00 | 0000 0000 

  0x000001f12454f2a4: ;   {runtime_call nmethod}
  0x000001f12454f2a4: 0000 00e9 | fbff ffff 

  0x000001f12454f2ac: ;   {static_stub}
  0x000001f12454f2ac: 48bb 0000 | 0000 0000 

  0x000001f12454f2b4: ;   {runtime_call nmethod}
  0x000001f12454f2b4: 0000 e9fb 

  0x000001f12454f2b8: ;   {static_stub}
  0x000001f12454f2b8: ffff ff48 | bb00 0000 | 0000 0000 

  0x000001f12454f2c4: ;   {runtime_call nmethod}
  0x000001f12454f2c4: 00e9 fbff 

  0x000001f12454f2c8: ;   {static_stub}
  0x000001f12454f2c8: ffff 48bb | 0000 0000 | 0000 0000 

  0x000001f12454f2d4: ;   {runtime_call nmethod}
  0x000001f12454f2d4: e9fb ffff 

  0x000001f12454f2d8: ;   {static_stub}
  0x000001f12454f2d8: ff48 bb00 | 0000 0000 

  0x000001f12454f2e0: ;   {runtime_call nmethod}
  0x000001f12454f2e0: 0000 00e9 | fbff ffff 

  0x000001f12454f2e8: ;   {static_stub}
  0x000001f12454f2e8: 48bb 0000 | 0000 0000 

  0x000001f12454f2f0: ;   {runtime_call nmethod}
  0x000001f12454f2f0: 0000 e9fb 

  0x000001f12454f2f4: ;   {runtime_call ExceptionBlob}
  0x000001f12454f2f4: ffff ffe9 | 64e5 98ff 
[Deopt Handler Code]
  0x000001f12454f2fc: e800 0000 | 0048 832c 

  0x000001f12454f304: ;   {runtime_call DeoptimizationBlob}
  0x000001f12454f304: 2405 e975 | 538c fff4 | f4f4 f4f4 
[/MachCode]


Compiled method (c2) 626669 5160       4       org.sqlite.core.NativeDB::utf8ByteBufferToString (31 bytes)
 total in heap  [0x000001f124558a08,0x000001f1245591d8] = 2000
 relocation     [0x000001f124558ae0,0x000001f124558b40] = 96
 main code      [0x000001f124558b40,0x000001f124559058] = 1304
 stub code      [0x000001f124559058,0x000001f124559080] = 40
 oops           [0x000001f124559080,0x000001f124559090] = 16
 metadata       [0x000001f124559090,0x000001f1245591d8] = 328
 immutable data [0x000001f178dfe190,0x000001f178dfe580] = 1008
 dependencies   [0x000001f178dfe190,0x000001f178dfe1f0] = 96
 handler table  [0x000001f178dfe1f0,0x000001f178dfe238] = 72
 scopes pcs     [0x000001f178dfe238,0x000001f178dfe308] = 208
 scopes data    [0x000001f178dfe308,0x000001f178dfe580] = 632

[Constant Pool (empty)]

[MachCode]
[Verified Entry Point]
  # {method} {0x000001f174c97c08} 'utf8ByteBufferToString' '(Ljava/nio/ByteBuffer;)Ljava/lang/String;' in 'org/sqlite/core/NativeDB'
  # parm0:    rdx:rdx   = 'java/nio/ByteBuffer'
  #           [sp+0x80]  (sp of caller)
  0x000001f124558b40: 8984 2400 | 80ff ff55 | 4883 ec70 | 4181 7f20 | 2700 0000 | 0f85 f304 | 0000 4889 | 5424 2848 
  0x000001f124558b60: 85d2 0f84 | 3c03 0000 | 448b 5a1c | 442b 5a18 | 4585 db0f | 8e23 0300 | 0041 81fb | 0000 1000 
  0x000001f124558b80: 0f87 3203 | 0000 498b | b7b8 0100 | 0045 8bd3 | 4963 ca48 | 83c1 174c | 8bd1 4983 | e2f8 4c8b 
  0x000001f124558ba0: c64d 03c2 | 4d3b 87c8 | 0100 000f | 8307 0300 | 004d 8987 | b801 0000 | 410f 0d88 | c000 0000 
  0x000001f124558bc0: 48c7 0601 | 0000 0041 | 0f0d 8800 

  0x000001f124558bcc: ;   {metadata({type array byte})}
  0x000001f124558bcc: 0100 00c7 | 4608 685c | 1600 4489 | 5e0c 410f | 0d88 4001 | 0000 488b | fe48 83c7 | 1041 0f0d 
  0x000001f124558bec: 8880 0100 | 0048 c1e9 | 0348 83c1 | fe48 33c0 | 4883 f908 | 7f10 48ff | c978 4f48 | 8904 cf48 
  0x000001f124558c0c: ffc9 7df7 | eb44 c5fd | efc0 e90d | 0000 00c5 | fe7f 07c5 | fe7f 4720 | 4883 c740 | 4883 e908 
  0x000001f124558c2c: 7ded 4883 | c104 7c0c | c5fe 7f07 | 4883 c720 | 4883 e904 | 4883 c104 | 7e10 48ff | c9c5 f9d6 
  0x000001f124558c4c: 0748 83c7 | 0848 ffc9 | 7df3 4489 | 5c24 204c | 8b54 2428 | 458b 5208 | 448b 4424 | 2044 8944 
  0x000001f124558c6c: ;   {metadata('java/nio/DirectByteBuffer')}
  0x000001f124558c6c: 2440 4181 | fa38 3c2b | 000f 858f | 0200 004c | 8b54 2428 | 4d8b ea41 | 8b7a 1c41 | 8b5a 188b 
  0x000001f124558c8c: ef2b eb44 | 3bc5 0f8f | 9402 0000 | 488b d648 | 83c2 104d | 8b5d 1045 | 8b55 244d | 63c8 498b 
  0x000001f124558cac: cb48 63eb | 4803 cd41 | 83f8 067f | 6e45 85c0 | 0f8e 9e00 | 0000 4585 | d20f 85c5 | 0200 0085 
  0x000001f124558ccc: ff0f 8cbd | 0200 0044 | 8bdf 413b | db0f 83b1 | 0200 004d | 8d54 29ff | 4d63 db4d | 3bd3 0f83 
  0x000001f124558cec: a002 0000 | 4585 c00f | 8497 0200 | 0045 8d50 | ff45 3bd0 | 0f83 8a02 | 0000 440f | be19 4488 
  0x000001f124558d0c: 1a41 b901 | 0000 0041 | 83fa 010f | 8e52 0100 | 00ba d007 | 0000 e927 | 0100 0045 | 85d2 0f85 
  0x000001f124558d2c: 8002 0000 | 4585 c00f | 84af 0200 | 0041 c687 | 7004 0000 | 014d 8bc1 | 49ba 606f | df23 f101 
  0x000001f124558d4c: 0000 41ff 

  0x000001f124558d50: ;   {other}
  0x000001f124558d50: d20f 1f84 | 0000 0000 | 0045 88a7 | 7004 0000 | 8b6c 2440 | 03eb 3bef | 0f8f d601 | 0000 85ed 
  0x000001f124558d70: 0f8c f601 | 0000 458b | 5d0c 443b | dd0f 8f28 | 0100 0041 | 896d 1849 | 8b87 b801 | 0000 4c8b 
  0x000001f124558d90: d049 83c2 | 184d 3b97 | c801 0000 | 0f83 4201 | 0000 4d89 | 97b8 0100 | 0041 0f0d | 8ac0 0000 
  0x000001f124558db0: 0048 c700 | 0100 0000 

  0x000001f124558db8: ;   {metadata('java/lang/String')}
  0x000001f124558db8: c740 0828 | 0d17 0044 | 8960 0c4c | 8960 1048 

  0x000001f124558dc8: ;   {oop(a 'sun/nio/cs/UTF_8'{0x0000000745e73c70})}
  0x000001f124558dc8: 8be8 49b8 | 703c e745 | 0700 0000 | 488b d54c | 8bce 33ff | 8b74 2440 

  0x000001f124558de0: ;   {optimized virtual_call}
  0x000001f124558de0: 6666 90e8 

  0x000001f124558de4: ; ImmutableOopMap {rbp=Oop }
                      ;*invokespecial <init> {reexecute=0 rethrow=0 return_oop=0}
                      ; - java.lang.String::<init>@12 (line 1490)
                      ; - org.sqlite.core.NativeDB::utf8ByteBufferToString@27 (line 516)
  0x000001f124558de4: 8849 ffff 

  0x000001f124558de8: ;   {other}
  0x000001f124558de8: 0f1f 8400 | e003 0000 | 488b c548 | 83c4 705d 

  0x000001f124558df8: ;   {poll_return}
  0x000001f124558df8: 493b a748 | 0400 000f | 8732 0200 | 00c3 6666 | 0f1f 8400 | 0000 0000 | 458b cb49 | 63c1 4c8b 
  0x000001f124558e18: d94c 03d8 | 450f be43 | 0145 0fbe | 1b44 885c | 0610 4488 | 4406 1145 | 8d59 0244 | 3bdd 7cd8 
  0x000001f124558e38: 498b 8750 | 0400 0045 

  0x000001f124558e40: ; ImmutableOopMap {rsi=Oop r13=Oop }
                      ;*goto {reexecute=1 rethrow=0 return_oop=0}
                      ; - (reexecute) java.nio.ByteBuffer::getArray@116 (line 976)
                      ; - java.nio.ByteBuffer::get@39 (line 834)
                      ; - java.nio.ByteBuffer::get@5 (line 861)
                      ; - org.sqlite.core.NativeDB::utf8ByteBufferToString@15 (line 515)
  0x000001f124558e40: 8d44 1902 

  0x000001f124558e44: ;   {poll}
  0x000001f124558e44: 8500 453b | da7d 2a45 | 8bcb 8b6c | 2440 412b | e9ff cd45 | 33c0 453b | d141 0f4c | e881 fdd0 
  0x000001f124558e64: 0700 000f | 47ea 4103 | e9eb a441 | bb01 0000 | 0044 3b5c | 2440 0f8d | e0fe ffff | 4d63 d346 
  0x000001f124558e84: 0fbe 0411 | 4688 4416 | 1041 ffc3 | 443b 5c24 | 407c e9e9 | c4fe ffff | 4533 dbe9 | d5fc ffff 
  0x000001f124558ea4: 33c0 e948 | ffff ff41 | c745 0cff | ffff ffe9 | cbfe ffff 

  0x000001f124558eb8: ;   {metadata({type array byte})}
  0x000001f124558eb8: 48ba 685c | 1633 f101 | 0000 458b | c344 895c | 2420 488b 

  0x000001f124558ecc: ;   {runtime_call _new_array_Java}
  0x000001f124558ecc: 6c24 28e8 

  0x000001f124558ed0: ; ImmutableOopMap {rbp=Oop [40]=Oop }
                      ;*newarray {reexecute=0 rethrow=0 return_oop=1}
                      ; - org.sqlite.core.NativeDB::utf8ByteBufferToString@10 (line 514)
  0x000001f124558ed0: 8c81 98ff 

  0x000001f124558ed4: ;   {other}
  0x000001f124558ed4: 0f1f 8400 | cc04 0002 | 488b f0e9 | 77fd ffff 

  0x000001f124558ee4: ;   {metadata('java/lang/String')}
  0x000001f124558ee4: 48ba 280d | 1733 f101 | 0000 4889 

  0x000001f124558ef0: ;   {runtime_call _new_instance_Java}
  0x000001f124558ef0: 7424 20e8 

  0x000001f124558ef4: ; ImmutableOopMap {[32]=Oop }
                      ;*new {reexecute=0 rethrow=0 return_oop=1}
                      ; - org.sqlite.core.NativeDB::utf8ByteBufferToString@19 (line 516)
  0x000001f124558ef4: 6846 98ff 

  0x000001f124558ef8: ;   {other}
  0x000001f124558ef8: 0f1f 8400 | f004 0003 | 488b 7424 | 20e9 bdfe | ffff ba66 | ffff ff48 | ff74 2428 | 488f 4424 
  0x000001f124558f18: 2048 8974 

  0x000001f124558f1c: ;   {runtime_call UncommonTrapBlob}
  0x000001f124558f1c: 2428 90e8 

  0x000001f124558f20: ; ImmutableOopMap {[32]=Oop [40]=Oop }
                      ;*invokevirtual get {reexecute=0 rethrow=0 return_oop=0}
                      ; - java.nio.ByteBuffer::get@5 (line 861)
                      ; - org.sqlite.core.NativeDB::utf8ByteBufferToString@15 (line 515)
  0x000001f124558f20: 3cb4 8bff 

  0x000001f124558f24: ;   {other}
  0x000001f124558f24: 0f1f 8400 | 1c05 0004 | ba45 ffff | ff48 8974 

  0x000001f124558f34: ;   {runtime_call UncommonTrapBlob}
  0x000001f124558f34: 2420 90e8 

  0x000001f124558f38: ; ImmutableOopMap {[32]=Oop }
                      ;*if_icmple {reexecute=1 rethrow=0 return_oop=0}
                      ; - (reexecute) java.nio.ByteBuffer::get@22 (line 831)
                      ; - java.nio.ByteBuffer::get@5 (line 861)
                      ; - org.sqlite.core.NativeDB::utf8ByteBufferToString@15 (line 515)
  0x000001f124558f38: 24b4 8bff 

  0x000001f124558f3c: ;   {other}
  0x000001f124558f3c: 0f1f 8400 | 3405 0005 | ba45 ffff | ff48 8974 | 2420 4c89 | 6c24 304c | 896c 2438 | 897c 2448 
  0x000001f124558f5c: ;   {runtime_call UncommonTrapBlob}
  0x000001f124558f5c: 6666 90e8 

  0x000001f124558f60: ; ImmutableOopMap {[32]=Oop [48]=Oop [56]=Oop }
                      ;*if_icmple {reexecute=1 rethrow=0 return_oop=0}
                      ; - (reexecute) java.nio.Buffer::position@5 (line 326)
                      ; - java.nio.ByteBuffer::position@2 (line 1557)
                      ; - java.nio.MappedByteBuffer::position@2 (line 328)
                      ; - java.nio.MappedByteBuffer::position@2 (line 73)
                      ; - java.nio.ByteBuffer::get@48 (line 836)
                      ; - java.nio.ByteBuffer::get@5 (line 861)
                      ; - org.sqlite.core.NativeDB::utf8ByteBufferToString@15 (line 515)
  0x000001f124558f60: fcb3 8bff 

  0x000001f124558f64: ;   {other}
  0x000001f124558f64: 0f1f 8400 | 5c05 0006 | ba45 ffff | ff48 8974 | 2420 4c89 | 6c24 304c | 896c 2438 

  0x000001f124558f80: ;   {runtime_call UncommonTrapBlob}
  0x000001f124558f80: 6666 90e8 

  0x000001f124558f84: ; ImmutableOopMap {[32]=Oop [48]=Oop [56]=Oop }
                      ;*ifge {reexecute=1 rethrow=0 return_oop=0}
                      ; - (reexecute) java.nio.Buffer::position@14 (line 326)
                      ; - java.nio.ByteBuffer::position@2 (line 1557)
                      ; - java.nio.MappedByteBuffer::position@2 (line 328)
                      ; - java.nio.MappedByteBuffer::position@2 (line 73)
                      ; - java.nio.ByteBuffer::get@48 (line 836)
                      ; - java.nio.ByteBuffer::get@5 (line 861)
                      ; - org.sqlite.core.NativeDB::utf8ByteBufferToString@15 (line 515)
  0x000001f124558f84: d8b3 8bff 

  0x000001f124558f88: ;   {other}
  0x000001f124558f88: 0f1f 8400 | 8005 0007 | ba76 ffff | ff4c 896c | 2430 4889 | 7424 3889 

  0x000001f124558fa0: ;   {runtime_call UncommonTrapBlob}
  0x000001f124558fa0: 5c24 44e8 

  0x000001f124558fa4: ; ImmutableOopMap {[48]=Oop [56]=Oop }
                      ;*if_icmpge {reexecute=1 rethrow=0 return_oop=0}
                      ; - (reexecute) java.nio.ByteBuffer::getArray@97 (line 976)
                      ; - java.nio.ByteBuffer::get@39 (line 834)
                      ; - java.nio.ByteBuffer::get@5 (line 861)
                      ; - org.sqlite.core.NativeDB::utf8ByteBufferToString@15 (line 515)
  0x000001f124558fa4: b8b3 8bff 

  0x000001f124558fa8: ;   {other}
  0x000001f124558fa8: 0f1f 8400 | a005 0008 | 4903 ebba | 45ff ffff | 4489 4424 | 3089 5c24 | 344c 896c | 2438 4889 
  0x000001f124558fc8: 7424 404c | 896c 2448 | 4c89 4c24 | 5044 8954 

  0x000001f124558fd8: ;   {runtime_call UncommonTrapBlob}
  0x000001f124558fd8: 2458 90e8 

  0x000001f124558fdc: ; ImmutableOopMap {[56]=Oop [64]=Oop [72]=Oop [88]=NarrowOop }
                      ;*ifnull {reexecute=1 rethrow=0 return_oop=0}
                      ; - (reexecute) java.nio.Buffer::session@4 (line 792)
                      ; - java.nio.ByteBuffer::getArray@44 (line 969)
                      ; - java.nio.ByteBuffer::get@39 (line 834)
                      ; - java.nio.ByteBuffer::get@5 (line 861)
                      ; - org.sqlite.core.NativeDB::utf8ByteBufferToString@15 (line 515)
  0x000001f124558fdc: 80b3 8bff 

  0x000001f124558fe0: ;   {other}
  0x000001f124558fe0: 0f1f 8400 | d805 0009 | 4533 d24d | 3bca bdff | ffff ff7c | 0840 0f95 | c540 0fb6 | edba 45ff 
  0x000001f124559000: ffff 4889 | 7424 2089 | 5c24 344c | 896c 2438 

  0x000001f124559010: ;   {runtime_call UncommonTrapBlob}
  0x000001f124559010: 6666 90e8 

  0x000001f124559014: ; ImmutableOopMap {[32]=Oop [56]=Oop }
                      ;*ifne {reexecute=1 rethrow=0 return_oop=0}
                      ; - (reexecute) jdk.internal.misc.Unsafe::copyMemory@16 (line 803)
                      ; - jdk.internal.misc.ScopedMemoryAccess::copyMemoryInternal@28 (line 147)
                      ; - jdk.internal.misc.ScopedMemoryAccess::copyMemory@12 (line 129)
                      ; - java.nio.ByteBuffer::getArray@59 (line 968)
                      ; - java.nio.ByteBuffer::get@39 (line 834)
                      ; - java.nio.ByteBuffer::get@5 (line 861)
                      ; - org.sqlite.core.NativeDB::utf8ByteBufferToString@15 (line 515)
  0x000001f124559014: 48b3 8bff 

  0x000001f124559018: ;   {other}
  0x000001f124559018: 0f1f 8400 | 1006 000a | 488b d0eb | 0848 8bd0 | eb03 488b | d048 83c4 

  0x000001f124559030: ;   {runtime_call _rethrow_Java}
  0x000001f124559030: 705d e929 

  0x000001f124559034: ;   {internal_word}
  0x000001f124559034: ce98 ff49 | baf8 8d55 | 24f1 0100 | 004d 8997 | 6004 0000 

  0x000001f124559048: ;   {runtime_call SafepointBlob}
  0x000001f124559048: e993 c38b 

  0x000001f12455904c: ;   {runtime_call StubRoutines (final stubs)}
  0x000001f12455904c: ffe8 eee6 | 89ff e903 | fbff fff4 
[Stub Code]
  0x000001f124559058: ;   {no_reloc}
  0x000001f124559058: 48bb 0000 | 0000 0000 

  0x000001f124559060: ;   {runtime_call nmethod}
  0x000001f124559060: 0000 e9fb 

  0x000001f124559064: ;   {runtime_call ExceptionBlob}
  0x000001f124559064: ffff ffe9 | f447 98ff 
[Deopt Handler Code]
  0x000001f12455906c: e800 0000 | 0048 832c 

  0x000001f124559074: ;   {runtime_call DeoptimizationBlob}
  0x000001f124559074: 2405 e905 | b68b fff4 | f4f4 f4f4 
[/MachCode]


---------------  P R O C E S S  ---------------

Threads class SMR info:
_java_thread_list=0x000001f178450270, length=15, elements={
0x000001f132308f40, 0x000001f13230bbb0, 0x000001f13230eec0, 0x000001f13230f920,
0x000001f132310ac0, 0x000001f132313660, 0x000001f132334530, 0x000001f132334fe0,
0x000001f132771030, 0x000001f132911770, 0x000001f1329df410, 0x000001f17824e6b0,
0x000001f1783612d0, 0x000001f1780bf070, 0x000001f17a80d570
}

Java Threads: ( => current thread )
  0x000001f132308f40 JavaThread "Reference Handler"          daemon [_thread_blocked, id=9372, stack(0x000000e015000000,0x000000e015100000) (1024K)]
  0x000001f13230bbb0 JavaThread "Finalizer"                  daemon [_thread_blocked, id=20104, stack(0x000000e015100000,0x000000e015200000) (1024K)]
  0x000001f13230eec0 JavaThread "Signal Dispatcher"          daemon [_thread_blocked, id=1732, stack(0x000000e015200000,0x000000e015300000) (1024K)]
  0x000001f13230f920 JavaThread "Attach Listener"            daemon [_thread_blocked, id=9572, stack(0x000000e015300000,0x000000e015400000) (1024K)]
  0x000001f132310ac0 JavaThread "Service Thread"             daemon [_thread_blocked, id=7656, stack(0x000000e015400000,0x000000e015500000) (1024K)]
  0x000001f132313660 JavaThread "Monitor Deflation Thread"   daemon [_thread_blocked, id=9064, stack(0x000000e015500000,0x000000e015600000) (1024K)]
  0x000001f132334530 JavaThread "C2 CompilerThread0"         daemon [_thread_blocked, id=17348, stack(0x000000e015600000,0x000000e015700000) (1024K)]
  0x000001f132334fe0 JavaThread "C1 CompilerThread0"         daemon [_thread_blocked, id=18480, stack(0x000000e015700000,0x000000e015800000) (1024K)]
  0x000001f132771030 JavaThread "Common-Cleaner"             daemon [_thread_blocked, id=4608, stack(0x000000e015800000,0x000000e015900000) (1024K)]
  0x000001f132911770 JavaThread "Monitor Ctrl-Break"         daemon [_thread_in_native, id=7020, stack(0x000000e015a00000,0x000000e015b00000) (1024K)]
  0x000001f1329df410 JavaThread "Notification Thread"        daemon [_thread_blocked, id=1340, stack(0x000000e015b00000,0x000000e015c00000) (1024K)]
  0x000001f17824e6b0 JavaThread "idle-timeout-task"          daemon [_thread_blocked, id=20132, stack(0x000000e015d00000,0x000000e015e00000) (1024K)]
=>0x000001f1783612d0 JavaThread "HTTP-Dispatcher"                   [_thread_in_vm, id=11116, stack(0x000000e015e00000,0x000000e015f00000) (1024K)]
  0x000001f1780bf070 JavaThread "Hibernate Connection Pool Validation Thread" daemon [_thread_blocked, id=8600, stack(0x000000e016900000,0x000000e016a00000) (1024K)]
  0x000001f17a80d570 JavaThread "DestroyJavaVM"                     [_thread_blocked, id=8052, stack(0x000000e014800000,0x000000e014900000) (1024K)]
Total: 15

Other Threads:
  0x000001f1322f0620 VMThread "VM Thread"                           [id=3952, stack(0x000000e014f00000,0x000000e015000000) (1024K)]
  0x000001f1322db4e0 WatcherThread "VM Periodic Task Thread"        [id=3064, stack(0x000000e014e00000,0x000000e014f00000) (1024K)]
  0x000001f1141a2fa0 WorkerThread "GC Thread#0"                     [id=10128, stack(0x000000e014900000,0x000000e014a00000) (1024K)]
  0x000001f1788d0f80 WorkerThread "GC Thread#1"                     [id=20936, stack(0x000000e015f00000,0x000000e016000000) (1024K)]
  0x000001f1788d0470 WorkerThread "GC Thread#2"                     [id=4056, stack(0x000000e016000000,0x000000e016100000) (1024K)]
  0x000001f1788d1330 WorkerThread "GC Thread#3"                     [id=20260, stack(0x000000e016100000,0x000000e016200000) (1024K)]
  0x000001f1788d1e40 WorkerThread "GC Thread#4"                     [id=14208, stack(0x000000e016200000,0x000000e016300000) (1024K)]
  0x000001f1788d0820 WorkerThread "GC Thread#5"                     [id=2428, stack(0x000000e016300000,0x000000e016400000) (1024K)]
  0x000001f1788d16e0 WorkerThread "GC Thread#6"                     [id=656, stack(0x000000e016400000,0x000000e016500000) (1024K)]
  0x000001f1788d1a90 WorkerThread "GC Thread#7"                     [id=2968, stack(0x000000e016500000,0x000000e016600000) (1024K)]
  0x000001f1788d21f0 WorkerThread "GC Thread#8"                     [id=7076, stack(0x000000e016600000,0x000000e016700000) (1024K)]
  0x000001f1788cf960 WorkerThread "GC Thread#9"                     [id=8692, stack(0x000000e016700000,0x000000e016800000) (1024K)]
  0x000001f1141b28c0 ConcurrentGCThread "G1 Main Marker"            [id=13056, stack(0x000000e014a00000,0x000000e014b00000) (1024K)]
  0x000001f1141b3470 WorkerThread "G1 Conc#0"                       [id=15104, stack(0x000000e014b00000,0x000000e014c00000) (1024K)]
  0x000001f1788cfd10 WorkerThread "G1 Conc#1"                       [id=21416, stack(0x000000e016a00000,0x000000e016b00000) (1024K)]
  0x000001f1793a5860 WorkerThread "G1 Conc#2"                       [id=11160, stack(0x000000e016b00000,0x000000e016c00000) (1024K)]
  0x000001f1321a6ff0 ConcurrentGCThread "G1 Refine#0"               [id=12376, stack(0x000000e014c00000,0x000000e014d00000) (1024K)]
  0x000001f1321a7920 ConcurrentGCThread "G1 Service"                [id=8488, stack(0x000000e014d00000,0x000000e014e00000) (1024K)]
Total: 18

Threads with active compile tasks:
Total: 0

VM state: not at safepoint (normal execution)

VM Mutex/Monitor currently owned by a thread:  ([mutex/lock_event])
[0x00007ffc01ba4988] Heap_lock - owner thread: 0x000001f1783612d0

Heap address: 0x0000000745c00000, size: 2980 MB, Compressed Oops mode: Zero based, Oop shift amount: 3

CDS archive(s) mapped at: [0x000001f133000000-0x000001f133d70000-0x000001f133d70000), size 14090240, SharedBaseAddress: 0x000001f133000000, ArchiveRelocationMode: 1.
Compressed class space mapped at: 0x000001f134000000-0x000001f174000000, reserved size: 1073741824
Narrow klass base: 0x000001f133000000, Narrow klass shift: 0, Narrow klass range: 0x41000000

GC Precious Log:
 CardTable entry size: 512
 Card Set container configuration: InlinePtr #cards 4 size 8 Array Of Cards #cards 16 size 48 Howl #buckets 8 coarsen threshold 3686 Howl Bitmap #cards 512 size 80 coarsen threshold 460 Card regions per heap region 1 cards per card region 4096
 CPUs: 12 total, 12 available
 Memory: 11913M
 Large Page Support: Disabled
 NUMA Support: Disabled
 Compressed Oops: Enabled (Zero based)
 Heap Region Size: 2M
 Heap Min Capacity: 8M
 Heap Initial Capacity: 188M
 Heap Max Capacity: 2980M
 Pre-touch: Disabled
 Parallel Workers: 10
 Concurrent Workers: 3
 Concurrent Refinement Workers: 10
 Periodic GC: Disabled

Heap:
 garbage-first heap   total reserved 3051520K, committed 2914304K, used 2893645K [0x0000000745c00000, 0x0000000800000000)
  region size 2048K, 10 young (20480K), 1 survivors (2048K)
 Metaspace       used 47944K, committed 48448K, reserved 1114112K
  class space    used 6644K, committed 6848K, reserved 1048576K

Heap Regions: E=young(eden), S=young(survivor), O=old, HS=humongous(starts), HC=humongous(continues), CS=collection set, F=free, TAMS=top-at-mark-start, PB=parsable bottom
|   0|0x0000000745c00000, 0x0000000745e00000, 0x0000000745e00000|100%| O|  |TAMS 0x0000000745c00000| PB 0x0000000745c00000| Untracked |  0
|   1|0x0000000745e00000, 0x0000000746000000, 0x0000000746000000|100%| O|  |TAMS 0x0000000745e00000| PB 0x0000000745e00000| Untracked |  0
|   2|0x0000000746000000, 0x0000000746200000, 0x0000000746200000|100%| O|  |TAMS 0x0000000746000000| PB 0x0000000746000000| Untracked |  0
|   3|0x0000000746200000, 0x0000000746285d60, 0x0000000746400000| 26%| O|  |TAMS 0x0000000746200000| PB 0x0000000746200000| Untracked |  0
|   4|0x0000000746400000, 0x0000000746600000, 0x0000000746600000|100%| O|  |TAMS 0x0000000746400000| PB 0x0000000746400000| Untracked |  0
|   5|0x0000000746600000, 0x00000007466b8f20, 0x0000000746800000| 36%| O|Cm|TAMS 0x0000000746600000| PB 0x0000000746600000| Complete |  0
|   6|0x0000000746800000, 0x0000000746a00000, 0x0000000746a00000|100%| O|  |TAMS 0x0000000746800000| PB 0x0000000746800000| Untracked |  0
|   7|0x0000000746a00000, 0x0000000746c00000, 0x0000000746c00000|100%| O|  |TAMS 0x0000000746a00000| PB 0x0000000746a00000| Untracked |  0
|   8|0x0000000746c00000, 0x0000000746e00000, 0x0000000746e00000|100%| O|  |TAMS 0x0000000746c00000| PB 0x0000000746c00000| Untracked |  0
|   9|0x0000000746e00000, 0x0000000747000000, 0x0000000747000000|100%|HS|  |TAMS 0x0000000746e00000| PB 0x0000000746e00000| Complete |  0
|  10|0x0000000747000000, 0x0000000747200000, 0x0000000747200000|100%|HC|  |TAMS 0x0000000747000000| PB 0x0000000747000000| Complete |  0
|  11|0x0000000747200000, 0x0000000747400000, 0x0000000747400000|100%|HC|  |TAMS 0x0000000747200000| PB 0x0000000747200000| Complete |  0
|  12|0x0000000747400000, 0x0000000747600000, 0x0000000747600000|100%|HC|  |TAMS 0x0000000747400000| PB 0x0000000747400000| Complete |  0
|  13|0x0000000747600000, 0x0000000747800000, 0x0000000747800000|100%|HC|  |TAMS 0x0000000747600000| PB 0x0000000747600000| Complete |  0
|  14|0x0000000747800000, 0x0000000747a00000, 0x0000000747a00000|100%|HC|  |TAMS 0x0000000747800000| PB 0x0000000747800000| Complete |  0
|  15|0x0000000747a00000, 0x0000000747c00000, 0x0000000747c00000|100%|HC|  |TAMS 0x0000000747a00000| PB 0x0000000747a00000| Complete |  0
|  16|0x0000000747c00000, 0x0000000747e00000, 0x0000000747e00000|100%|HC|  |TAMS 0x0000000747c00000| PB 0x0000000747c00000| Complete |  0
|  17|0x0000000747e00000, 0x0000000748000000, 0x0000000748000000|100%|HC|  |TAMS 0x0000000747e00000| PB 0x0000000747e00000| Complete |  0
|  18|0x0000000748000000, 0x0000000748200000, 0x0000000748200000|100%|HC|  |TAMS 0x0000000748000000| PB 0x0000000748000000| Complete |  0
|  19|0x0000000748200000, 0x0000000748400000, 0x0000000748400000|100%|HC|  |TAMS 0x0000000748200000| PB 0x0000000748200000| Complete |  0
|  20|0x0000000748400000, 0x0000000748600000, 0x0000000748600000|100%|HC|  |TAMS 0x0000000748400000| PB 0x0000000748400000| Complete |  0
|  21|0x0000000748600000, 0x0000000748800000, 0x0000000748800000|100%|HC|  |TAMS 0x0000000748600000| PB 0x0000000748600000| Complete |  0
|  22|0x0000000748800000, 0x0000000748a00000, 0x0000000748a00000|100%|HC|  |TAMS 0x0000000748800000| PB 0x0000000748800000| Complete |  0
|  23|0x0000000748a00000, 0x0000000748c00000, 0x0000000748c00000|100%|HC|  |TAMS 0x0000000748a00000| PB 0x0000000748a00000| Complete |  0
|  24|0x0000000748c00000, 0x0000000748e00000, 0x0000000748e00000|100%|HC|  |TAMS 0x0000000748c00000| PB 0x0000000748c00000| Complete |  0
|  25|0x0000000748e00000, 0x0000000749000000, 0x0000000749000000|100%|HC|  |TAMS 0x0000000748e00000| PB 0x0000000748e00000| Complete |  0
|  26|0x0000000749000000, 0x0000000749200000, 0x0000000749200000|100%|HC|  |TAMS 0x0000000749000000| PB 0x0000000749000000| Complete |  0
|  27|0x0000000749200000, 0x0000000749400000, 0x0000000749400000|100%|HC|  |TAMS 0x0000000749200000| PB 0x0000000749200000| Complete |  0
|  28|0x0000000749400000, 0x0000000749600000, 0x0000000749600000|100%|HC|  |TAMS 0x0000000749400000| PB 0x0000000749400000| Complete |  0
|  29|0x0000000749600000, 0x0000000749800000, 0x0000000749800000|100%|HC|  |TAMS 0x0000000749600000| PB 0x0000000749600000| Complete |  0
|  30|0x0000000749800000, 0x0000000749a00000, 0x0000000749a00000|100%|HC|  |TAMS 0x0000000749800000| PB 0x0000000749800000| Complete |  0
|  31|0x0000000749a00000, 0x0000000749c00000, 0x0000000749c00000|100%|HC|  |TAMS 0x0000000749a00000| PB 0x0000000749a00000| Complete |  0
|  32|0x0000000749c00000, 0x0000000749e00000, 0x0000000749e00000|100%|HC|  |TAMS 0x0000000749c00000| PB 0x0000000749c00000| Complete |  0
|  33|0x0000000749e00000, 0x000000074a000000, 0x000000074a000000|100%|HS|  |TAMS 0x0000000749e00000| PB 0x0000000749e00000| Complete |  0
|  34|0x000000074a000000, 0x000000074a200000, 0x000000074a200000|100%|HC|  |TAMS 0x000000074a000000| PB 0x000000074a000000| Complete |  0
|  35|0x000000074a200000, 0x000000074a400000, 0x000000074a400000|100%|HC|  |TAMS 0x000000074a200000| PB 0x000000074a200000| Complete |  0
|  36|0x000000074a400000, 0x000000074a600000, 0x000000074a600000|100%|HC|  |TAMS 0x000000074a400000| PB 0x000000074a400000| Complete |  0
|  37|0x000000074a600000, 0x000000074a800000, 0x000000074a800000|100%|HC|  |TAMS 0x000000074a600000| PB 0x000000074a600000| Complete |  0
|  38|0x000000074a800000, 0x000000074aa00000, 0x000000074aa00000|100%|HC|  |TAMS 0x000000074a800000| PB 0x000000074a800000| Complete |  0
|  39|0x000000074aa00000, 0x000000074ac00000, 0x000000074ac00000|100%|HC|  |TAMS 0x000000074aa00000| PB 0x000000074aa00000| Complete |  0
|  40|0x000000074ac00000, 0x000000074ae00000, 0x000000074ae00000|100%|HC|  |TAMS 0x000000074ac00000| PB 0x000000074ac00000| Complete |  0
|  41|0x000000074ae00000, 0x000000074b000000, 0x000000074b000000|100%|HC|  |TAMS 0x000000074ae00000| PB 0x000000074ae00000| Complete |  0
|  42|0x000000074b000000, 0x000000074b200000, 0x000000074b200000|100%|HC|  |TAMS 0x000000074b000000| PB 0x000000074b000000| Complete |  0
|  43|0x000000074b200000, 0x000000074b400000, 0x000000074b400000|100%|HC|  |TAMS 0x000000074b200000| PB 0x000000074b200000| Complete |  0
|  44|0x000000074b400000, 0x000000074b600000, 0x000000074b600000|100%|HC|  |TAMS 0x000000074b400000| PB 0x000000074b400000| Complete |  0
|  45|0x000000074b600000, 0x000000074b800000, 0x000000074b800000|100%|HC|  |TAMS 0x000000074b600000| PB 0x000000074b600000| Complete |  0
|  46|0x000000074b800000, 0x000000074ba00000, 0x000000074ba00000|100%|HC|  |TAMS 0x000000074b800000| PB 0x000000074b800000| Complete |  0
|  47|0x000000074ba00000, 0x000000074bc00000, 0x000000074bc00000|100%|HC|  |TAMS 0x000000074ba00000| PB 0x000000074ba00000| Complete |  0
|  48|0x000000074bc00000, 0x000000074be00000, 0x000000074be00000|100%|HC|  |TAMS 0x000000074bc00000| PB 0x000000074bc00000| Complete |  0
|  49|0x000000074be00000, 0x000000074c000000, 0x000000074c000000|100%|HC|  |TAMS 0x000000074be00000| PB 0x000000074be00000| Complete |  0
|  50|0x000000074c000000, 0x000000074c200000, 0x000000074c200000|100%|HC|  |TAMS 0x000000074c000000| PB 0x000000074c000000| Complete |  0
|  51|0x000000074c200000, 0x000000074c400000, 0x000000074c400000|100%|HC|  |TAMS 0x000000074c200000| PB 0x000000074c200000| Complete |  0
|  52|0x000000074c400000, 0x000000074c600000, 0x000000074c600000|100%|HC|  |TAMS 0x000000074c400000| PB 0x000000074c400000| Complete |  0
|  53|0x000000074c600000, 0x000000074c800000, 0x000000074c800000|100%|HC|  |TAMS 0x000000074c600000| PB 0x000000074c600000| Complete |  0
|  54|0x000000074c800000, 0x000000074ca00000, 0x000000074ca00000|100%|HC|  |TAMS 0x000000074c800000| PB 0x000000074c800000| Complete |  0
|  55|0x000000074ca00000, 0x000000074cc00000, 0x000000074cc00000|100%|HC|  |TAMS 0x000000074ca00000| PB 0x000000074ca00000| Complete |  0
|  56|0x000000074cc00000, 0x000000074ce00000, 0x000000074ce00000|100%|HC|  |TAMS 0x000000074cc00000| PB 0x000000074cc00000| Complete |  0
|  57|0x000000074ce00000, 0x000000074d000000, 0x000000074d000000|100%|HS|  |TAMS 0x000000074ce00000| PB 0x000000074ce00000| Complete |  0
|  58|0x000000074d000000, 0x000000074d200000, 0x000000074d200000|100%|HC|  |TAMS 0x000000074d000000| PB 0x000000074d000000| Complete |  0
|  59|0x000000074d200000, 0x000000074d400000, 0x000000074d400000|100%|HC|  |TAMS 0x000000074d200000| PB 0x000000074d200000| Complete |  0
|  60|0x000000074d400000, 0x000000074d600000, 0x000000074d600000|100%|HC|  |TAMS 0x000000074d400000| PB 0x000000074d400000| Complete |  0
|  61|0x000000074d600000, 0x000000074d800000, 0x000000074d800000|100%|HC|  |TAMS 0x000000074d600000| PB 0x000000074d600000| Complete |  0
|  62|0x000000074d800000, 0x000000074da00000, 0x000000074da00000|100%|HC|  |TAMS 0x000000074d800000| PB 0x000000074d800000| Complete |  0
|  63|0x000000074da00000, 0x000000074dc00000, 0x000000074dc00000|100%|HC|  |TAMS 0x000000074da00000| PB 0x000000074da00000| Complete |  0
|  64|0x000000074dc00000, 0x000000074de00000, 0x000000074de00000|100%|HC|  |TAMS 0x000000074dc00000| PB 0x000000074dc00000| Complete |  0
|  65|0x000000074de00000, 0x000000074e000000, 0x000000074e000000|100%|HC|  |TAMS 0x000000074de00000| PB 0x000000074de00000| Complete |  0
|  66|0x000000074e000000, 0x000000074e200000, 0x000000074e200000|100%|HC|  |TAMS 0x000000074e000000| PB 0x000000074e000000| Complete |  0
|  67|0x000000074e200000, 0x000000074e400000, 0x000000074e400000|100%|HC|  |TAMS 0x000000074e200000| PB 0x000000074e200000| Complete |  0
|  68|0x000000074e400000, 0x000000074e600000, 0x000000074e600000|100%|HC|  |TAMS 0x000000074e400000| PB 0x000000074e400000| Complete |  0
|  69|0x000000074e600000, 0x000000074e800000, 0x000000074e800000|100%|HC|  |TAMS 0x000000074e600000| PB 0x000000074e600000| Complete |  0
|  70|0x000000074e800000, 0x000000074ea00000, 0x000000074ea00000|100%|HC|  |TAMS 0x000000074e800000| PB 0x000000074e800000| Complete |  0
|  71|0x000000074ea00000, 0x000000074ec00000, 0x000000074ec00000|100%|HC|  |TAMS 0x000000074ea00000| PB 0x000000074ea00000| Complete |  0
|  72|0x000000074ec00000, 0x000000074ee00000, 0x000000074ee00000|100%|HC|  |TAMS 0x000000074ec00000| PB 0x000000074ec00000| Complete |  0
|  73|0x000000074ee00000, 0x000000074f000000, 0x000000074f000000|100%|HC|  |TAMS 0x000000074ee00000| PB 0x000000074ee00000| Complete |  0
|  74|0x000000074f000000, 0x000000074f200000, 0x000000074f200000|100%|HC|  |TAMS 0x000000074f000000| PB 0x000000074f000000| Complete |  0
|  75|0x000000074f200000, 0x000000074f400000, 0x000000074f400000|100%|HC|  |TAMS 0x000000074f200000| PB 0x000000074f200000| Complete |  0
|  76|0x000000074f400000, 0x000000074f600000, 0x000000074f600000|100%|HC|  |TAMS 0x000000074f400000| PB 0x000000074f400000| Complete |  0
|  77|0x000000074f600000, 0x000000074f800000, 0x000000074f800000|100%|HC|  |TAMS 0x000000074f600000| PB 0x000000074f600000| Complete |  0
|  78|0x000000074f800000, 0x000000074fa00000, 0x000000074fa00000|100%|HC|  |TAMS 0x000000074f800000| PB 0x000000074f800000| Complete |  0
|  79|0x000000074fa00000, 0x000000074fc00000, 0x000000074fc00000|100%|HC|  |TAMS 0x000000074fa00000| PB 0x000000074fa00000| Complete |  0
|  80|0x000000074fc00000, 0x000000074fe00000, 0x000000074fe00000|100%|HC|  |TAMS 0x000000074fc00000| PB 0x000000074fc00000| Complete |  0
|  81|0x000000074fe00000, 0x0000000750000000, 0x0000000750000000|100%|HS|  |TAMS 0x000000074fe00000| PB 0x000000074fe00000| Complete |  0
|  82|0x0000000750000000, 0x0000000750200000, 0x0000000750200000|100%|HC|  |TAMS 0x0000000750000000| PB 0x0000000750000000| Complete |  0
|  83|0x0000000750200000, 0x0000000750400000, 0x0000000750400000|100%|HC|  |TAMS 0x0000000750200000| PB 0x0000000750200000| Complete |  0
|  84|0x0000000750400000, 0x0000000750600000, 0x0000000750600000|100%|HC|  |TAMS 0x0000000750400000| PB 0x0000000750400000| Complete |  0
|  85|0x0000000750600000, 0x0000000750800000, 0x0000000750800000|100%|HC|  |TAMS 0x0000000750600000| PB 0x0000000750600000| Complete |  0
|  86|0x0000000750800000, 0x0000000750a00000, 0x0000000750a00000|100%|HC|  |TAMS 0x0000000750800000| PB 0x0000000750800000| Complete |  0
|  87|0x0000000750a00000, 0x0000000750c00000, 0x0000000750c00000|100%|HC|  |TAMS 0x0000000750a00000| PB 0x0000000750a00000| Complete |  0
|  88|0x0000000750c00000, 0x0000000750e00000, 0x0000000750e00000|100%|HC|  |TAMS 0x0000000750c00000| PB 0x0000000750c00000| Complete |  0
|  89|0x0000000750e00000, 0x0000000751000000, 0x0000000751000000|100%|HC|  |TAMS 0x0000000750e00000| PB 0x0000000750e00000| Complete |  0
|  90|0x0000000751000000, 0x0000000751200000, 0x0000000751200000|100%|HC|  |TAMS 0x0000000751000000| PB 0x0000000751000000| Complete |  0
|  91|0x0000000751200000, 0x0000000751400000, 0x0000000751400000|100%|HC|  |TAMS 0x0000000751200000| PB 0x0000000751200000| Complete |  0
|  92|0x0000000751400000, 0x0000000751600000, 0x0000000751600000|100%|HC|  |TAMS 0x0000000751400000| PB 0x0000000751400000| Complete |  0
|  93|0x0000000751600000, 0x0000000751800000, 0x0000000751800000|100%|HC|  |TAMS 0x0000000751600000| PB 0x0000000751600000| Complete |  0
|  94|0x0000000751800000, 0x0000000751a00000, 0x0000000751a00000|100%|HC|  |TAMS 0x0000000751800000| PB 0x0000000751800000| Complete |  0
|  95|0x0000000751a00000, 0x0000000751c00000, 0x0000000751c00000|100%|HC|  |TAMS 0x0000000751a00000| PB 0x0000000751a00000| Complete |  0
|  96|0x0000000751c00000, 0x0000000751e00000, 0x0000000751e00000|100%|HC|  |TAMS 0x0000000751c00000| PB 0x0000000751c00000| Complete |  0
|  97|0x0000000751e00000, 0x0000000752000000, 0x0000000752000000|100%|HC|  |TAMS 0x0000000751e00000| PB 0x0000000751e00000| Complete |  0
|  98|0x0000000752000000, 0x0000000752200000, 0x0000000752200000|100%|HC|  |TAMS 0x0000000752000000| PB 0x0000000752000000| Complete |  0
|  99|0x0000000752200000, 0x0000000752400000, 0x0000000752400000|100%|HC|  |TAMS 0x0000000752200000| PB 0x0000000752200000| Complete |  0
| 100|0x0000000752400000, 0x0000000752600000, 0x0000000752600000|100%|HC|  |TAMS 0x0000000752400000| PB 0x0000000752400000| Complete |  0
| 101|0x0000000752600000, 0x0000000752800000, 0x0000000752800000|100%|HC|  |TAMS 0x0000000752600000| PB 0x0000000752600000| Complete |  0
| 102|0x0000000752800000, 0x0000000752a00000, 0x0000000752a00000|100%|HC|  |TAMS 0x0000000752800000| PB 0x0000000752800000| Complete |  0
| 103|0x0000000752a00000, 0x0000000752c00000, 0x0000000752c00000|100%|HC|  |TAMS 0x0000000752a00000| PB 0x0000000752a00000| Complete |  0
| 104|0x0000000752c00000, 0x0000000752e00000, 0x0000000752e00000|100%|HC|  |TAMS 0x0000000752c00000| PB 0x0000000752c00000| Complete |  0
| 105|0x0000000752e00000, 0x0000000753000000, 0x0000000753000000|100%|HS|  |TAMS 0x0000000752e00000| PB 0x0000000752e00000| Complete |  0
| 106|0x0000000753000000, 0x0000000753200000, 0x0000000753200000|100%|HS|  |TAMS 0x0000000753000000| PB 0x0000000753000000| Complete |  0
| 107|0x0000000753200000, 0x0000000753400000, 0x0000000753400000|100%|HC|  |TAMS 0x0000000753200000| PB 0x0000000753200000| Complete |  0
| 108|0x0000000753400000, 0x0000000753600000, 0x0000000753600000|100%|HS|  |TAMS 0x0000000753400000| PB 0x0000000753400000| Complete |  0
| 109|0x0000000753600000, 0x0000000753800000, 0x0000000753800000|100%|HC|  |TAMS 0x0000000753600000| PB 0x0000000753600000| Complete |  0
| 110|0x0000000753800000, 0x0000000753a00000, 0x0000000753a00000|100%|HC|  |TAMS 0x0000000753800000| PB 0x0000000753800000| Complete |  0
| 111|0x0000000753a00000, 0x0000000753c00000, 0x0000000753c00000|100%|HS|  |TAMS 0x0000000753a00000| PB 0x0000000753a00000| Complete |  0
| 112|0x0000000753c00000, 0x0000000753e00000, 0x0000000753e00000|100%|HC|  |TAMS 0x0000000753c00000| PB 0x0000000753c00000| Complete |  0
| 113|0x0000000753e00000, 0x0000000754000000, 0x0000000754000000|100%|HC|  |TAMS 0x0000000753e00000| PB 0x0000000753e00000| Complete |  0
| 114|0x0000000754000000, 0x0000000754200000, 0x0000000754200000|100%|HC|  |TAMS 0x0000000754000000| PB 0x0000000754000000| Complete |  0
| 115|0x0000000754200000, 0x0000000754400000, 0x0000000754400000|100%|HC|  |TAMS 0x0000000754200000| PB 0x0000000754200000| Complete |  0
| 116|0x0000000754400000, 0x0000000754400000, 0x0000000754600000|  0%| F|  |TAMS 0x0000000754400000| PB 0x0000000754400000| Untracked |  0
| 117|0x0000000754600000, 0x0000000754600000, 0x0000000754800000|  0%| F|  |TAMS 0x0000000754600000| PB 0x0000000754600000| Untracked |  0
| 118|0x0000000754800000, 0x0000000754800000, 0x0000000754a00000|  0%| F|  |TAMS 0x0000000754800000| PB 0x0000000754800000| Untracked |  0
| 119|0x0000000754a00000, 0x0000000754a00000, 0x0000000754c00000|  0%| F|  |TAMS 0x0000000754a00000| PB 0x0000000754a00000| Untracked |  0
| 120|0x0000000754c00000, 0x0000000754c00000, 0x0000000754e00000|  0%| F|  |TAMS 0x0000000754c00000| PB 0x0000000754c00000| Untracked |  0
| 121|0x0000000754e00000, 0x0000000754e00000, 0x0000000755000000|  0%| F|  |TAMS 0x0000000754e00000| PB 0x0000000754e00000| Untracked |  0
| 122|0x0000000755000000, 0x0000000755000000, 0x0000000755200000|  0%| F|  |TAMS 0x0000000755000000| PB 0x0000000755000000| Untracked |  0
| 123|0x0000000755200000, 0x0000000755200000, 0x0000000755400000|  0%| F|  |TAMS 0x0000000755200000| PB 0x0000000755200000| Untracked |  0
| 124|0x0000000755400000, 0x0000000755600000, 0x0000000755600000|100%|HS|  |TAMS 0x0000000755400000| PB 0x0000000755400000| Complete |  0
| 125|0x0000000755600000, 0x0000000755800000, 0x0000000755800000|100%|HC|  |TAMS 0x0000000755600000| PB 0x0000000755600000| Complete |  0
| 126|0x0000000755800000, 0x0000000755a00000, 0x0000000755a00000|100%|HC|  |TAMS 0x0000000755800000| PB 0x0000000755800000| Complete |  0
| 127|0x0000000755a00000, 0x0000000755c00000, 0x0000000755c00000|100%|HC|  |TAMS 0x0000000755a00000| PB 0x0000000755a00000| Complete |  0
| 128|0x0000000755c00000, 0x0000000755e00000, 0x0000000755e00000|100%|HC|  |TAMS 0x0000000755c00000| PB 0x0000000755c00000| Complete |  0
| 129|0x0000000755e00000, 0x0000000756000000, 0x0000000756000000|100%|HC|  |TAMS 0x0000000755e00000| PB 0x0000000755e00000| Complete |  0
| 130|0x0000000756000000, 0x0000000756200000, 0x0000000756200000|100%|HC|  |TAMS 0x0000000756000000| PB 0x0000000756000000| Complete |  0
| 131|0x0000000756200000, 0x0000000756400000, 0x0000000756400000|100%|HC|  |TAMS 0x0000000756200000| PB 0x0000000756200000| Complete |  0
| 132|0x0000000756400000, 0x0000000756600000, 0x0000000756600000|100%|HC|  |TAMS 0x0000000756400000| PB 0x0000000756400000| Complete |  0
| 133|0x0000000756600000, 0x0000000756800000, 0x0000000756800000|100%|HC|  |TAMS 0x0000000756600000| PB 0x0000000756600000| Complete |  0
| 134|0x0000000756800000, 0x0000000756a00000, 0x0000000756a00000|100%|HC|  |TAMS 0x0000000756800000| PB 0x0000000756800000| Complete |  0
| 135|0x0000000756a00000, 0x0000000756c00000, 0x0000000756c00000|100%|HC|  |TAMS 0x0000000756a00000| PB 0x0000000756a00000| Complete |  0
| 136|0x0000000756c00000, 0x0000000756e00000, 0x0000000756e00000|100%|HC|  |TAMS 0x0000000756c00000| PB 0x0000000756c00000| Complete |  0
| 137|0x0000000756e00000, 0x0000000757000000, 0x0000000757000000|100%|HC|  |TAMS 0x0000000756e00000| PB 0x0000000756e00000| Complete |  0
| 138|0x0000000757000000, 0x0000000757200000, 0x0000000757200000|100%|HC|  |TAMS 0x0000000757000000| PB 0x0000000757000000| Complete |  0
| 139|0x0000000757200000, 0x0000000757400000, 0x0000000757400000|100%|HC|  |TAMS 0x0000000757200000| PB 0x0000000757200000| Complete |  0
| 140|0x0000000757400000, 0x0000000757600000, 0x0000000757600000|100%|HC|  |TAMS 0x0000000757400000| PB 0x0000000757400000| Complete |  0
| 141|0x0000000757600000, 0x0000000757800000, 0x0000000757800000|100%|HC|  |TAMS 0x0000000757600000| PB 0x0000000757600000| Complete |  0
| 142|0x0000000757800000, 0x0000000757a00000, 0x0000000757a00000|100%|HC|  |TAMS 0x0000000757800000| PB 0x0000000757800000| Complete |  0
| 143|0x0000000757a00000, 0x0000000757c00000, 0x0000000757c00000|100%|HC|  |TAMS 0x0000000757a00000| PB 0x0000000757a00000| Complete |  0
| 144|0x0000000757c00000, 0x0000000757e00000, 0x0000000757e00000|100%|HC|  |TAMS 0x0000000757c00000| PB 0x0000000757c00000| Complete |  0
| 145|0x0000000757e00000, 0x0000000758000000, 0x0000000758000000|100%|HC|  |TAMS 0x0000000757e00000| PB 0x0000000757e00000| Complete |  0
| 146|0x0000000758000000, 0x0000000758200000, 0x0000000758200000|100%|HC|  |TAMS 0x0000000758000000| PB 0x0000000758000000| Complete |  0
| 147|0x0000000758200000, 0x0000000758400000, 0x0000000758400000|100%|HC|  |TAMS 0x0000000758200000| PB 0x0000000758200000| Complete |  0
| 148|0x0000000758400000, 0x0000000758600000, 0x0000000758600000|100%|HC|  |TAMS 0x0000000758400000| PB 0x0000000758400000| Complete |  0
| 149|0x0000000758600000, 0x0000000758800000, 0x0000000758800000|100%|HC|  |TAMS 0x0000000758600000| PB 0x0000000758600000| Complete |  0
| 150|0x0000000758800000, 0x0000000758a00000, 0x0000000758a00000|100%|HC|  |TAMS 0x0000000758800000| PB 0x0000000758800000| Complete |  0
| 151|0x0000000758a00000, 0x0000000758c00000, 0x0000000758c00000|100%|HC|  |TAMS 0x0000000758a00000| PB 0x0000000758a00000| Complete |  0
| 152|0x0000000758c00000, 0x0000000758e00000, 0x0000000758e00000|100%|HC|  |TAMS 0x0000000758c00000| PB 0x0000000758c00000| Complete |  0
| 153|0x0000000758e00000, 0x0000000759000000, 0x0000000759000000|100%|HC|  |TAMS 0x0000000758e00000| PB 0x0000000758e00000| Complete |  0
| 154|0x0000000759000000, 0x0000000759200000, 0x0000000759200000|100%|HC|  |TAMS 0x0000000759000000| PB 0x0000000759000000| Complete |  0
| 155|0x0000000759200000, 0x0000000759400000, 0x0000000759400000|100%|HC|  |TAMS 0x0000000759200000| PB 0x0000000759200000| Complete |  0
| 156|0x0000000759400000, 0x0000000759600000, 0x0000000759600000|100%|HC|  |TAMS 0x0000000759400000| PB 0x0000000759400000| Complete |  0
| 157|0x0000000759600000, 0x0000000759800000, 0x0000000759800000|100%|HC|  |TAMS 0x0000000759600000| PB 0x0000000759600000| Complete |  0
| 158|0x0000000759800000, 0x0000000759a00000, 0x0000000759a00000|100%|HC|  |TAMS 0x0000000759800000| PB 0x0000000759800000| Complete |  0
| 159|0x0000000759a00000, 0x0000000759c00000, 0x0000000759c00000|100%|HC|  |TAMS 0x0000000759a00000| PB 0x0000000759a00000| Complete |  0
| 160|0x0000000759c00000, 0x0000000759e00000, 0x0000000759e00000|100%|HC|  |TAMS 0x0000000759c00000| PB 0x0000000759c00000| Complete |  0
| 161|0x0000000759e00000, 0x000000075a000000, 0x000000075a000000|100%|HC|  |TAMS 0x0000000759e00000| PB 0x0000000759e00000| Complete |  0
| 162|0x000000075a000000, 0x000000075a200000, 0x000000075a200000|100%|HC|  |TAMS 0x000000075a000000| PB 0x000000075a000000| Complete |  0
| 163|0x000000075a200000, 0x000000075a400000, 0x000000075a400000|100%|HC|  |TAMS 0x000000075a200000| PB 0x000000075a200000| Complete |  0
| 164|0x000000075a400000, 0x000000075a600000, 0x000000075a600000|100%|HC|  |TAMS 0x000000075a400000| PB 0x000000075a400000| Complete |  0
| 165|0x000000075a600000, 0x000000075a800000, 0x000000075a800000|100%|HC|  |TAMS 0x000000075a600000| PB 0x000000075a600000| Complete |  0
| 166|0x000000075a800000, 0x000000075aa00000, 0x000000075aa00000|100%|HC|  |TAMS 0x000000075a800000| PB 0x000000075a800000| Complete |  0
| 167|0x000000075aa00000, 0x000000075ac00000, 0x000000075ac00000|100%|HC|  |TAMS 0x000000075aa00000| PB 0x000000075aa00000| Complete |  0
| 168|0x000000075ac00000, 0x000000075ae00000, 0x000000075ae00000|100%|HC|  |TAMS 0x000000075ac00000| PB 0x000000075ac00000| Complete |  0
| 169|0x000000075ae00000, 0x000000075b000000, 0x000000075b000000|100%|HC|  |TAMS 0x000000075ae00000| PB 0x000000075ae00000| Complete |  0
| 170|0x000000075b000000, 0x000000075b200000, 0x000000075b200000|100%|HC|  |TAMS 0x000000075b000000| PB 0x000000075b000000| Complete |  0
| 171|0x000000075b200000, 0x000000075b400000, 0x000000075b400000|100%|HS|  |TAMS 0x000000075b200000| PB 0x000000075b200000| Complete |  0
| 172|0x000000075b400000, 0x000000075b600000, 0x000000075b600000|100%|HC|  |TAMS 0x000000075b400000| PB 0x000000075b400000| Complete |  0
| 173|0x000000075b600000, 0x000000075b800000, 0x000000075b800000|100%|HC|  |TAMS 0x000000075b600000| PB 0x000000075b600000| Complete |  0
| 174|0x000000075b800000, 0x000000075ba00000, 0x000000075ba00000|100%|HC|  |TAMS 0x000000075b800000| PB 0x000000075b800000| Complete |  0
| 175|0x000000075ba00000, 0x000000075bc00000, 0x000000075bc00000|100%|HC|  |TAMS 0x000000075ba00000| PB 0x000000075ba00000| Complete |  0
| 176|0x000000075bc00000, 0x000000075be00000, 0x000000075be00000|100%|HC|  |TAMS 0x000000075bc00000| PB 0x000000075bc00000| Complete |  0
| 177|0x000000075be00000, 0x000000075c000000, 0x000000075c000000|100%|HC|  |TAMS 0x000000075be00000| PB 0x000000075be00000| Complete |  0
| 178|0x000000075c000000, 0x000000075c200000, 0x000000075c200000|100%|HC|  |TAMS 0x000000075c000000| PB 0x000000075c000000| Complete |  0
| 179|0x000000075c200000, 0x000000075c400000, 0x000000075c400000|100%|HC|  |TAMS 0x000000075c200000| PB 0x000000075c200000| Complete |  0
| 180|0x000000075c400000, 0x000000075c600000, 0x000000075c600000|100%|HC|  |TAMS 0x000000075c400000| PB 0x000000075c400000| Complete |  0
| 181|0x000000075c600000, 0x000000075c800000, 0x000000075c800000|100%|HC|  |TAMS 0x000000075c600000| PB 0x000000075c600000| Complete |  0
| 182|0x000000075c800000, 0x000000075ca00000, 0x000000075ca00000|100%|HC|  |TAMS 0x000000075c800000| PB 0x000000075c800000| Complete |  0
| 183|0x000000075ca00000, 0x000000075cc00000, 0x000000075cc00000|100%|HC|  |TAMS 0x000000075ca00000| PB 0x000000075ca00000| Complete |  0
| 184|0x000000075cc00000, 0x000000075ce00000, 0x000000075ce00000|100%|HC|  |TAMS 0x000000075cc00000| PB 0x000000075cc00000| Complete |  0
| 185|0x000000075ce00000, 0x000000075d000000, 0x000000075d000000|100%|HC|  |TAMS 0x000000075ce00000| PB 0x000000075ce00000| Complete |  0
| 186|0x000000075d000000, 0x000000075d200000, 0x000000075d200000|100%|HC|  |TAMS 0x000000075d000000| PB 0x000000075d000000| Complete |  0
| 187|0x000000075d200000, 0x000000075d400000, 0x000000075d400000|100%|HC|  |TAMS 0x000000075d200000| PB 0x000000075d200000| Complete |  0
| 188|0x000000075d400000, 0x000000075d600000, 0x000000075d600000|100%|HC|  |TAMS 0x000000075d400000| PB 0x000000075d400000| Complete |  0
| 189|0x000000075d600000, 0x000000075d800000, 0x000000075d800000|100%|HC|  |TAMS 0x000000075d600000| PB 0x000000075d600000| Complete |  0
| 190|0x000000075d800000, 0x000000075da00000, 0x000000075da00000|100%|HC|  |TAMS 0x000000075d800000| PB 0x000000075d800000| Complete |  0
| 191|0x000000075da00000, 0x000000075dc00000, 0x000000075dc00000|100%|HC|  |TAMS 0x000000075da00000| PB 0x000000075da00000| Complete |  0
| 192|0x000000075dc00000, 0x000000075de00000, 0x000000075de00000|100%|HC|  |TAMS 0x000000075dc00000| PB 0x000000075dc00000| Complete |  0
| 193|0x000000075de00000, 0x000000075e000000, 0x000000075e000000|100%|HC|  |TAMS 0x000000075de00000| PB 0x000000075de00000| Complete |  0
| 194|0x000000075e000000, 0x000000075e200000, 0x000000075e200000|100%|HC|  |TAMS 0x000000075e000000| PB 0x000000075e000000| Complete |  0
| 195|0x000000075e200000, 0x000000075e400000, 0x000000075e400000|100%|HS|  |TAMS 0x000000075e200000| PB 0x000000075e200000| Complete |  0
| 196|0x000000075e400000, 0x000000075e600000, 0x000000075e600000|100%|HC|  |TAMS 0x000000075e400000| PB 0x000000075e400000| Complete |  0
| 197|0x000000075e600000, 0x000000075e800000, 0x000000075e800000|100%|HC|  |TAMS 0x000000075e600000| PB 0x000000075e600000| Complete |  0
| 198|0x000000075e800000, 0x000000075ea00000, 0x000000075ea00000|100%|HC|  |TAMS 0x000000075e800000| PB 0x000000075e800000| Complete |  0
| 199|0x000000075ea00000, 0x000000075ec00000, 0x000000075ec00000|100%|HC|  |TAMS 0x000000075ea00000| PB 0x000000075ea00000| Complete |  0
| 200|0x000000075ec00000, 0x000000075ee00000, 0x000000075ee00000|100%|HC|  |TAMS 0x000000075ec00000| PB 0x000000075ec00000| Complete |  0
| 201|0x000000075ee00000, 0x000000075f000000, 0x000000075f000000|100%|HC|  |TAMS 0x000000075ee00000| PB 0x000000075ee00000| Complete |  0
| 202|0x000000075f000000, 0x000000075f200000, 0x000000075f200000|100%|HC|  |TAMS 0x000000075f000000| PB 0x000000075f000000| Complete |  0
| 203|0x000000075f200000, 0x000000075f400000, 0x000000075f400000|100%|HC|  |TAMS 0x000000075f200000| PB 0x000000075f200000| Complete |  0
| 204|0x000000075f400000, 0x000000075f600000, 0x000000075f600000|100%|HC|  |TAMS 0x000000075f400000| PB 0x000000075f400000| Complete |  0
| 205|0x000000075f600000, 0x000000075f800000, 0x000000075f800000|100%|HC|  |TAMS 0x000000075f600000| PB 0x000000075f600000| Complete |  0
| 206|0x000000075f800000, 0x000000075fa00000, 0x000000075fa00000|100%|HC|  |TAMS 0x000000075f800000| PB 0x000000075f800000| Complete |  0
| 207|0x000000075fa00000, 0x000000075fc00000, 0x000000075fc00000|100%|HC|  |TAMS 0x000000075fa00000| PB 0x000000075fa00000| Complete |  0
| 208|0x000000075fc00000, 0x000000075fe00000, 0x000000075fe00000|100%|HC|  |TAMS 0x000000075fc00000| PB 0x000000075fc00000| Complete |  0
| 209|0x000000075fe00000, 0x0000000760000000, 0x0000000760000000|100%|HC|  |TAMS 0x000000075fe00000| PB 0x000000075fe00000| Complete |  0
| 210|0x0000000760000000, 0x0000000760200000, 0x0000000760200000|100%|HC|  |TAMS 0x0000000760000000| PB 0x0000000760000000| Complete |  0
| 211|0x0000000760200000, 0x0000000760400000, 0x0000000760400000|100%|HC|  |TAMS 0x0000000760200000| PB 0x0000000760200000| Complete |  0
| 212|0x0000000760400000, 0x0000000760600000, 0x0000000760600000|100%|HC|  |TAMS 0x0000000760400000| PB 0x0000000760400000| Complete |  0
| 213|0x0000000760600000, 0x0000000760800000, 0x0000000760800000|100%|HC|  |TAMS 0x0000000760600000| PB 0x0000000760600000| Complete |  0
| 214|0x0000000760800000, 0x0000000760a00000, 0x0000000760a00000|100%|HC|  |TAMS 0x0000000760800000| PB 0x0000000760800000| Complete |  0
| 215|0x0000000760a00000, 0x0000000760c00000, 0x0000000760c00000|100%|HC|  |TAMS 0x0000000760a00000| PB 0x0000000760a00000| Complete |  0
| 216|0x0000000760c00000, 0x0000000760e00000, 0x0000000760e00000|100%|HC|  |TAMS 0x0000000760c00000| PB 0x0000000760c00000| Complete |  0
| 217|0x0000000760e00000, 0x0000000761000000, 0x0000000761000000|100%|HC|  |TAMS 0x0000000760e00000| PB 0x0000000760e00000| Complete |  0
| 218|0x0000000761000000, 0x0000000761200000, 0x0000000761200000|100%|HC|  |TAMS 0x0000000761000000| PB 0x0000000761000000| Complete |  0
| 219|0x0000000761200000, 0x0000000761400000, 0x0000000761400000|100%|HS|  |TAMS 0x0000000761200000| PB 0x0000000761200000| Complete |  0
| 220|0x0000000761400000, 0x0000000761600000, 0x0000000761600000|100%|HC|  |TAMS 0x0000000761400000| PB 0x0000000761400000| Complete |  0
| 221|0x0000000761600000, 0x0000000761800000, 0x0000000761800000|100%|HC|  |TAMS 0x0000000761600000| PB 0x0000000761600000| Complete |  0
| 222|0x0000000761800000, 0x0000000761a00000, 0x0000000761a00000|100%|HC|  |TAMS 0x0000000761800000| PB 0x0000000761800000| Complete |  0
| 223|0x0000000761a00000, 0x0000000761c00000, 0x0000000761c00000|100%|HC|  |TAMS 0x0000000761a00000| PB 0x0000000761a00000| Complete |  0
| 224|0x0000000761c00000, 0x0000000761e00000, 0x0000000761e00000|100%|HC|  |TAMS 0x0000000761c00000| PB 0x0000000761c00000| Complete |  0
| 225|0x0000000761e00000, 0x0000000762000000, 0x0000000762000000|100%|HC|  |TAMS 0x0000000761e00000| PB 0x0000000761e00000| Complete |  0
| 226|0x0000000762000000, 0x0000000762200000, 0x0000000762200000|100%|HC|  |TAMS 0x0000000762000000| PB 0x0000000762000000| Complete |  0
| 227|0x0000000762200000, 0x0000000762400000, 0x0000000762400000|100%|HC|  |TAMS 0x0000000762200000| PB 0x0000000762200000| Complete |  0
| 228|0x0000000762400000, 0x0000000762600000, 0x0000000762600000|100%|HC|  |TAMS 0x0000000762400000| PB 0x0000000762400000| Complete |  0
| 229|0x0000000762600000, 0x0000000762800000, 0x0000000762800000|100%|HC|  |TAMS 0x0000000762600000| PB 0x0000000762600000| Complete |  0
| 230|0x0000000762800000, 0x0000000762a00000, 0x0000000762a00000|100%|HC|  |TAMS 0x0000000762800000| PB 0x0000000762800000| Complete |  0
| 231|0x0000000762a00000, 0x0000000762c00000, 0x0000000762c00000|100%|HC|  |TAMS 0x0000000762a00000| PB 0x0000000762a00000| Complete |  0
| 232|0x0000000762c00000, 0x0000000762e00000, 0x0000000762e00000|100%|HC|  |TAMS 0x0000000762c00000| PB 0x0000000762c00000| Complete |  0
| 233|0x0000000762e00000, 0x0000000763000000, 0x0000000763000000|100%|HC|  |TAMS 0x0000000762e00000| PB 0x0000000762e00000| Complete |  0
| 234|0x0000000763000000, 0x0000000763200000, 0x0000000763200000|100%|HC|  |TAMS 0x0000000763000000| PB 0x0000000763000000| Complete |  0
| 235|0x0000000763200000, 0x0000000763400000, 0x0000000763400000|100%|HC|  |TAMS 0x0000000763200000| PB 0x0000000763200000| Complete |  0
| 236|0x0000000763400000, 0x0000000763600000, 0x0000000763600000|100%|HC|  |TAMS 0x0000000763400000| PB 0x0000000763400000| Complete |  0
| 237|0x0000000763600000, 0x0000000763800000, 0x0000000763800000|100%|HC|  |TAMS 0x0000000763600000| PB 0x0000000763600000| Complete |  0
| 238|0x0000000763800000, 0x0000000763a00000, 0x0000000763a00000|100%|HC|  |TAMS 0x0000000763800000| PB 0x0000000763800000| Complete |  0
| 239|0x0000000763a00000, 0x0000000763c00000, 0x0000000763c00000|100%|HC|  |TAMS 0x0000000763a00000| PB 0x0000000763a00000| Complete |  0
| 240|0x0000000763c00000, 0x0000000763e00000, 0x0000000763e00000|100%|HC|  |TAMS 0x0000000763c00000| PB 0x0000000763c00000| Complete |  0
| 241|0x0000000763e00000, 0x0000000764000000, 0x0000000764000000|100%|HC|  |TAMS 0x0000000763e00000| PB 0x0000000763e00000| Complete |  0
| 242|0x0000000764000000, 0x0000000764200000, 0x0000000764200000|100%|HC|  |TAMS 0x0000000764000000| PB 0x0000000764000000| Complete |  0
| 243|0x0000000764200000, 0x0000000764400000, 0x0000000764400000|100%| E|  |TAMS 0x0000000764200000| PB 0x0000000764200000| Complete |  0
| 244|0x0000000764400000, 0x0000000764600000, 0x0000000764600000|100%| E|CS|TAMS 0x0000000764400000| PB 0x0000000764400000| Complete |  0
| 245|0x0000000764600000, 0x0000000764800000, 0x0000000764800000|100%| E|CS|TAMS 0x0000000764600000| PB 0x0000000764600000| Complete |  0
| 246|0x0000000764800000, 0x0000000764a00000, 0x0000000764a00000|100%| E|CS|TAMS 0x0000000764800000| PB 0x0000000764800000| Complete |  0
| 247|0x0000000764a00000, 0x0000000764c00000, 0x0000000764c00000|100%| E|CS|TAMS 0x0000000764a00000| PB 0x0000000764a00000| Complete |  0
| 248|0x0000000764c00000, 0x0000000764e00000, 0x0000000764e00000|100%| E|CS|TAMS 0x0000000764c00000| PB 0x0000000764c00000| Complete |  0
| 249|0x0000000764e00000, 0x0000000765000000, 0x0000000765000000|100%| E|  |TAMS 0x0000000764e00000| PB 0x0000000764e00000| Complete |  0
| 250|0x0000000765000000, 0x00000007650947d0, 0x0000000765200000| 29%| S|CS|TAMS 0x0000000765000000| PB 0x0000000765000000| Complete |  0
| 251|0x0000000765200000, 0x0000000765400000, 0x0000000765400000|100%| E|CS|TAMS 0x0000000765200000| PB 0x0000000765200000| Complete |  0
| 252|0x0000000765400000, 0x0000000765600000, 0x0000000765600000|100%| E|CS|TAMS 0x0000000765400000| PB 0x0000000765400000| Complete |  0
| 253|0x0000000765600000, 0x0000000765800000, 0x0000000765800000|100%|HS|  |TAMS 0x0000000765600000| PB 0x0000000765600000| Complete |  0
| 254|0x0000000765800000, 0x0000000765a00000, 0x0000000765a00000|100%|HC|  |TAMS 0x0000000765800000| PB 0x0000000765800000| Complete |  0
| 255|0x0000000765a00000, 0x0000000765c00000, 0x0000000765c00000|100%|HC|  |TAMS 0x0000000765a00000| PB 0x0000000765a00000| Complete |  0
| 256|0x0000000765c00000, 0x0000000765e00000, 0x0000000765e00000|100%|HC|  |TAMS 0x0000000765c00000| PB 0x0000000765c00000| Complete |  0
| 257|0x0000000765e00000, 0x0000000766000000, 0x0000000766000000|100%|HC|  |TAMS 0x0000000765e00000| PB 0x0000000765e00000| Complete |  0
| 258|0x0000000766000000, 0x0000000766200000, 0x0000000766200000|100%|HC|  |TAMS 0x0000000766000000| PB 0x0000000766000000| Complete |  0
| 259|0x0000000766200000, 0x0000000766400000, 0x0000000766400000|100%|HC|  |TAMS 0x0000000766200000| PB 0x0000000766200000| Complete |  0
| 260|0x0000000766400000, 0x0000000766600000, 0x0000000766600000|100%|HC|  |TAMS 0x0000000766400000| PB 0x0000000766400000| Complete |  0
| 261|0x0000000766600000, 0x0000000766800000, 0x0000000766800000|100%|HC|  |TAMS 0x0000000766600000| PB 0x0000000766600000| Complete |  0
| 262|0x0000000766800000, 0x0000000766a00000, 0x0000000766a00000|100%|HC|  |TAMS 0x0000000766800000| PB 0x0000000766800000| Complete |  0
| 263|0x0000000766a00000, 0x0000000766c00000, 0x0000000766c00000|100%|HC|  |TAMS 0x0000000766a00000| PB 0x0000000766a00000| Complete |  0
| 264|0x0000000766c00000, 0x0000000766e00000, 0x0000000766e00000|100%|HC|  |TAMS 0x0000000766c00000| PB 0x0000000766c00000| Complete |  0
| 265|0x0000000766e00000, 0x0000000767000000, 0x0000000767000000|100%|HC|  |TAMS 0x0000000766e00000| PB 0x0000000766e00000| Complete |  0
| 266|0x0000000767000000, 0x0000000767200000, 0x0000000767200000|100%|HC|  |TAMS 0x0000000767000000| PB 0x0000000767000000| Complete |  0
| 267|0x0000000767200000, 0x0000000767400000, 0x0000000767400000|100%|HC|  |TAMS 0x0000000767200000| PB 0x0000000767200000| Complete |  0
| 268|0x0000000767400000, 0x0000000767600000, 0x0000000767600000|100%|HC|  |TAMS 0x0000000767400000| PB 0x0000000767400000| Complete |  0
| 269|0x0000000767600000, 0x0000000767800000, 0x0000000767800000|100%|HC|  |TAMS 0x0000000767600000| PB 0x0000000767600000| Complete |  0
| 270|0x0000000767800000, 0x0000000767a00000, 0x0000000767a00000|100%|HC|  |TAMS 0x0000000767800000| PB 0x0000000767800000| Complete |  0
| 271|0x0000000767a00000, 0x0000000767c00000, 0x0000000767c00000|100%|HC|  |TAMS 0x0000000767a00000| PB 0x0000000767a00000| Complete |  0
| 272|0x0000000767c00000, 0x0000000767e00000, 0x0000000767e00000|100%|HC|  |TAMS 0x0000000767c00000| PB 0x0000000767c00000| Complete |  0
| 273|0x0000000767e00000, 0x0000000768000000, 0x0000000768000000|100%|HC|  |TAMS 0x0000000767e00000| PB 0x0000000767e00000| Complete |  0
| 274|0x0000000768000000, 0x0000000768200000, 0x0000000768200000|100%|HC|  |TAMS 0x0000000768000000| PB 0x0000000768000000| Complete |  0
| 275|0x0000000768200000, 0x0000000768400000, 0x0000000768400000|100%|HC|  |TAMS 0x0000000768200000| PB 0x0000000768200000| Complete |  0
| 276|0x0000000768400000, 0x0000000768600000, 0x0000000768600000|100%|HC|  |TAMS 0x0000000768400000| PB 0x0000000768400000| Complete |  0
| 277|0x0000000768600000, 0x0000000768800000, 0x0000000768800000|100%|HS|  |TAMS 0x0000000768600000| PB 0x0000000768600000| Complete |  0
| 278|0x0000000768800000, 0x0000000768a00000, 0x0000000768a00000|100%|HC|  |TAMS 0x0000000768800000| PB 0x0000000768800000| Complete |  0
| 279|0x0000000768a00000, 0x0000000768c00000, 0x0000000768c00000|100%|HC|  |TAMS 0x0000000768a00000| PB 0x0000000768a00000| Complete |  0
| 280|0x0000000768c00000, 0x0000000768e00000, 0x0000000768e00000|100%|HC|  |TAMS 0x0000000768c00000| PB 0x0000000768c00000| Complete |  0
| 281|0x0000000768e00000, 0x0000000769000000, 0x0000000769000000|100%|HC|  |TAMS 0x0000000768e00000| PB 0x0000000768e00000| Complete |  0
| 282|0x0000000769000000, 0x0000000769200000, 0x0000000769200000|100%|HC|  |TAMS 0x0000000769000000| PB 0x0000000769000000| Complete |  0
| 283|0x0000000769200000, 0x0000000769400000, 0x0000000769400000|100%|HC|  |TAMS 0x0000000769200000| PB 0x0000000769200000| Complete |  0
| 284|0x0000000769400000, 0x0000000769600000, 0x0000000769600000|100%|HC|  |TAMS 0x0000000769400000| PB 0x0000000769400000| Complete |  0
| 285|0x0000000769600000, 0x0000000769800000, 0x0000000769800000|100%|HC|  |TAMS 0x0000000769600000| PB 0x0000000769600000| Complete |  0
| 286|0x0000000769800000, 0x0000000769a00000, 0x0000000769a00000|100%|HC|  |TAMS 0x0000000769800000| PB 0x0000000769800000| Complete |  0
| 287|0x0000000769a00000, 0x0000000769c00000, 0x0000000769c00000|100%|HC|  |TAMS 0x0000000769a00000| PB 0x0000000769a00000| Complete |  0
| 288|0x0000000769c00000, 0x0000000769e00000, 0x0000000769e00000|100%|HC|  |TAMS 0x0000000769c00000| PB 0x0000000769c00000| Complete |  0
| 289|0x0000000769e00000, 0x000000076a000000, 0x000000076a000000|100%|HC|  |TAMS 0x0000000769e00000| PB 0x0000000769e00000| Complete |  0
| 290|0x000000076a000000, 0x000000076a200000, 0x000000076a200000|100%|HC|  |TAMS 0x000000076a000000| PB 0x000000076a000000| Complete |  0
| 291|0x000000076a200000, 0x000000076a400000, 0x000000076a400000|100%|HC|  |TAMS 0x000000076a200000| PB 0x000000076a200000| Complete |  0
| 292|0x000000076a400000, 0x000000076a600000, 0x000000076a600000|100%|HC|  |TAMS 0x000000076a400000| PB 0x000000076a400000| Complete |  0
| 293|0x000000076a600000, 0x000000076a800000, 0x000000076a800000|100%|HC|  |TAMS 0x000000076a600000| PB 0x000000076a600000| Complete |  0
| 294|0x000000076a800000, 0x000000076aa00000, 0x000000076aa00000|100%|HC|  |TAMS 0x000000076a800000| PB 0x000000076a800000| Complete |  0
| 295|0x000000076aa00000, 0x000000076ac00000, 0x000000076ac00000|100%|HC|  |TAMS 0x000000076aa00000| PB 0x000000076aa00000| Complete |  0
| 296|0x000000076ac00000, 0x000000076ae00000, 0x000000076ae00000|100%|HC|  |TAMS 0x000000076ac00000| PB 0x000000076ac00000| Complete |  0
| 297|0x000000076ae00000, 0x000000076b000000, 0x000000076b000000|100%|HC|  |TAMS 0x000000076ae00000| PB 0x000000076ae00000| Complete |  0
| 298|0x000000076b000000, 0x000000076b200000, 0x000000076b200000|100%|HC|  |TAMS 0x000000076b000000| PB 0x000000076b000000| Complete |  0
| 299|0x000000076b200000, 0x000000076b400000, 0x000000076b400000|100%|HC|  |TAMS 0x000000076b200000| PB 0x000000076b200000| Complete |  0
| 300|0x000000076b400000, 0x000000076b600000, 0x000000076b600000|100%|HC|  |TAMS 0x000000076b400000| PB 0x000000076b400000| Complete |  0
| 301|0x000000076b600000, 0x000000076b800000, 0x000000076b800000|100%|HS|  |TAMS 0x000000076b600000| PB 0x000000076b600000| Complete |  0
| 302|0x000000076b800000, 0x000000076ba00000, 0x000000076ba00000|100%|HC|  |TAMS 0x000000076b800000| PB 0x000000076b800000| Complete |  0
| 303|0x000000076ba00000, 0x000000076bc00000, 0x000000076bc00000|100%|HC|  |TAMS 0x000000076ba00000| PB 0x000000076ba00000| Complete |  0
| 304|0x000000076bc00000, 0x000000076be00000, 0x000000076be00000|100%|HC|  |TAMS 0x000000076bc00000| PB 0x000000076bc00000| Complete |  0
| 305|0x000000076be00000, 0x000000076c000000, 0x000000076c000000|100%|HC|  |TAMS 0x000000076be00000| PB 0x000000076be00000| Complete |  0
| 306|0x000000076c000000, 0x000000076c200000, 0x000000076c200000|100%|HC|  |TAMS 0x000000076c000000| PB 0x000000076c000000| Complete |  0
| 307|0x000000076c200000, 0x000000076c400000, 0x000000076c400000|100%|HC|  |TAMS 0x000000076c200000| PB 0x000000076c200000| Complete |  0
| 308|0x000000076c400000, 0x000000076c600000, 0x000000076c600000|100%|HC|  |TAMS 0x000000076c400000| PB 0x000000076c400000| Complete |  0
| 309|0x000000076c600000, 0x000000076c800000, 0x000000076c800000|100%|HC|  |TAMS 0x000000076c600000| PB 0x000000076c600000| Complete |  0
| 310|0x000000076c800000, 0x000000076ca00000, 0x000000076ca00000|100%|HC|  |TAMS 0x000000076c800000| PB 0x000000076c800000| Complete |  0
| 311|0x000000076ca00000, 0x000000076cc00000, 0x000000076cc00000|100%|HC|  |TAMS 0x000000076ca00000| PB 0x000000076ca00000| Complete |  0
| 312|0x000000076cc00000, 0x000000076ce00000, 0x000000076ce00000|100%|HC|  |TAMS 0x000000076cc00000| PB 0x000000076cc00000| Complete |  0
| 313|0x000000076ce00000, 0x000000076d000000, 0x000000076d000000|100%|HC|  |TAMS 0x000000076ce00000| PB 0x000000076ce00000| Complete |  0
| 314|0x000000076d000000, 0x000000076d200000, 0x000000076d200000|100%|HC|  |TAMS 0x000000076d000000| PB 0x000000076d000000| Complete |  0
| 315|0x000000076d200000, 0x000000076d400000, 0x000000076d400000|100%|HC|  |TAMS 0x000000076d200000| PB 0x000000076d200000| Complete |  0
| 316|0x000000076d400000, 0x000000076d600000, 0x000000076d600000|100%|HC|  |TAMS 0x000000076d400000| PB 0x000000076d400000| Complete |  0
| 317|0x000000076d600000, 0x000000076d800000, 0x000000076d800000|100%|HC|  |TAMS 0x000000076d600000| PB 0x000000076d600000| Complete |  0
| 318|0x000000076d800000, 0x000000076da00000, 0x000000076da00000|100%|HC|  |TAMS 0x000000076d800000| PB 0x000000076d800000| Complete |  0
| 319|0x000000076da00000, 0x000000076dc00000, 0x000000076dc00000|100%|HC|  |TAMS 0x000000076da00000| PB 0x000000076da00000| Complete |  0
| 320|0x000000076dc00000, 0x000000076de00000, 0x000000076de00000|100%|HC|  |TAMS 0x000000076dc00000| PB 0x000000076dc00000| Complete |  0
| 321|0x000000076de00000, 0x000000076e000000, 0x000000076e000000|100%|HC|  |TAMS 0x000000076de00000| PB 0x000000076de00000| Complete |  0
| 322|0x000000076e000000, 0x000000076e200000, 0x000000076e200000|100%|HC|  |TAMS 0x000000076e000000| PB 0x000000076e000000| Complete |  0
| 323|0x000000076e200000, 0x000000076e400000, 0x000000076e400000|100%|HC|  |TAMS 0x000000076e200000| PB 0x000000076e200000| Complete |  0
| 324|0x000000076e400000, 0x000000076e600000, 0x000000076e600000|100%|HC|  |TAMS 0x000000076e400000| PB 0x000000076e400000| Complete |  0
| 325|0x000000076e600000, 0x000000076e800000, 0x000000076e800000|100%|HS|  |TAMS 0x000000076e600000| PB 0x000000076e600000| Complete |  0
| 326|0x000000076e800000, 0x000000076ea00000, 0x000000076ea00000|100%|HC|  |TAMS 0x000000076e800000| PB 0x000000076e800000| Complete |  0
| 327|0x000000076ea00000, 0x000000076ec00000, 0x000000076ec00000|100%|HC|  |TAMS 0x000000076ea00000| PB 0x000000076ea00000| Complete |  0
| 328|0x000000076ec00000, 0x000000076ee00000, 0x000000076ee00000|100%|HC|  |TAMS 0x000000076ec00000| PB 0x000000076ec00000| Complete |  0
| 329|0x000000076ee00000, 0x000000076f000000, 0x000000076f000000|100%|HC|  |TAMS 0x000000076ee00000| PB 0x000000076ee00000| Complete |  0
| 330|0x000000076f000000, 0x000000076f200000, 0x000000076f200000|100%|HC|  |TAMS 0x000000076f000000| PB 0x000000076f000000| Complete |  0
| 331|0x000000076f200000, 0x000000076f400000, 0x000000076f400000|100%|HC|  |TAMS 0x000000076f200000| PB 0x000000076f200000| Complete |  0
| 332|0x000000076f400000, 0x000000076f600000, 0x000000076f600000|100%|HC|  |TAMS 0x000000076f400000| PB 0x000000076f400000| Complete |  0
| 333|0x000000076f600000, 0x000000076f800000, 0x000000076f800000|100%|HC|  |TAMS 0x000000076f600000| PB 0x000000076f600000| Complete |  0
| 334|0x000000076f800000, 0x000000076fa00000, 0x000000076fa00000|100%|HC|  |TAMS 0x000000076f800000| PB 0x000000076f800000| Complete |  0
| 335|0x000000076fa00000, 0x000000076fc00000, 0x000000076fc00000|100%|HC|  |TAMS 0x000000076fa00000| PB 0x000000076fa00000| Complete |  0
| 336|0x000000076fc00000, 0x000000076fe00000, 0x000000076fe00000|100%|HC|  |TAMS 0x000000076fc00000| PB 0x000000076fc00000| Complete |  0
| 337|0x000000076fe00000, 0x0000000770000000, 0x0000000770000000|100%|HC|  |TAMS 0x000000076fe00000| PB 0x000000076fe00000| Complete |  0
| 338|0x0000000770000000, 0x0000000770200000, 0x0000000770200000|100%|HC|  |TAMS 0x0000000770000000| PB 0x0000000770000000| Complete |  0
| 339|0x0000000770200000, 0x0000000770400000, 0x0000000770400000|100%|HC|  |TAMS 0x0000000770200000| PB 0x0000000770200000| Complete |  0
| 340|0x0000000770400000, 0x0000000770600000, 0x0000000770600000|100%|HC|  |TAMS 0x0000000770400000| PB 0x0000000770400000| Complete |  0
| 341|0x0000000770600000, 0x0000000770800000, 0x0000000770800000|100%|HC|  |TAMS 0x0000000770600000| PB 0x0000000770600000| Complete |  0
| 342|0x0000000770800000, 0x0000000770a00000, 0x0000000770a00000|100%|HC|  |TAMS 0x0000000770800000| PB 0x0000000770800000| Complete |  0
| 343|0x0000000770a00000, 0x0000000770c00000, 0x0000000770c00000|100%|HC|  |TAMS 0x0000000770a00000| PB 0x0000000770a00000| Complete |  0
| 344|0x0000000770c00000, 0x0000000770e00000, 0x0000000770e00000|100%|HC|  |TAMS 0x0000000770c00000| PB 0x0000000770c00000| Complete |  0
| 345|0x0000000770e00000, 0x0000000771000000, 0x0000000771000000|100%|HC|  |TAMS 0x0000000770e00000| PB 0x0000000770e00000| Complete |  0
| 346|0x0000000771000000, 0x0000000771200000, 0x0000000771200000|100%|HC|  |TAMS 0x0000000771000000| PB 0x0000000771000000| Complete |  0
| 347|0x0000000771200000, 0x0000000771400000, 0x0000000771400000|100%|HC|  |TAMS 0x0000000771200000| PB 0x0000000771200000| Complete |  0
| 348|0x0000000771400000, 0x0000000771600000, 0x0000000771600000|100%|HC|  |TAMS 0x0000000771400000| PB 0x0000000771400000| Complete |  0
| 349|0x0000000771600000, 0x0000000771800000, 0x0000000771800000|100%|HS|  |TAMS 0x0000000771600000| PB 0x0000000771600000| Complete |  0
| 350|0x0000000771800000, 0x0000000771a00000, 0x0000000771a00000|100%|HC|  |TAMS 0x0000000771800000| PB 0x0000000771800000| Complete |  0
| 351|0x0000000771a00000, 0x0000000771c00000, 0x0000000771c00000|100%|HC|  |TAMS 0x0000000771a00000| PB 0x0000000771a00000| Complete |  0
| 352|0x0000000771c00000, 0x0000000771e00000, 0x0000000771e00000|100%|HC|  |TAMS 0x0000000771c00000| PB 0x0000000771c00000| Complete |  0
| 353|0x0000000771e00000, 0x0000000772000000, 0x0000000772000000|100%|HC|  |TAMS 0x0000000771e00000| PB 0x0000000771e00000| Complete |  0
| 354|0x0000000772000000, 0x0000000772200000, 0x0000000772200000|100%|HC|  |TAMS 0x0000000772000000| PB 0x0000000772000000| Complete |  0
| 355|0x0000000772200000, 0x0000000772400000, 0x0000000772400000|100%|HC|  |TAMS 0x0000000772200000| PB 0x0000000772200000| Complete |  0
| 356|0x0000000772400000, 0x0000000772600000, 0x0000000772600000|100%|HC|  |TAMS 0x0000000772400000| PB 0x0000000772400000| Complete |  0
| 357|0x0000000772600000, 0x0000000772800000, 0x0000000772800000|100%|HC|  |TAMS 0x0000000772600000| PB 0x0000000772600000| Complete |  0
| 358|0x0000000772800000, 0x0000000772a00000, 0x0000000772a00000|100%|HC|  |TAMS 0x0000000772800000| PB 0x0000000772800000| Complete |  0
| 359|0x0000000772a00000, 0x0000000772c00000, 0x0000000772c00000|100%|HC|  |TAMS 0x0000000772a00000| PB 0x0000000772a00000| Complete |  0
| 360|0x0000000772c00000, 0x0000000772e00000, 0x0000000772e00000|100%|HC|  |TAMS 0x0000000772c00000| PB 0x0000000772c00000| Complete |  0
| 361|0x0000000772e00000, 0x0000000773000000, 0x0000000773000000|100%|HC|  |TAMS 0x0000000772e00000| PB 0x0000000772e00000| Complete |  0
| 362|0x0000000773000000, 0x0000000773200000, 0x0000000773200000|100%|HC|  |TAMS 0x0000000773000000| PB 0x0000000773000000| Complete |  0
| 363|0x0000000773200000, 0x0000000773400000, 0x0000000773400000|100%|HC|  |TAMS 0x0000000773200000| PB 0x0000000773200000| Complete |  0
| 364|0x0000000773400000, 0x0000000773600000, 0x0000000773600000|100%|HC|  |TAMS 0x0000000773400000| PB 0x0000000773400000| Complete |  0
| 365|0x0000000773600000, 0x0000000773800000, 0x0000000773800000|100%|HC|  |TAMS 0x0000000773600000| PB 0x0000000773600000| Complete |  0
| 366|0x0000000773800000, 0x0000000773a00000, 0x0000000773a00000|100%|HC|  |TAMS 0x0000000773800000| PB 0x0000000773800000| Complete |  0
| 367|0x0000000773a00000, 0x0000000773c00000, 0x0000000773c00000|100%|HC|  |TAMS 0x0000000773a00000| PB 0x0000000773a00000| Complete |  0
| 368|0x0000000773c00000, 0x0000000773e00000, 0x0000000773e00000|100%|HC|  |TAMS 0x0000000773c00000| PB 0x0000000773c00000| Complete |  0
| 369|0x0000000773e00000, 0x0000000774000000, 0x0000000774000000|100%|HC|  |TAMS 0x0000000773e00000| PB 0x0000000773e00000| Complete |  0
| 370|0x0000000774000000, 0x0000000774200000, 0x0000000774200000|100%|HC|  |TAMS 0x0000000774000000| PB 0x0000000774000000| Complete |  0
| 371|0x0000000774200000, 0x0000000774400000, 0x0000000774400000|100%|HC|  |TAMS 0x0000000774200000| PB 0x0000000774200000| Complete |  0
| 372|0x0000000774400000, 0x0000000774600000, 0x0000000774600000|100%|HC|  |TAMS 0x0000000774400000| PB 0x0000000774400000| Complete |  0
| 373|0x0000000774600000, 0x0000000774800000, 0x0000000774800000|100%|HS|  |TAMS 0x0000000774600000| PB 0x0000000774600000| Complete |  0
| 374|0x0000000774800000, 0x0000000774a00000, 0x0000000774a00000|100%|HC|  |TAMS 0x0000000774800000| PB 0x0000000774800000| Complete |  0
| 375|0x0000000774a00000, 0x0000000774c00000, 0x0000000774c00000|100%|HC|  |TAMS 0x0000000774a00000| PB 0x0000000774a00000| Complete |  0
| 376|0x0000000774c00000, 0x0000000774e00000, 0x0000000774e00000|100%|HC|  |TAMS 0x0000000774c00000| PB 0x0000000774c00000| Complete |  0
| 377|0x0000000774e00000, 0x0000000775000000, 0x0000000775000000|100%|HC|  |TAMS 0x0000000774e00000| PB 0x0000000774e00000| Complete |  0
| 378|0x0000000775000000, 0x0000000775200000, 0x0000000775200000|100%|HC|  |TAMS 0x0000000775000000| PB 0x0000000775000000| Complete |  0
| 379|0x0000000775200000, 0x0000000775400000, 0x0000000775400000|100%|HC|  |TAMS 0x0000000775200000| PB 0x0000000775200000| Complete |  0
| 380|0x0000000775400000, 0x0000000775600000, 0x0000000775600000|100%|HC|  |TAMS 0x0000000775400000| PB 0x0000000775400000| Complete |  0
| 381|0x0000000775600000, 0x0000000775800000, 0x0000000775800000|100%|HC|  |TAMS 0x0000000775600000| PB 0x0000000775600000| Complete |  0
| 382|0x0000000775800000, 0x0000000775a00000, 0x0000000775a00000|100%|HC|  |TAMS 0x0000000775800000| PB 0x0000000775800000| Complete |  0
| 383|0x0000000775a00000, 0x0000000775c00000, 0x0000000775c00000|100%|HC|  |TAMS 0x0000000775a00000| PB 0x0000000775a00000| Complete |  0
| 384|0x0000000775c00000, 0x0000000775e00000, 0x0000000775e00000|100%|HC|  |TAMS 0x0000000775c00000| PB 0x0000000775c00000| Complete |  0
| 385|0x0000000775e00000, 0x0000000776000000, 0x0000000776000000|100%|HC|  |TAMS 0x0000000775e00000| PB 0x0000000775e00000| Complete |  0
| 386|0x0000000776000000, 0x0000000776200000, 0x0000000776200000|100%|HC|  |TAMS 0x0000000776000000| PB 0x0000000776000000| Complete |  0
| 387|0x0000000776200000, 0x0000000776400000, 0x0000000776400000|100%|HC|  |TAMS 0x0000000776200000| PB 0x0000000776200000| Complete |  0
| 388|0x0000000776400000, 0x0000000776600000, 0x0000000776600000|100%|HC|  |TAMS 0x0000000776400000| PB 0x0000000776400000| Complete |  0
| 389|0x0000000776600000, 0x0000000776800000, 0x0000000776800000|100%|HC|  |TAMS 0x0000000776600000| PB 0x0000000776600000| Complete |  0
| 390|0x0000000776800000, 0x0000000776a00000, 0x0000000776a00000|100%|HC|  |TAMS 0x0000000776800000| PB 0x0000000776800000| Complete |  0
| 391|0x0000000776a00000, 0x0000000776c00000, 0x0000000776c00000|100%|HC|  |TAMS 0x0000000776a00000| PB 0x0000000776a00000| Complete |  0
| 392|0x0000000776c00000, 0x0000000776e00000, 0x0000000776e00000|100%|HC|  |TAMS 0x0000000776c00000| PB 0x0000000776c00000| Complete |  0
| 393|0x0000000776e00000, 0x0000000777000000, 0x0000000777000000|100%|HC|  |TAMS 0x0000000776e00000| PB 0x0000000776e00000| Complete |  0
| 394|0x0000000777000000, 0x0000000777200000, 0x0000000777200000|100%|HC|  |TAMS 0x0000000777000000| PB 0x0000000777000000| Complete |  0
| 395|0x0000000777200000, 0x0000000777400000, 0x0000000777400000|100%|HC|  |TAMS 0x0000000777200000| PB 0x0000000777200000| Complete |  0
| 396|0x0000000777400000, 0x0000000777600000, 0x0000000777600000|100%|HC|  |TAMS 0x0000000777400000| PB 0x0000000777400000| Complete |  0
| 397|0x0000000777600000, 0x0000000777800000, 0x0000000777800000|100%|HS|  |TAMS 0x0000000777600000| PB 0x0000000777600000| Complete |  0
| 398|0x0000000777800000, 0x0000000777a00000, 0x0000000777a00000|100%|HC|  |TAMS 0x0000000777800000| PB 0x0000000777800000| Complete |  0
| 399|0x0000000777a00000, 0x0000000777c00000, 0x0000000777c00000|100%|HC|  |TAMS 0x0000000777a00000| PB 0x0000000777a00000| Complete |  0
| 400|0x0000000777c00000, 0x0000000777e00000, 0x0000000777e00000|100%|HC|  |TAMS 0x0000000777c00000| PB 0x0000000777c00000| Complete |  0
| 401|0x0000000777e00000, 0x0000000778000000, 0x0000000778000000|100%|HC|  |TAMS 0x0000000777e00000| PB 0x0000000777e00000| Complete |  0
| 402|0x0000000778000000, 0x0000000778200000, 0x0000000778200000|100%|HC|  |TAMS 0x0000000778000000| PB 0x0000000778000000| Complete |  0
| 403|0x0000000778200000, 0x0000000778400000, 0x0000000778400000|100%|HC|  |TAMS 0x0000000778200000| PB 0x0000000778200000| Complete |  0
| 404|0x0000000778400000, 0x0000000778600000, 0x0000000778600000|100%|HC|  |TAMS 0x0000000778400000| PB 0x0000000778400000| Complete |  0
| 405|0x0000000778600000, 0x0000000778800000, 0x0000000778800000|100%|HC|  |TAMS 0x0000000778600000| PB 0x0000000778600000| Complete |  0
| 406|0x0000000778800000, 0x0000000778a00000, 0x0000000778a00000|100%|HC|  |TAMS 0x0000000778800000| PB 0x0000000778800000| Complete |  0
| 407|0x0000000778a00000, 0x0000000778c00000, 0x0000000778c00000|100%|HC|  |TAMS 0x0000000778a00000| PB 0x0000000778a00000| Complete |  0
| 408|0x0000000778c00000, 0x0000000778e00000, 0x0000000778e00000|100%|HC|  |TAMS 0x0000000778c00000| PB 0x0000000778c00000| Complete |  0
| 409|0x0000000778e00000, 0x0000000779000000, 0x0000000779000000|100%|HC|  |TAMS 0x0000000778e00000| PB 0x0000000778e00000| Complete |  0
| 410|0x0000000779000000, 0x0000000779200000, 0x0000000779200000|100%|HC|  |TAMS 0x0000000779000000| PB 0x0000000779000000| Complete |  0
| 411|0x0000000779200000, 0x0000000779400000, 0x0000000779400000|100%|HC|  |TAMS 0x0000000779200000| PB 0x0000000779200000| Complete |  0
| 412|0x0000000779400000, 0x0000000779600000, 0x0000000779600000|100%|HC|  |TAMS 0x0000000779400000| PB 0x0000000779400000| Complete |  0
| 413|0x0000000779600000, 0x0000000779800000, 0x0000000779800000|100%|HC|  |TAMS 0x0000000779600000| PB 0x0000000779600000| Complete |  0
| 414|0x0000000779800000, 0x0000000779a00000, 0x0000000779a00000|100%|HC|  |TAMS 0x0000000779800000| PB 0x0000000779800000| Complete |  0
| 415|0x0000000779a00000, 0x0000000779c00000, 0x0000000779c00000|100%|HC|  |TAMS 0x0000000779a00000| PB 0x0000000779a00000| Complete |  0
| 416|0x0000000779c00000, 0x0000000779e00000, 0x0000000779e00000|100%|HC|  |TAMS 0x0000000779c00000| PB 0x0000000779c00000| Complete |  0
| 417|0x0000000779e00000, 0x000000077a000000, 0x000000077a000000|100%|HC|  |TAMS 0x0000000779e00000| PB 0x0000000779e00000| Complete |  0
| 418|0x000000077a000000, 0x000000077a200000, 0x000000077a200000|100%|HC|  |TAMS 0x000000077a000000| PB 0x000000077a000000| Complete |  0
| 419|0x000000077a200000, 0x000000077a400000, 0x000000077a400000|100%|HC|  |TAMS 0x000000077a200000| PB 0x000000077a200000| Complete |  0
| 420|0x000000077a400000, 0x000000077a600000, 0x000000077a600000|100%|HC|  |TAMS 0x000000077a400000| PB 0x000000077a400000| Complete |  0
| 421|0x000000077a600000, 0x000000077a800000, 0x000000077a800000|100%|HS|  |TAMS 0x000000077a600000| PB 0x000000077a600000| Complete |  0
| 422|0x000000077a800000, 0x000000077aa00000, 0x000000077aa00000|100%|HC|  |TAMS 0x000000077a800000| PB 0x000000077a800000| Complete |  0
| 423|0x000000077aa00000, 0x000000077ac00000, 0x000000077ac00000|100%|HC|  |TAMS 0x000000077aa00000| PB 0x000000077aa00000| Complete |  0
| 424|0x000000077ac00000, 0x000000077ae00000, 0x000000077ae00000|100%|HC|  |TAMS 0x000000077ac00000| PB 0x000000077ac00000| Complete |  0
| 425|0x000000077ae00000, 0x000000077b000000, 0x000000077b000000|100%|HC|  |TAMS 0x000000077ae00000| PB 0x000000077ae00000| Complete |  0
| 426|0x000000077b000000, 0x000000077b200000, 0x000000077b200000|100%|HC|  |TAMS 0x000000077b000000| PB 0x000000077b000000| Complete |  0
| 427|0x000000077b200000, 0x000000077b400000, 0x000000077b400000|100%|HC|  |TAMS 0x000000077b200000| PB 0x000000077b200000| Complete |  0
| 428|0x000000077b400000, 0x000000077b600000, 0x000000077b600000|100%|HC|  |TAMS 0x000000077b400000| PB 0x000000077b400000| Complete |  0
| 429|0x000000077b600000, 0x000000077b800000, 0x000000077b800000|100%|HC|  |TAMS 0x000000077b600000| PB 0x000000077b600000| Complete |  0
| 430|0x000000077b800000, 0x000000077ba00000, 0x000000077ba00000|100%|HC|  |TAMS 0x000000077b800000| PB 0x000000077b800000| Complete |  0
| 431|0x000000077ba00000, 0x000000077bc00000, 0x000000077bc00000|100%|HC|  |TAMS 0x000000077ba00000| PB 0x000000077ba00000| Complete |  0
| 432|0x000000077bc00000, 0x000000077be00000, 0x000000077be00000|100%|HC|  |TAMS 0x000000077bc00000| PB 0x000000077bc00000| Complete |  0
| 433|0x000000077be00000, 0x000000077c000000, 0x000000077c000000|100%|HC|  |TAMS 0x000000077be00000| PB 0x000000077be00000| Complete |  0
| 434|0x000000077c000000, 0x000000077c200000, 0x000000077c200000|100%|HC|  |TAMS 0x000000077c000000| PB 0x000000077c000000| Complete |  0
| 435|0x000000077c200000, 0x000000077c400000, 0x000000077c400000|100%|HC|  |TAMS 0x000000077c200000| PB 0x000000077c200000| Complete |  0
| 436|0x000000077c400000, 0x000000077c600000, 0x000000077c600000|100%|HC|  |TAMS 0x000000077c400000| PB 0x000000077c400000| Complete |  0
| 437|0x000000077c600000, 0x000000077c800000, 0x000000077c800000|100%|HC|  |TAMS 0x000000077c600000| PB 0x000000077c600000| Complete |  0
| 438|0x000000077c800000, 0x000000077ca00000, 0x000000077ca00000|100%|HC|  |TAMS 0x000000077c800000| PB 0x000000077c800000| Complete |  0
| 439|0x000000077ca00000, 0x000000077cc00000, 0x000000077cc00000|100%|HC|  |TAMS 0x000000077ca00000| PB 0x000000077ca00000| Complete |  0
| 440|0x000000077cc00000, 0x000000077ce00000, 0x000000077ce00000|100%|HC|  |TAMS 0x000000077cc00000| PB 0x000000077cc00000| Complete |  0
| 441|0x000000077ce00000, 0x000000077d000000, 0x000000077d000000|100%|HC|  |TAMS 0x000000077ce00000| PB 0x000000077ce00000| Complete |  0
| 442|0x000000077d000000, 0x000000077d200000, 0x000000077d200000|100%|HC|  |TAMS 0x000000077d000000| PB 0x000000077d000000| Complete |  0
| 443|0x000000077d200000, 0x000000077d400000, 0x000000077d400000|100%|HC|  |TAMS 0x000000077d200000| PB 0x000000077d200000| Complete |  0
| 444|0x000000077d400000, 0x000000077d600000, 0x000000077d600000|100%|HC|  |TAMS 0x000000077d400000| PB 0x000000077d400000| Complete |  0
| 445|0x000000077d600000, 0x000000077d800000, 0x000000077d800000|100%|HS|  |TAMS 0x000000077d600000| PB 0x000000077d600000| Complete |  0
| 446|0x000000077d800000, 0x000000077da00000, 0x000000077da00000|100%|HC|  |TAMS 0x000000077d800000| PB 0x000000077d800000| Complete |  0
| 447|0x000000077da00000, 0x000000077dc00000, 0x000000077dc00000|100%|HC|  |TAMS 0x000000077da00000| PB 0x000000077da00000| Complete |  0
| 448|0x000000077dc00000, 0x000000077de00000, 0x000000077de00000|100%|HC|  |TAMS 0x000000077dc00000| PB 0x000000077dc00000| Complete |  0
| 449|0x000000077de00000, 0x000000077e000000, 0x000000077e000000|100%|HC|  |TAMS 0x000000077de00000| PB 0x000000077de00000| Complete |  0
| 450|0x000000077e000000, 0x000000077e200000, 0x000000077e200000|100%|HC|  |TAMS 0x000000077e000000| PB 0x000000077e000000| Complete |  0
| 451|0x000000077e200000, 0x000000077e400000, 0x000000077e400000|100%|HC|  |TAMS 0x000000077e200000| PB 0x000000077e200000| Complete |  0
| 452|0x000000077e400000, 0x000000077e600000, 0x000000077e600000|100%|HC|  |TAMS 0x000000077e400000| PB 0x000000077e400000| Complete |  0
| 453|0x000000077e600000, 0x000000077e800000, 0x000000077e800000|100%|HC|  |TAMS 0x000000077e600000| PB 0x000000077e600000| Complete |  0
| 454|0x000000077e800000, 0x000000077ea00000, 0x000000077ea00000|100%|HC|  |TAMS 0x000000077e800000| PB 0x000000077e800000| Complete |  0
| 455|0x000000077ea00000, 0x000000077ec00000, 0x000000077ec00000|100%|HC|  |TAMS 0x000000077ea00000| PB 0x000000077ea00000| Complete |  0
| 456|0x000000077ec00000, 0x000000077ee00000, 0x000000077ee00000|100%|HC|  |TAMS 0x000000077ec00000| PB 0x000000077ec00000| Complete |  0
| 457|0x000000077ee00000, 0x000000077f000000, 0x000000077f000000|100%|HC|  |TAMS 0x000000077ee00000| PB 0x000000077ee00000| Complete |  0
| 458|0x000000077f000000, 0x000000077f200000, 0x000000077f200000|100%|HC|  |TAMS 0x000000077f000000| PB 0x000000077f000000| Complete |  0
| 459|0x000000077f200000, 0x000000077f400000, 0x000000077f400000|100%|HC|  |TAMS 0x000000077f200000| PB 0x000000077f200000| Complete |  0
| 460|0x000000077f400000, 0x000000077f600000, 0x000000077f600000|100%|HC|  |TAMS 0x000000077f400000| PB 0x000000077f400000| Complete |  0
| 461|0x000000077f600000, 0x000000077f800000, 0x000000077f800000|100%|HC|  |TAMS 0x000000077f600000| PB 0x000000077f600000| Complete |  0
| 462|0x000000077f800000, 0x000000077fa00000, 0x000000077fa00000|100%|HC|  |TAMS 0x000000077f800000| PB 0x000000077f800000| Complete |  0
| 463|0x000000077fa00000, 0x000000077fc00000, 0x000000077fc00000|100%|HC|  |TAMS 0x000000077fa00000| PB 0x000000077fa00000| Complete |  0
| 464|0x000000077fc00000, 0x000000077fe00000, 0x000000077fe00000|100%|HC|  |TAMS 0x000000077fc00000| PB 0x000000077fc00000| Complete |  0
| 465|0x000000077fe00000, 0x0000000780000000, 0x0000000780000000|100%|HC|  |TAMS 0x000000077fe00000| PB 0x000000077fe00000| Complete |  0
| 466|0x0000000780000000, 0x0000000780200000, 0x0000000780200000|100%|HC|  |TAMS 0x0000000780000000| PB 0x0000000780000000| Complete |  0
| 467|0x0000000780200000, 0x0000000780400000, 0x0000000780400000|100%|HC|  |TAMS 0x0000000780200000| PB 0x0000000780200000| Complete |  0
| 468|0x0000000780400000, 0x0000000780600000, 0x0000000780600000|100%|HC|  |TAMS 0x0000000780400000| PB 0x0000000780400000| Complete |  0
| 469|0x0000000780600000, 0x0000000780800000, 0x0000000780800000|100%|HS|  |TAMS 0x0000000780600000| PB 0x0000000780600000| Complete |  0
| 470|0x0000000780800000, 0x0000000780a00000, 0x0000000780a00000|100%|HC|  |TAMS 0x0000000780800000| PB 0x0000000780800000| Complete |  0
| 471|0x0000000780a00000, 0x0000000780c00000, 0x0000000780c00000|100%|HC|  |TAMS 0x0000000780a00000| PB 0x0000000780a00000| Complete |  0
| 472|0x0000000780c00000, 0x0000000780e00000, 0x0000000780e00000|100%|HC|  |TAMS 0x0000000780c00000| PB 0x0000000780c00000| Complete |  0
| 473|0x0000000780e00000, 0x0000000781000000, 0x0000000781000000|100%|HC|  |TAMS 0x0000000780e00000| PB 0x0000000780e00000| Complete |  0
| 474|0x0000000781000000, 0x0000000781200000, 0x0000000781200000|100%|HC|  |TAMS 0x0000000781000000| PB 0x0000000781000000| Complete |  0
| 475|0x0000000781200000, 0x0000000781400000, 0x0000000781400000|100%|HC|  |TAMS 0x0000000781200000| PB 0x0000000781200000| Complete |  0
| 476|0x0000000781400000, 0x0000000781600000, 0x0000000781600000|100%|HC|  |TAMS 0x0000000781400000| PB 0x0000000781400000| Complete |  0
| 477|0x0000000781600000, 0x0000000781800000, 0x0000000781800000|100%|HC|  |TAMS 0x0000000781600000| PB 0x0000000781600000| Complete |  0
| 478|0x0000000781800000, 0x0000000781a00000, 0x0000000781a00000|100%|HC|  |TAMS 0x0000000781800000| PB 0x0000000781800000| Complete |  0
| 479|0x0000000781a00000, 0x0000000781c00000, 0x0000000781c00000|100%|HS|  |TAMS 0x0000000781a00000| PB 0x0000000781a00000| Complete |  0
| 480|0x0000000781c00000, 0x0000000781e00000, 0x0000000781e00000|100%|HC|  |TAMS 0x0000000781c00000| PB 0x0000000781c00000| Complete |  0
| 481|0x0000000781e00000, 0x0000000782000000, 0x0000000782000000|100%|HC|  |TAMS 0x0000000781e00000| PB 0x0000000781e00000| Complete |  0
| 482|0x0000000782000000, 0x0000000782200000, 0x0000000782200000|100%|HC|  |TAMS 0x0000000782000000| PB 0x0000000782000000| Complete |  0
| 483|0x0000000782200000, 0x0000000782400000, 0x0000000782400000|100%|HC|  |TAMS 0x0000000782200000| PB 0x0000000782200000| Complete |  0
| 484|0x0000000782400000, 0x0000000782600000, 0x0000000782600000|100%|HC|  |TAMS 0x0000000782400000| PB 0x0000000782400000| Complete |  0
| 485|0x0000000782600000, 0x0000000782800000, 0x0000000782800000|100%|HC|  |TAMS 0x0000000782600000| PB 0x0000000782600000| Complete |  0
| 486|0x0000000782800000, 0x0000000782a00000, 0x0000000782a00000|100%|HC|  |TAMS 0x0000000782800000| PB 0x0000000782800000| Complete |  0
| 487|0x0000000782a00000, 0x0000000782c00000, 0x0000000782c00000|100%|HC|  |TAMS 0x0000000782a00000| PB 0x0000000782a00000| Complete |  0
| 488|0x0000000782c00000, 0x0000000782e00000, 0x0000000782e00000|100%|HC|  |TAMS 0x0000000782c00000| PB 0x0000000782c00000| Complete |  0
| 489|0x0000000782e00000, 0x0000000783000000, 0x0000000783000000|100%|HC|  |TAMS 0x0000000782e00000| PB 0x0000000782e00000| Complete |  0
| 490|0x0000000783000000, 0x0000000783200000, 0x0000000783200000|100%|HC|  |TAMS 0x0000000783000000| PB 0x0000000783000000| Complete |  0
| 491|0x0000000783200000, 0x0000000783400000, 0x0000000783400000|100%|HC|  |TAMS 0x0000000783200000| PB 0x0000000783200000| Complete |  0
| 492|0x0000000783400000, 0x0000000783600000, 0x0000000783600000|100%|HC|  |TAMS 0x0000000783400000| PB 0x0000000783400000| Complete |  0
| 493|0x0000000783600000, 0x0000000783800000, 0x0000000783800000|100%|HC|  |TAMS 0x0000000783600000| PB 0x0000000783600000| Complete |  0
| 494|0x0000000783800000, 0x0000000783a00000, 0x0000000783a00000|100%|HC|  |TAMS 0x0000000783800000| PB 0x0000000783800000| Complete |  0
| 495|0x0000000783a00000, 0x0000000783c00000, 0x0000000783c00000|100%|HC|  |TAMS 0x0000000783a00000| PB 0x0000000783a00000| Complete |  0
| 496|0x0000000783c00000, 0x0000000783e00000, 0x0000000783e00000|100%|HC|  |TAMS 0x0000000783c00000| PB 0x0000000783c00000| Complete |  0
| 497|0x0000000783e00000, 0x0000000784000000, 0x0000000784000000|100%|HC|  |TAMS 0x0000000783e00000| PB 0x0000000783e00000| Complete |  0
| 498|0x0000000784000000, 0x0000000784200000, 0x0000000784200000|100%|HS|  |TAMS 0x0000000784000000| PB 0x0000000784000000| Complete |  0
| 499|0x0000000784200000, 0x0000000784400000, 0x0000000784400000|100%|HC|  |TAMS 0x0000000784200000| PB 0x0000000784200000| Complete |  0
| 500|0x0000000784400000, 0x0000000784600000, 0x0000000784600000|100%|HC|  |TAMS 0x0000000784400000| PB 0x0000000784400000| Complete |  0
| 501|0x0000000784600000, 0x0000000784800000, 0x0000000784800000|100%|HC|  |TAMS 0x0000000784600000| PB 0x0000000784600000| Complete |  0
| 502|0x0000000784800000, 0x0000000784a00000, 0x0000000784a00000|100%|HC|  |TAMS 0x0000000784800000| PB 0x0000000784800000| Complete |  0
| 503|0x0000000784a00000, 0x0000000784c00000, 0x0000000784c00000|100%|HC|  |TAMS 0x0000000784a00000| PB 0x0000000784a00000| Complete |  0
| 504|0x0000000784c00000, 0x0000000784e00000, 0x0000000784e00000|100%|HC|  |TAMS 0x0000000784c00000| PB 0x0000000784c00000| Complete |  0
| 505|0x0000000784e00000, 0x0000000785000000, 0x0000000785000000|100%|HC|  |TAMS 0x0000000784e00000| PB 0x0000000784e00000| Complete |  0
| 506|0x0000000785000000, 0x0000000785200000, 0x0000000785200000|100%|HC|  |TAMS 0x0000000785000000| PB 0x0000000785000000| Complete |  0
| 507|0x0000000785200000, 0x0000000785400000, 0x0000000785400000|100%|HC|  |TAMS 0x0000000785200000| PB 0x0000000785200000| Complete |  0
| 508|0x0000000785400000, 0x0000000785600000, 0x0000000785600000|100%|HC|  |TAMS 0x0000000785400000| PB 0x0000000785400000| Complete |  0
| 509|0x0000000785600000, 0x0000000785800000, 0x0000000785800000|100%|HC|  |TAMS 0x0000000785600000| PB 0x0000000785600000| Complete |  0
| 510|0x0000000785800000, 0x0000000785a00000, 0x0000000785a00000|100%|HC|  |TAMS 0x0000000785800000| PB 0x0000000785800000| Complete |  0
| 511|0x0000000785a00000, 0x0000000785c00000, 0x0000000785c00000|100%|HC|  |TAMS 0x0000000785a00000| PB 0x0000000785a00000| Complete |  0
| 512|0x0000000785c00000, 0x0000000785e00000, 0x0000000785e00000|100%|HC|  |TAMS 0x0000000785c00000| PB 0x0000000785c00000| Complete |  0
| 513|0x0000000785e00000, 0x0000000786000000, 0x0000000786000000|100%|HC|  |TAMS 0x0000000785e00000| PB 0x0000000785e00000| Complete |  0
| 514|0x0000000786000000, 0x0000000786200000, 0x0000000786200000|100%|HC|  |TAMS 0x0000000786000000| PB 0x0000000786000000| Complete |  0
| 515|0x0000000786200000, 0x0000000786400000, 0x0000000786400000|100%|HC|  |TAMS 0x0000000786200000| PB 0x0000000786200000| Complete |  0
| 516|0x0000000786400000, 0x0000000786600000, 0x0000000786600000|100%|HC|  |TAMS 0x0000000786400000| PB 0x0000000786400000| Complete |  0
| 517|0x0000000786600000, 0x0000000786800000, 0x0000000786800000|100%|HC|  |TAMS 0x0000000786600000| PB 0x0000000786600000| Complete |  0
| 518|0x0000000786800000, 0x0000000786a00000, 0x0000000786a00000|100%|HC|  |TAMS 0x0000000786800000| PB 0x0000000786800000| Complete |  0
| 519|0x0000000786a00000, 0x0000000786c00000, 0x0000000786c00000|100%|HC|  |TAMS 0x0000000786a00000| PB 0x0000000786a00000| Complete |  0
| 520|0x0000000786c00000, 0x0000000786e00000, 0x0000000786e00000|100%|HC|  |TAMS 0x0000000786c00000| PB 0x0000000786c00000| Complete |  0
| 521|0x0000000786e00000, 0x0000000787000000, 0x0000000787000000|100%|HC|  |TAMS 0x0000000786e00000| PB 0x0000000786e00000| Complete |  0
| 522|0x0000000787000000, 0x0000000787200000, 0x0000000787200000|100%|HC|  |TAMS 0x0000000787000000| PB 0x0000000787000000| Complete |  0
| 523|0x0000000787200000, 0x0000000787400000, 0x0000000787400000|100%|HC|  |TAMS 0x0000000787200000| PB 0x0000000787200000| Complete |  0
| 524|0x0000000787400000, 0x0000000787600000, 0x0000000787600000|100%|HC|  |TAMS 0x0000000787400000| PB 0x0000000787400000| Complete |  0
| 525|0x0000000787600000, 0x0000000787800000, 0x0000000787800000|100%|HC|  |TAMS 0x0000000787600000| PB 0x0000000787600000| Complete |  0
| 526|0x0000000787800000, 0x0000000787a00000, 0x0000000787a00000|100%|HC|  |TAMS 0x0000000787800000| PB 0x0000000787800000| Complete |  0
| 527|0x0000000787a00000, 0x0000000787c00000, 0x0000000787c00000|100%|HC|  |TAMS 0x0000000787a00000| PB 0x0000000787a00000| Complete |  0
| 528|0x0000000787c00000, 0x0000000787e00000, 0x0000000787e00000|100%|HC|  |TAMS 0x0000000787c00000| PB 0x0000000787c00000| Complete |  0
| 529|0x0000000787e00000, 0x0000000788000000, 0x0000000788000000|100%|HC|  |TAMS 0x0000000787e00000| PB 0x0000000787e00000| Complete |  0
| 530|0x0000000788000000, 0x0000000788200000, 0x0000000788200000|100%|HC|  |TAMS 0x0000000788000000| PB 0x0000000788000000| Complete |  0
| 531|0x0000000788200000, 0x0000000788400000, 0x0000000788400000|100%|HC|  |TAMS 0x0000000788200000| PB 0x0000000788200000| Complete |  0
| 532|0x0000000788400000, 0x0000000788600000, 0x0000000788600000|100%|HC|  |TAMS 0x0000000788400000| PB 0x0000000788400000| Complete |  0
| 533|0x0000000788600000, 0x0000000788800000, 0x0000000788800000|100%|HC|  |TAMS 0x0000000788600000| PB 0x0000000788600000| Complete |  0
| 534|0x0000000788800000, 0x0000000788a00000, 0x0000000788a00000|100%|HC|  |TAMS 0x0000000788800000| PB 0x0000000788800000| Complete |  0
| 535|0x0000000788a00000, 0x0000000788c00000, 0x0000000788c00000|100%|HS|  |TAMS 0x0000000788a00000| PB 0x0000000788a00000| Complete |  0
| 536|0x0000000788c00000, 0x0000000788e00000, 0x0000000788e00000|100%|HC|  |TAMS 0x0000000788c00000| PB 0x0000000788c00000| Complete |  0
| 537|0x0000000788e00000, 0x0000000789000000, 0x0000000789000000|100%|HC|  |TAMS 0x0000000788e00000| PB 0x0000000788e00000| Complete |  0
| 538|0x0000000789000000, 0x0000000789200000, 0x0000000789200000|100%|HC|  |TAMS 0x0000000789000000| PB 0x0000000789000000| Complete |  0
| 539|0x0000000789200000, 0x0000000789400000, 0x0000000789400000|100%|HC|  |TAMS 0x0000000789200000| PB 0x0000000789200000| Complete |  0
| 540|0x0000000789400000, 0x0000000789600000, 0x0000000789600000|100%|HC|  |TAMS 0x0000000789400000| PB 0x0000000789400000| Complete |  0
| 541|0x0000000789600000, 0x0000000789800000, 0x0000000789800000|100%|HC|  |TAMS 0x0000000789600000| PB 0x0000000789600000| Complete |  0
| 542|0x0000000789800000, 0x0000000789a00000, 0x0000000789a00000|100%|HC|  |TAMS 0x0000000789800000| PB 0x0000000789800000| Complete |  0
| 543|0x0000000789a00000, 0x0000000789c00000, 0x0000000789c00000|100%|HC|  |TAMS 0x0000000789a00000| PB 0x0000000789a00000| Complete |  0
| 544|0x0000000789c00000, 0x0000000789e00000, 0x0000000789e00000|100%|HC|  |TAMS 0x0000000789c00000| PB 0x0000000789c00000| Complete |  0
| 545|0x0000000789e00000, 0x000000078a000000, 0x000000078a000000|100%|HC|  |TAMS 0x0000000789e00000| PB 0x0000000789e00000| Complete |  0
| 546|0x000000078a000000, 0x000000078a200000, 0x000000078a200000|100%|HC|  |TAMS 0x000000078a000000| PB 0x000000078a000000| Complete |  0
| 547|0x000000078a200000, 0x000000078a400000, 0x000000078a400000|100%|HC|  |TAMS 0x000000078a200000| PB 0x000000078a200000| Complete |  0
| 548|0x000000078a400000, 0x000000078a600000, 0x000000078a600000|100%|HC|  |TAMS 0x000000078a400000| PB 0x000000078a400000| Complete |  0
| 549|0x000000078a600000, 0x000000078a800000, 0x000000078a800000|100%|HC|  |TAMS 0x000000078a600000| PB 0x000000078a600000| Complete |  0
| 550|0x000000078a800000, 0x000000078aa00000, 0x000000078aa00000|100%|HC|  |TAMS 0x000000078a800000| PB 0x000000078a800000| Complete |  0
| 551|0x000000078aa00000, 0x000000078ac00000, 0x000000078ac00000|100%|HC|  |TAMS 0x000000078aa00000| PB 0x000000078aa00000| Complete |  0
| 552|0x000000078ac00000, 0x000000078ae00000, 0x000000078ae00000|100%|HC|  |TAMS 0x000000078ac00000| PB 0x000000078ac00000| Complete |  0
| 553|0x000000078ae00000, 0x000000078b000000, 0x000000078b000000|100%|HC|  |TAMS 0x000000078ae00000| PB 0x000000078ae00000| Complete |  0
| 554|0x000000078b000000, 0x000000078b200000, 0x000000078b200000|100%|HC|  |TAMS 0x000000078b000000| PB 0x000000078b000000| Complete |  0
| 555|0x000000078b200000, 0x000000078b400000, 0x000000078b400000|100%|HC|  |TAMS 0x000000078b200000| PB 0x000000078b200000| Complete |  0
| 556|0x000000078b400000, 0x000000078b600000, 0x000000078b600000|100%|HC|  |TAMS 0x000000078b400000| PB 0x000000078b400000| Complete |  0
| 557|0x000000078b600000, 0x000000078b800000, 0x000000078b800000|100%|HC|  |TAMS 0x000000078b600000| PB 0x000000078b600000| Complete |  0
| 558|0x000000078b800000, 0x000000078ba00000, 0x000000078ba00000|100%|HC|  |TAMS 0x000000078b800000| PB 0x000000078b800000| Complete |  0
| 559|0x000000078ba00000, 0x000000078bc00000, 0x000000078bc00000|100%|HS|  |TAMS 0x000000078ba00000| PB 0x000000078ba00000| Complete |  0
| 560|0x000000078bc00000, 0x000000078be00000, 0x000000078be00000|100%|HC|  |TAMS 0x000000078bc00000| PB 0x000000078bc00000| Complete |  0
| 561|0x000000078be00000, 0x000000078c000000, 0x000000078c000000|100%|HC|  |TAMS 0x000000078be00000| PB 0x000000078be00000| Complete |  0
| 562|0x000000078c000000, 0x000000078c200000, 0x000000078c200000|100%|HC|  |TAMS 0x000000078c000000| PB 0x000000078c000000| Complete |  0
| 563|0x000000078c200000, 0x000000078c400000, 0x000000078c400000|100%|HC|  |TAMS 0x000000078c200000| PB 0x000000078c200000| Complete |  0
| 564|0x000000078c400000, 0x000000078c600000, 0x000000078c600000|100%|HC|  |TAMS 0x000000078c400000| PB 0x000000078c400000| Complete |  0
| 565|0x000000078c600000, 0x000000078c800000, 0x000000078c800000|100%|HC|  |TAMS 0x000000078c600000| PB 0x000000078c600000| Complete |  0
| 566|0x000000078c800000, 0x000000078ca00000, 0x000000078ca00000|100%|HC|  |TAMS 0x000000078c800000| PB 0x000000078c800000| Complete |  0
| 567|0x000000078ca00000, 0x000000078cc00000, 0x000000078cc00000|100%|HC|  |TAMS 0x000000078ca00000| PB 0x000000078ca00000| Complete |  0
| 568|0x000000078cc00000, 0x000000078ce00000, 0x000000078ce00000|100%|HC|  |TAMS 0x000000078cc00000| PB 0x000000078cc00000| Complete |  0
| 569|0x000000078ce00000, 0x000000078d000000, 0x000000078d000000|100%|HC|  |TAMS 0x000000078ce00000| PB 0x000000078ce00000| Complete |  0
| 570|0x000000078d000000, 0x000000078d200000, 0x000000078d200000|100%|HC|  |TAMS 0x000000078d000000| PB 0x000000078d000000| Complete |  0
| 571|0x000000078d200000, 0x000000078d400000, 0x000000078d400000|100%|HC|  |TAMS 0x000000078d200000| PB 0x000000078d200000| Complete |  0
| 572|0x000000078d400000, 0x000000078d600000, 0x000000078d600000|100%|HC|  |TAMS 0x000000078d400000| PB 0x000000078d400000| Complete |  0
| 573|0x000000078d600000, 0x000000078d800000, 0x000000078d800000|100%|HC|  |TAMS 0x000000078d600000| PB 0x000000078d600000| Complete |  0
| 574|0x000000078d800000, 0x000000078da00000, 0x000000078da00000|100%|HC|  |TAMS 0x000000078d800000| PB 0x000000078d800000| Complete |  0
| 575|0x000000078da00000, 0x000000078dc00000, 0x000000078dc00000|100%|HC|  |TAMS 0x000000078da00000| PB 0x000000078da00000| Complete |  0
| 576|0x000000078dc00000, 0x000000078de00000, 0x000000078de00000|100%|HC|  |TAMS 0x000000078dc00000| PB 0x000000078dc00000| Complete |  0
| 577|0x000000078de00000, 0x000000078e000000, 0x000000078e000000|100%|HC|  |TAMS 0x000000078de00000| PB 0x000000078de00000| Complete |  0
| 578|0x000000078e000000, 0x000000078e200000, 0x000000078e200000|100%|HC|  |TAMS 0x000000078e000000| PB 0x000000078e000000| Complete |  0
| 579|0x000000078e200000, 0x000000078e400000, 0x000000078e400000|100%|HC|  |TAMS 0x000000078e200000| PB 0x000000078e200000| Complete |  0
| 580|0x000000078e400000, 0x000000078e600000, 0x000000078e600000|100%|HC|  |TAMS 0x000000078e400000| PB 0x000000078e400000| Complete |  0
| 581|0x000000078e600000, 0x000000078e800000, 0x000000078e800000|100%|HC|  |TAMS 0x000000078e600000| PB 0x000000078e600000| Complete |  0
| 582|0x000000078e800000, 0x000000078ea00000, 0x000000078ea00000|100%|HC|  |TAMS 0x000000078e800000| PB 0x000000078e800000| Complete |  0
| 583|0x000000078ea00000, 0x000000078ec00000, 0x000000078ec00000|100%|HS|  |TAMS 0x000000078ea00000| PB 0x000000078ea00000| Complete |  0
| 584|0x000000078ec00000, 0x000000078ee00000, 0x000000078ee00000|100%|HC|  |TAMS 0x000000078ec00000| PB 0x000000078ec00000| Complete |  0
| 585|0x000000078ee00000, 0x000000078f000000, 0x000000078f000000|100%|HC|  |TAMS 0x000000078ee00000| PB 0x000000078ee00000| Complete |  0
| 586|0x000000078f000000, 0x000000078f200000, 0x000000078f200000|100%|HC|  |TAMS 0x000000078f000000| PB 0x000000078f000000| Complete |  0
| 587|0x000000078f200000, 0x000000078f400000, 0x000000078f400000|100%|HC|  |TAMS 0x000000078f200000| PB 0x000000078f200000| Complete |  0
| 588|0x000000078f400000, 0x000000078f600000, 0x000000078f600000|100%|HC|  |TAMS 0x000000078f400000| PB 0x000000078f400000| Complete |  0
| 589|0x000000078f600000, 0x000000078f800000, 0x000000078f800000|100%|HC|  |TAMS 0x000000078f600000| PB 0x000000078f600000| Complete |  0
| 590|0x000000078f800000, 0x000000078fa00000, 0x000000078fa00000|100%|HC|  |TAMS 0x000000078f800000| PB 0x000000078f800000| Complete |  0
| 591|0x000000078fa00000, 0x000000078fc00000, 0x000000078fc00000|100%|HC|  |TAMS 0x000000078fa00000| PB 0x000000078fa00000| Complete |  0
| 592|0x000000078fc00000, 0x000000078fe00000, 0x000000078fe00000|100%|HC|  |TAMS 0x000000078fc00000| PB 0x000000078fc00000| Complete |  0
| 593|0x000000078fe00000, 0x0000000790000000, 0x0000000790000000|100%|HC|  |TAMS 0x000000078fe00000| PB 0x000000078fe00000| Complete |  0
| 594|0x0000000790000000, 0x0000000790200000, 0x0000000790200000|100%|HC|  |TAMS 0x0000000790000000| PB 0x0000000790000000| Complete |  0
| 595|0x0000000790200000, 0x0000000790400000, 0x0000000790400000|100%|HC|  |TAMS 0x0000000790200000| PB 0x0000000790200000| Complete |  0
| 596|0x0000000790400000, 0x0000000790600000, 0x0000000790600000|100%|HC|  |TAMS 0x0000000790400000| PB 0x0000000790400000| Complete |  0
| 597|0x0000000790600000, 0x0000000790800000, 0x0000000790800000|100%|HC|  |TAMS 0x0000000790600000| PB 0x0000000790600000| Complete |  0
| 598|0x0000000790800000, 0x0000000790a00000, 0x0000000790a00000|100%|HC|  |TAMS 0x0000000790800000| PB 0x0000000790800000| Complete |  0
| 599|0x0000000790a00000, 0x0000000790c00000, 0x0000000790c00000|100%|HC|  |TAMS 0x0000000790a00000| PB 0x0000000790a00000| Complete |  0
| 600|0x0000000790c00000, 0x0000000790e00000, 0x0000000790e00000|100%|HC|  |TAMS 0x0000000790c00000| PB 0x0000000790c00000| Complete |  0
| 601|0x0000000790e00000, 0x0000000791000000, 0x0000000791000000|100%|HC|  |TAMS 0x0000000790e00000| PB 0x0000000790e00000| Complete |  0
| 602|0x0000000791000000, 0x0000000791200000, 0x0000000791200000|100%|HC|  |TAMS 0x0000000791000000| PB 0x0000000791000000| Complete |  0
| 603|0x0000000791200000, 0x0000000791400000, 0x0000000791400000|100%|HC|  |TAMS 0x0000000791200000| PB 0x0000000791200000| Complete |  0
| 604|0x0000000791400000, 0x0000000791600000, 0x0000000791600000|100%|HC|  |TAMS 0x0000000791400000| PB 0x0000000791400000| Complete |  0
| 605|0x0000000791600000, 0x0000000791800000, 0x0000000791800000|100%|HC|  |TAMS 0x0000000791600000| PB 0x0000000791600000| Complete |  0
| 606|0x0000000791800000, 0x0000000791a00000, 0x0000000791a00000|100%|HC|  |TAMS 0x0000000791800000| PB 0x0000000791800000| Complete |  0
| 607|0x0000000791a00000, 0x0000000791c00000, 0x0000000791c00000|100%|HS|  |TAMS 0x0000000791a00000| PB 0x0000000791a00000| Complete |  0
| 608|0x0000000791c00000, 0x0000000791e00000, 0x0000000791e00000|100%|HC|  |TAMS 0x0000000791c00000| PB 0x0000000791c00000| Complete |  0
| 609|0x0000000791e00000, 0x0000000792000000, 0x0000000792000000|100%|HC|  |TAMS 0x0000000791e00000| PB 0x0000000791e00000| Complete |  0
| 610|0x0000000792000000, 0x0000000792200000, 0x0000000792200000|100%|HC|  |TAMS 0x0000000792000000| PB 0x0000000792000000| Complete |  0
| 611|0x0000000792200000, 0x0000000792400000, 0x0000000792400000|100%|HC|  |TAMS 0x0000000792200000| PB 0x0000000792200000| Complete |  0
| 612|0x0000000792400000, 0x0000000792600000, 0x0000000792600000|100%|HC|  |TAMS 0x0000000792400000| PB 0x0000000792400000| Complete |  0
| 613|0x0000000792600000, 0x0000000792800000, 0x0000000792800000|100%|HC|  |TAMS 0x0000000792600000| PB 0x0000000792600000| Complete |  0
| 614|0x0000000792800000, 0x0000000792a00000, 0x0000000792a00000|100%|HC|  |TAMS 0x0000000792800000| PB 0x0000000792800000| Complete |  0
| 615|0x0000000792a00000, 0x0000000792c00000, 0x0000000792c00000|100%|HC|  |TAMS 0x0000000792a00000| PB 0x0000000792a00000| Complete |  0
| 616|0x0000000792c00000, 0x0000000792e00000, 0x0000000792e00000|100%|HC|  |TAMS 0x0000000792c00000| PB 0x0000000792c00000| Complete |  0
| 617|0x0000000792e00000, 0x0000000793000000, 0x0000000793000000|100%|HC|  |TAMS 0x0000000792e00000| PB 0x0000000792e00000| Complete |  0
| 618|0x0000000793000000, 0x0000000793200000, 0x0000000793200000|100%|HC|  |TAMS 0x0000000793000000| PB 0x0000000793000000| Complete |  0
| 619|0x0000000793200000, 0x0000000793400000, 0x0000000793400000|100%|HC|  |TAMS 0x0000000793200000| PB 0x0000000793200000| Complete |  0
| 620|0x0000000793400000, 0x0000000793600000, 0x0000000793600000|100%|HC|  |TAMS 0x0000000793400000| PB 0x0000000793400000| Complete |  0
| 621|0x0000000793600000, 0x0000000793800000, 0x0000000793800000|100%|HC|  |TAMS 0x0000000793600000| PB 0x0000000793600000| Complete |  0
| 622|0x0000000793800000, 0x0000000793a00000, 0x0000000793a00000|100%|HC|  |TAMS 0x0000000793800000| PB 0x0000000793800000| Complete |  0
| 623|0x0000000793a00000, 0x0000000793c00000, 0x0000000793c00000|100%|HC|  |TAMS 0x0000000793a00000| PB 0x0000000793a00000| Complete |  0
| 624|0x0000000793c00000, 0x0000000793e00000, 0x0000000793e00000|100%|HC|  |TAMS 0x0000000793c00000| PB 0x0000000793c00000| Complete |  0
| 625|0x0000000793e00000, 0x0000000794000000, 0x0000000794000000|100%|HC|  |TAMS 0x0000000793e00000| PB 0x0000000793e00000| Complete |  0
| 626|0x0000000794000000, 0x0000000794200000, 0x0000000794200000|100%|HC|  |TAMS 0x0000000794000000| PB 0x0000000794000000| Complete |  0
| 627|0x0000000794200000, 0x0000000794400000, 0x0000000794400000|100%|HC|  |TAMS 0x0000000794200000| PB 0x0000000794200000| Complete |  0
| 628|0x0000000794400000, 0x0000000794600000, 0x0000000794600000|100%|HC|  |TAMS 0x0000000794400000| PB 0x0000000794400000| Complete |  0
| 629|0x0000000794600000, 0x0000000794800000, 0x0000000794800000|100%|HC|  |TAMS 0x0000000794600000| PB 0x0000000794600000| Complete |  0
| 630|0x0000000794800000, 0x0000000794a00000, 0x0000000794a00000|100%|HC|  |TAMS 0x0000000794800000| PB 0x0000000794800000| Complete |  0
| 631|0x0000000794a00000, 0x0000000794c00000, 0x0000000794c00000|100%|HS|  |TAMS 0x0000000794a00000| PB 0x0000000794a00000| Complete |  0
| 632|0x0000000794c00000, 0x0000000794e00000, 0x0000000794e00000|100%|HC|  |TAMS 0x0000000794c00000| PB 0x0000000794c00000| Complete |  0
| 633|0x0000000794e00000, 0x0000000795000000, 0x0000000795000000|100%|HC|  |TAMS 0x0000000794e00000| PB 0x0000000794e00000| Complete |  0
| 634|0x0000000795000000, 0x0000000795200000, 0x0000000795200000|100%|HC|  |TAMS 0x0000000795000000| PB 0x0000000795000000| Complete |  0
| 635|0x0000000795200000, 0x0000000795400000, 0x0000000795400000|100%|HC|  |TAMS 0x0000000795200000| PB 0x0000000795200000| Complete |  0
| 636|0x0000000795400000, 0x0000000795600000, 0x0000000795600000|100%|HC|  |TAMS 0x0000000795400000| PB 0x0000000795400000| Complete |  0
| 637|0x0000000795600000, 0x0000000795800000, 0x0000000795800000|100%|HC|  |TAMS 0x0000000795600000| PB 0x0000000795600000| Complete |  0
| 638|0x0000000795800000, 0x0000000795a00000, 0x0000000795a00000|100%|HC|  |TAMS 0x0000000795800000| PB 0x0000000795800000| Complete |  0
| 639|0x0000000795a00000, 0x0000000795c00000, 0x0000000795c00000|100%|HC|  |TAMS 0x0000000795a00000| PB 0x0000000795a00000| Complete |  0
| 640|0x0000000795c00000, 0x0000000795e00000, 0x0000000795e00000|100%|HC|  |TAMS 0x0000000795c00000| PB 0x0000000795c00000| Complete |  0
| 641|0x0000000795e00000, 0x0000000796000000, 0x0000000796000000|100%|HC|  |TAMS 0x0000000795e00000| PB 0x0000000795e00000| Complete |  0
| 642|0x0000000796000000, 0x0000000796200000, 0x0000000796200000|100%|HC|  |TAMS 0x0000000796000000| PB 0x0000000796000000| Complete |  0
| 643|0x0000000796200000, 0x0000000796400000, 0x0000000796400000|100%|HC|  |TAMS 0x0000000796200000| PB 0x0000000796200000| Complete |  0
| 644|0x0000000796400000, 0x0000000796600000, 0x0000000796600000|100%|HC|  |TAMS 0x0000000796400000| PB 0x0000000796400000| Complete |  0
| 645|0x0000000796600000, 0x0000000796800000, 0x0000000796800000|100%|HC|  |TAMS 0x0000000796600000| PB 0x0000000796600000| Complete |  0
| 646|0x0000000796800000, 0x0000000796a00000, 0x0000000796a00000|100%|HC|  |TAMS 0x0000000796800000| PB 0x0000000796800000| Complete |  0
| 647|0x0000000796a00000, 0x0000000796c00000, 0x0000000796c00000|100%|HC|  |TAMS 0x0000000796a00000| PB 0x0000000796a00000| Complete |  0
| 648|0x0000000796c00000, 0x0000000796e00000, 0x0000000796e00000|100%|HC|  |TAMS 0x0000000796c00000| PB 0x0000000796c00000| Complete |  0
| 649|0x0000000796e00000, 0x0000000797000000, 0x0000000797000000|100%|HC|  |TAMS 0x0000000796e00000| PB 0x0000000796e00000| Complete |  0
| 650|0x0000000797000000, 0x0000000797200000, 0x0000000797200000|100%|HC|  |TAMS 0x0000000797000000| PB 0x0000000797000000| Complete |  0
| 651|0x0000000797200000, 0x0000000797400000, 0x0000000797400000|100%|HC|  |TAMS 0x0000000797200000| PB 0x0000000797200000| Complete |  0
| 652|0x0000000797400000, 0x0000000797600000, 0x0000000797600000|100%|HC|  |TAMS 0x0000000797400000| PB 0x0000000797400000| Complete |  0
| 653|0x0000000797600000, 0x0000000797800000, 0x0000000797800000|100%|HC|  |TAMS 0x0000000797600000| PB 0x0000000797600000| Complete |  0
| 654|0x0000000797800000, 0x0000000797a00000, 0x0000000797a00000|100%|HC|  |TAMS 0x0000000797800000| PB 0x0000000797800000| Complete |  0
| 655|0x0000000797a00000, 0x0000000797c00000, 0x0000000797c00000|100%|HS|  |TAMS 0x0000000797a00000| PB 0x0000000797a00000| Complete |  0
| 656|0x0000000797c00000, 0x0000000797e00000, 0x0000000797e00000|100%|HC|  |TAMS 0x0000000797c00000| PB 0x0000000797c00000| Complete |  0
| 657|0x0000000797e00000, 0x0000000798000000, 0x0000000798000000|100%|HC|  |TAMS 0x0000000797e00000| PB 0x0000000797e00000| Complete |  0
| 658|0x0000000798000000, 0x0000000798200000, 0x0000000798200000|100%|HC|  |TAMS 0x0000000798000000| PB 0x0000000798000000| Complete |  0
| 659|0x0000000798200000, 0x0000000798400000, 0x0000000798400000|100%|HC|  |TAMS 0x0000000798200000| PB 0x0000000798200000| Complete |  0
| 660|0x0000000798400000, 0x0000000798600000, 0x0000000798600000|100%|HC|  |TAMS 0x0000000798400000| PB 0x0000000798400000| Complete |  0
| 661|0x0000000798600000, 0x0000000798800000, 0x0000000798800000|100%|HC|  |TAMS 0x0000000798600000| PB 0x0000000798600000| Complete |  0
| 662|0x0000000798800000, 0x0000000798a00000, 0x0000000798a00000|100%|HC|  |TAMS 0x0000000798800000| PB 0x0000000798800000| Complete |  0
| 663|0x0000000798a00000, 0x0000000798c00000, 0x0000000798c00000|100%|HC|  |TAMS 0x0000000798a00000| PB 0x0000000798a00000| Complete |  0
| 664|0x0000000798c00000, 0x0000000798e00000, 0x0000000798e00000|100%|HC|  |TAMS 0x0000000798c00000| PB 0x0000000798c00000| Complete |  0
| 665|0x0000000798e00000, 0x0000000799000000, 0x0000000799000000|100%|HC|  |TAMS 0x0000000798e00000| PB 0x0000000798e00000| Complete |  0
| 666|0x0000000799000000, 0x0000000799200000, 0x0000000799200000|100%|HC|  |TAMS 0x0000000799000000| PB 0x0000000799000000| Complete |  0
| 667|0x0000000799200000, 0x0000000799400000, 0x0000000799400000|100%|HC|  |TAMS 0x0000000799200000| PB 0x0000000799200000| Complete |  0
| 668|0x0000000799400000, 0x0000000799600000, 0x0000000799600000|100%|HC|  |TAMS 0x0000000799400000| PB 0x0000000799400000| Complete |  0
| 669|0x0000000799600000, 0x0000000799800000, 0x0000000799800000|100%|HC|  |TAMS 0x0000000799600000| PB 0x0000000799600000| Complete |  0
| 670|0x0000000799800000, 0x0000000799a00000, 0x0000000799a00000|100%|HC|  |TAMS 0x0000000799800000| PB 0x0000000799800000| Complete |  0
| 671|0x0000000799a00000, 0x0000000799c00000, 0x0000000799c00000|100%|HC|  |TAMS 0x0000000799a00000| PB 0x0000000799a00000| Complete |  0
| 672|0x0000000799c00000, 0x0000000799e00000, 0x0000000799e00000|100%|HC|  |TAMS 0x0000000799c00000| PB 0x0000000799c00000| Complete |  0
| 673|0x0000000799e00000, 0x000000079a000000, 0x000000079a000000|100%|HC|  |TAMS 0x0000000799e00000| PB 0x0000000799e00000| Complete |  0
| 674|0x000000079a000000, 0x000000079a200000, 0x000000079a200000|100%|HC|  |TAMS 0x000000079a000000| PB 0x000000079a000000| Complete |  0
| 675|0x000000079a200000, 0x000000079a400000, 0x000000079a400000|100%|HC|  |TAMS 0x000000079a200000| PB 0x000000079a200000| Complete |  0
| 676|0x000000079a400000, 0x000000079a600000, 0x000000079a600000|100%|HC|  |TAMS 0x000000079a400000| PB 0x000000079a400000| Complete |  0
| 677|0x000000079a600000, 0x000000079a800000, 0x000000079a800000|100%|HC|  |TAMS 0x000000079a600000| PB 0x000000079a600000| Complete |  0
| 678|0x000000079a800000, 0x000000079aa00000, 0x000000079aa00000|100%|HC|  |TAMS 0x000000079a800000| PB 0x000000079a800000| Complete |  0
| 679|0x000000079aa00000, 0x000000079ac00000, 0x000000079ac00000|100%|HS|  |TAMS 0x000000079aa00000| PB 0x000000079aa00000| Complete |  0
| 680|0x000000079ac00000, 0x000000079ae00000, 0x000000079ae00000|100%|HC|  |TAMS 0x000000079ac00000| PB 0x000000079ac00000| Complete |  0
| 681|0x000000079ae00000, 0x000000079b000000, 0x000000079b000000|100%|HC|  |TAMS 0x000000079ae00000| PB 0x000000079ae00000| Complete |  0
| 682|0x000000079b000000, 0x000000079b200000, 0x000000079b200000|100%|HC|  |TAMS 0x000000079b000000| PB 0x000000079b000000| Complete |  0
| 683|0x000000079b200000, 0x000000079b400000, 0x000000079b400000|100%|HC|  |TAMS 0x000000079b200000| PB 0x000000079b200000| Complete |  0
| 684|0x000000079b400000, 0x000000079b600000, 0x000000079b600000|100%|HC|  |TAMS 0x000000079b400000| PB 0x000000079b400000| Complete |  0
| 685|0x000000079b600000, 0x000000079b800000, 0x000000079b800000|100%|HC|  |TAMS 0x000000079b600000| PB 0x000000079b600000| Complete |  0
| 686|0x000000079b800000, 0x000000079ba00000, 0x000000079ba00000|100%|HC|  |TAMS 0x000000079b800000| PB 0x000000079b800000| Complete |  0
| 687|0x000000079ba00000, 0x000000079bc00000, 0x000000079bc00000|100%|HC|  |TAMS 0x000000079ba00000| PB 0x000000079ba00000| Complete |  0
| 688|0x000000079bc00000, 0x000000079be00000, 0x000000079be00000|100%|HC|  |TAMS 0x000000079bc00000| PB 0x000000079bc00000| Complete |  0
| 689|0x000000079be00000, 0x000000079c000000, 0x000000079c000000|100%|HC|  |TAMS 0x000000079be00000| PB 0x000000079be00000| Complete |  0
| 690|0x000000079c000000, 0x000000079c200000, 0x000000079c200000|100%|HC|  |TAMS 0x000000079c000000| PB 0x000000079c000000| Complete |  0
| 691|0x000000079c200000, 0x000000079c400000, 0x000000079c400000|100%|HC|  |TAMS 0x000000079c200000| PB 0x000000079c200000| Complete |  0
| 692|0x000000079c400000, 0x000000079c600000, 0x000000079c600000|100%|HC|  |TAMS 0x000000079c400000| PB 0x000000079c400000| Complete |  0
| 693|0x000000079c600000, 0x000000079c800000, 0x000000079c800000|100%|HC|  |TAMS 0x000000079c600000| PB 0x000000079c600000| Complete |  0
| 694|0x000000079c800000, 0x000000079ca00000, 0x000000079ca00000|100%|HC|  |TAMS 0x000000079c800000| PB 0x000000079c800000| Complete |  0
| 695|0x000000079ca00000, 0x000000079cc00000, 0x000000079cc00000|100%|HC|  |TAMS 0x000000079ca00000| PB 0x000000079ca00000| Complete |  0
| 696|0x000000079cc00000, 0x000000079ce00000, 0x000000079ce00000|100%|HC|  |TAMS 0x000000079cc00000| PB 0x000000079cc00000| Complete |  0
| 697|0x000000079ce00000, 0x000000079d000000, 0x000000079d000000|100%|HC|  |TAMS 0x000000079ce00000| PB 0x000000079ce00000| Complete |  0
| 698|0x000000079d000000, 0x000000079d200000, 0x000000079d200000|100%|HC|  |TAMS 0x000000079d000000| PB 0x000000079d000000| Complete |  0
| 699|0x000000079d200000, 0x000000079d400000, 0x000000079d400000|100%|HC|  |TAMS 0x000000079d200000| PB 0x000000079d200000| Complete |  0
| 700|0x000000079d400000, 0x000000079d600000, 0x000000079d600000|100%|HC|  |TAMS 0x000000079d400000| PB 0x000000079d400000| Complete |  0
| 701|0x000000079d600000, 0x000000079d800000, 0x000000079d800000|100%|HC|  |TAMS 0x000000079d600000| PB 0x000000079d600000| Complete |  0
| 702|0x000000079d800000, 0x000000079da00000, 0x000000079da00000|100%|HC|  |TAMS 0x000000079d800000| PB 0x000000079d800000| Complete |  0
| 703|0x000000079da00000, 0x000000079dc00000, 0x000000079dc00000|100%|HS|  |TAMS 0x000000079da00000| PB 0x000000079da00000| Complete |  0
| 704|0x000000079dc00000, 0x000000079de00000, 0x000000079de00000|100%|HC|  |TAMS 0x000000079dc00000| PB 0x000000079dc00000| Complete |  0
| 705|0x000000079de00000, 0x000000079e000000, 0x000000079e000000|100%|HC|  |TAMS 0x000000079de00000| PB 0x000000079de00000| Complete |  0
| 706|0x000000079e000000, 0x000000079e200000, 0x000000079e200000|100%|HC|  |TAMS 0x000000079e000000| PB 0x000000079e000000| Complete |  0
| 707|0x000000079e200000, 0x000000079e400000, 0x000000079e400000|100%|HC|  |TAMS 0x000000079e200000| PB 0x000000079e200000| Complete |  0
| 708|0x000000079e400000, 0x000000079e600000, 0x000000079e600000|100%|HC|  |TAMS 0x000000079e400000| PB 0x000000079e400000| Complete |  0
| 709|0x000000079e600000, 0x000000079e800000, 0x000000079e800000|100%|HC|  |TAMS 0x000000079e600000| PB 0x000000079e600000| Complete |  0
| 710|0x000000079e800000, 0x000000079ea00000, 0x000000079ea00000|100%|HC|  |TAMS 0x000000079e800000| PB 0x000000079e800000| Complete |  0
| 711|0x000000079ea00000, 0x000000079ec00000, 0x000000079ec00000|100%|HC|  |TAMS 0x000000079ea00000| PB 0x000000079ea00000| Complete |  0
| 712|0x000000079ec00000, 0x000000079ee00000, 0x000000079ee00000|100%|HC|  |TAMS 0x000000079ec00000| PB 0x000000079ec00000| Complete |  0
| 713|0x000000079ee00000, 0x000000079f000000, 0x000000079f000000|100%|HC|  |TAMS 0x000000079ee00000| PB 0x000000079ee00000| Complete |  0
| 714|0x000000079f000000, 0x000000079f200000, 0x000000079f200000|100%|HC|  |TAMS 0x000000079f000000| PB 0x000000079f000000| Complete |  0
| 715|0x000000079f200000, 0x000000079f400000, 0x000000079f400000|100%|HC|  |TAMS 0x000000079f200000| PB 0x000000079f200000| Complete |  0
| 716|0x000000079f400000, 0x000000079f600000, 0x000000079f600000|100%|HC|  |TAMS 0x000000079f400000| PB 0x000000079f400000| Complete |  0
| 717|0x000000079f600000, 0x000000079f800000, 0x000000079f800000|100%|HC|  |TAMS 0x000000079f600000| PB 0x000000079f600000| Complete |  0
| 718|0x000000079f800000, 0x000000079fa00000, 0x000000079fa00000|100%|HC|  |TAMS 0x000000079f800000| PB 0x000000079f800000| Complete |  0
| 719|0x000000079fa00000, 0x000000079fc00000, 0x000000079fc00000|100%|HC|  |TAMS 0x000000079fa00000| PB 0x000000079fa00000| Complete |  0
| 720|0x000000079fc00000, 0x000000079fe00000, 0x000000079fe00000|100%|HC|  |TAMS 0x000000079fc00000| PB 0x000000079fc00000| Complete |  0
| 721|0x000000079fe00000, 0x00000007a0000000, 0x00000007a0000000|100%|HC|  |TAMS 0x000000079fe00000| PB 0x000000079fe00000| Complete |  0
| 722|0x00000007a0000000, 0x00000007a0200000, 0x00000007a0200000|100%|HC|  |TAMS 0x00000007a0000000| PB 0x00000007a0000000| Complete |  0
| 723|0x00000007a0200000, 0x00000007a0400000, 0x00000007a0400000|100%|HC|  |TAMS 0x00000007a0200000| PB 0x00000007a0200000| Complete |  0
| 724|0x00000007a0400000, 0x00000007a0600000, 0x00000007a0600000|100%|HC|  |TAMS 0x00000007a0400000| PB 0x00000007a0400000| Complete |  0
| 725|0x00000007a0600000, 0x00000007a0800000, 0x00000007a0800000|100%|HC|  |TAMS 0x00000007a0600000| PB 0x00000007a0600000| Complete |  0
| 726|0x00000007a0800000, 0x00000007a0a00000, 0x00000007a0a00000|100%|HC|  |TAMS 0x00000007a0800000| PB 0x00000007a0800000| Complete |  0
| 727|0x00000007a0a00000, 0x00000007a0c00000, 0x00000007a0c00000|100%|HS|  |TAMS 0x00000007a0a00000| PB 0x00000007a0a00000| Complete |  0
| 728|0x00000007a0c00000, 0x00000007a0e00000, 0x00000007a0e00000|100%|HC|  |TAMS 0x00000007a0c00000| PB 0x00000007a0c00000| Complete |  0
| 729|0x00000007a0e00000, 0x00000007a1000000, 0x00000007a1000000|100%|HC|  |TAMS 0x00000007a0e00000| PB 0x00000007a0e00000| Complete |  0
| 730|0x00000007a1000000, 0x00000007a1200000, 0x00000007a1200000|100%|HC|  |TAMS 0x00000007a1000000| PB 0x00000007a1000000| Complete |  0
| 731|0x00000007a1200000, 0x00000007a1400000, 0x00000007a1400000|100%|HC|  |TAMS 0x00000007a1200000| PB 0x00000007a1200000| Complete |  0
| 732|0x00000007a1400000, 0x00000007a1600000, 0x00000007a1600000|100%|HC|  |TAMS 0x00000007a1400000| PB 0x00000007a1400000| Complete |  0
| 733|0x00000007a1600000, 0x00000007a1800000, 0x00000007a1800000|100%|HC|  |TAMS 0x00000007a1600000| PB 0x00000007a1600000| Complete |  0
| 734|0x00000007a1800000, 0x00000007a1a00000, 0x00000007a1a00000|100%|HC|  |TAMS 0x00000007a1800000| PB 0x00000007a1800000| Complete |  0
| 735|0x00000007a1a00000, 0x00000007a1c00000, 0x00000007a1c00000|100%|HC|  |TAMS 0x00000007a1a00000| PB 0x00000007a1a00000| Complete |  0
| 736|0x00000007a1c00000, 0x00000007a1e00000, 0x00000007a1e00000|100%|HC|  |TAMS 0x00000007a1c00000| PB 0x00000007a1c00000| Complete |  0
| 737|0x00000007a1e00000, 0x00000007a2000000, 0x00000007a2000000|100%|HC|  |TAMS 0x00000007a1e00000| PB 0x00000007a1e00000| Complete |  0
| 738|0x00000007a2000000, 0x00000007a2200000, 0x00000007a2200000|100%|HC|  |TAMS 0x00000007a2000000| PB 0x00000007a2000000| Complete |  0
| 739|0x00000007a2200000, 0x00000007a2400000, 0x00000007a2400000|100%|HC|  |TAMS 0x00000007a2200000| PB 0x00000007a2200000| Complete |  0
| 740|0x00000007a2400000, 0x00000007a2600000, 0x00000007a2600000|100%|HC|  |TAMS 0x00000007a2400000| PB 0x00000007a2400000| Complete |  0
| 741|0x00000007a2600000, 0x00000007a2800000, 0x00000007a2800000|100%|HC|  |TAMS 0x00000007a2600000| PB 0x00000007a2600000| Complete |  0
| 742|0x00000007a2800000, 0x00000007a2a00000, 0x00000007a2a00000|100%|HC|  |TAMS 0x00000007a2800000| PB 0x00000007a2800000| Complete |  0
| 743|0x00000007a2a00000, 0x00000007a2c00000, 0x00000007a2c00000|100%|HC|  |TAMS 0x00000007a2a00000| PB 0x00000007a2a00000| Complete |  0
| 744|0x00000007a2c00000, 0x00000007a2e00000, 0x00000007a2e00000|100%|HC|  |TAMS 0x00000007a2c00000| PB 0x00000007a2c00000| Complete |  0
| 745|0x00000007a2e00000, 0x00000007a3000000, 0x00000007a3000000|100%|HC|  |TAMS 0x00000007a2e00000| PB 0x00000007a2e00000| Complete |  0
| 746|0x00000007a3000000, 0x00000007a3200000, 0x00000007a3200000|100%|HC|  |TAMS 0x00000007a3000000| PB 0x00000007a3000000| Complete |  0
| 747|0x00000007a3200000, 0x00000007a3400000, 0x00000007a3400000|100%|HC|  |TAMS 0x00000007a3200000| PB 0x00000007a3200000| Complete |  0
| 748|0x00000007a3400000, 0x00000007a3600000, 0x00000007a3600000|100%|HC|  |TAMS 0x00000007a3400000| PB 0x00000007a3400000| Complete |  0
| 749|0x00000007a3600000, 0x00000007a3800000, 0x00000007a3800000|100%|HC|  |TAMS 0x00000007a3600000| PB 0x00000007a3600000| Complete |  0
| 750|0x00000007a3800000, 0x00000007a3a00000, 0x00000007a3a00000|100%|HC|  |TAMS 0x00000007a3800000| PB 0x00000007a3800000| Complete |  0
| 751|0x00000007a3a00000, 0x00000007a3c00000, 0x00000007a3c00000|100%|HS|  |TAMS 0x00000007a3a00000| PB 0x00000007a3a00000| Complete |  0
| 752|0x00000007a3c00000, 0x00000007a3e00000, 0x00000007a3e00000|100%|HC|  |TAMS 0x00000007a3c00000| PB 0x00000007a3c00000| Complete |  0
| 753|0x00000007a3e00000, 0x00000007a4000000, 0x00000007a4000000|100%|HC|  |TAMS 0x00000007a3e00000| PB 0x00000007a3e00000| Complete |  0
| 754|0x00000007a4000000, 0x00000007a4200000, 0x00000007a4200000|100%|HC|  |TAMS 0x00000007a4000000| PB 0x00000007a4000000| Complete |  0
| 755|0x00000007a4200000, 0x00000007a4400000, 0x00000007a4400000|100%|HC|  |TAMS 0x00000007a4200000| PB 0x00000007a4200000| Complete |  0
| 756|0x00000007a4400000, 0x00000007a4600000, 0x00000007a4600000|100%|HC|  |TAMS 0x00000007a4400000| PB 0x00000007a4400000| Complete |  0
| 757|0x00000007a4600000, 0x00000007a4800000, 0x00000007a4800000|100%|HC|  |TAMS 0x00000007a4600000| PB 0x00000007a4600000| Complete |  0
| 758|0x00000007a4800000, 0x00000007a4a00000, 0x00000007a4a00000|100%|HC|  |TAMS 0x00000007a4800000| PB 0x00000007a4800000| Complete |  0
| 759|0x00000007a4a00000, 0x00000007a4c00000, 0x00000007a4c00000|100%|HC|  |TAMS 0x00000007a4a00000| PB 0x00000007a4a00000| Complete |  0
| 760|0x00000007a4c00000, 0x00000007a4e00000, 0x00000007a4e00000|100%|HC|  |TAMS 0x00000007a4c00000| PB 0x00000007a4c00000| Complete |  0
| 761|0x00000007a4e00000, 0x00000007a5000000, 0x00000007a5000000|100%|HC|  |TAMS 0x00000007a4e00000| PB 0x00000007a4e00000| Complete |  0
| 762|0x00000007a5000000, 0x00000007a5200000, 0x00000007a5200000|100%|HC|  |TAMS 0x00000007a5000000| PB 0x00000007a5000000| Complete |  0
| 763|0x00000007a5200000, 0x00000007a5400000, 0x00000007a5400000|100%|HC|  |TAMS 0x00000007a5200000| PB 0x00000007a5200000| Complete |  0
| 764|0x00000007a5400000, 0x00000007a5600000, 0x00000007a5600000|100%|HC|  |TAMS 0x00000007a5400000| PB 0x00000007a5400000| Complete |  0
| 765|0x00000007a5600000, 0x00000007a5800000, 0x00000007a5800000|100%|HC|  |TAMS 0x00000007a5600000| PB 0x00000007a5600000| Complete |  0
| 766|0x00000007a5800000, 0x00000007a5a00000, 0x00000007a5a00000|100%|HC|  |TAMS 0x00000007a5800000| PB 0x00000007a5800000| Complete |  0
| 767|0x00000007a5a00000, 0x00000007a5c00000, 0x00000007a5c00000|100%|HC|  |TAMS 0x00000007a5a00000| PB 0x00000007a5a00000| Complete |  0
| 768|0x00000007a5c00000, 0x00000007a5e00000, 0x00000007a5e00000|100%|HC|  |TAMS 0x00000007a5c00000| PB 0x00000007a5c00000| Complete |  0
| 769|0x00000007a5e00000, 0x00000007a6000000, 0x00000007a6000000|100%|HC|  |TAMS 0x00000007a5e00000| PB 0x00000007a5e00000| Complete |  0
| 770|0x00000007a6000000, 0x00000007a6200000, 0x00000007a6200000|100%|HC|  |TAMS 0x00000007a6000000| PB 0x00000007a6000000| Complete |  0
| 771|0x00000007a6200000, 0x00000007a6400000, 0x00000007a6400000|100%|HC|  |TAMS 0x00000007a6200000| PB 0x00000007a6200000| Complete |  0
| 772|0x00000007a6400000, 0x00000007a6600000, 0x00000007a6600000|100%|HC|  |TAMS 0x00000007a6400000| PB 0x00000007a6400000| Complete |  0
| 773|0x00000007a6600000, 0x00000007a6800000, 0x00000007a6800000|100%|HC|  |TAMS 0x00000007a6600000| PB 0x00000007a6600000| Complete |  0
| 774|0x00000007a6800000, 0x00000007a6a00000, 0x00000007a6a00000|100%|HC|  |TAMS 0x00000007a6800000| PB 0x00000007a6800000| Complete |  0
| 775|0x00000007a6a00000, 0x00000007a6c00000, 0x00000007a6c00000|100%|HS|  |TAMS 0x00000007a6a00000| PB 0x00000007a6a00000| Complete |  0
| 776|0x00000007a6c00000, 0x00000007a6e00000, 0x00000007a6e00000|100%|HC|  |TAMS 0x00000007a6c00000| PB 0x00000007a6c00000| Complete |  0
| 777|0x00000007a6e00000, 0x00000007a7000000, 0x00000007a7000000|100%|HC|  |TAMS 0x00000007a6e00000| PB 0x00000007a6e00000| Complete |  0
| 778|0x00000007a7000000, 0x00000007a7200000, 0x00000007a7200000|100%|HC|  |TAMS 0x00000007a7000000| PB 0x00000007a7000000| Complete |  0
| 779|0x00000007a7200000, 0x00000007a7400000, 0x00000007a7400000|100%|HC|  |TAMS 0x00000007a7200000| PB 0x00000007a7200000| Complete |  0
| 780|0x00000007a7400000, 0x00000007a7600000, 0x00000007a7600000|100%|HC|  |TAMS 0x00000007a7400000| PB 0x00000007a7400000| Complete |  0
| 781|0x00000007a7600000, 0x00000007a7800000, 0x00000007a7800000|100%|HC|  |TAMS 0x00000007a7600000| PB 0x00000007a7600000| Complete |  0
| 782|0x00000007a7800000, 0x00000007a7a00000, 0x00000007a7a00000|100%|HC|  |TAMS 0x00000007a7800000| PB 0x00000007a7800000| Complete |  0
| 783|0x00000007a7a00000, 0x00000007a7c00000, 0x00000007a7c00000|100%|HC|  |TAMS 0x00000007a7a00000| PB 0x00000007a7a00000| Complete |  0
| 784|0x00000007a7c00000, 0x00000007a7e00000, 0x00000007a7e00000|100%|HC|  |TAMS 0x00000007a7c00000| PB 0x00000007a7c00000| Complete |  0
| 785|0x00000007a7e00000, 0x00000007a8000000, 0x00000007a8000000|100%|HC|  |TAMS 0x00000007a7e00000| PB 0x00000007a7e00000| Complete |  0
| 786|0x00000007a8000000, 0x00000007a8200000, 0x00000007a8200000|100%|HC|  |TAMS 0x00000007a8000000| PB 0x00000007a8000000| Complete |  0
| 787|0x00000007a8200000, 0x00000007a8400000, 0x00000007a8400000|100%|HC|  |TAMS 0x00000007a8200000| PB 0x00000007a8200000| Complete |  0
| 788|0x00000007a8400000, 0x00000007a8600000, 0x00000007a8600000|100%|HC|  |TAMS 0x00000007a8400000| PB 0x00000007a8400000| Complete |  0
| 789|0x00000007a8600000, 0x00000007a8800000, 0x00000007a8800000|100%|HC|  |TAMS 0x00000007a8600000| PB 0x00000007a8600000| Complete |  0
| 790|0x00000007a8800000, 0x00000007a8a00000, 0x00000007a8a00000|100%|HC|  |TAMS 0x00000007a8800000| PB 0x00000007a8800000| Complete |  0
| 791|0x00000007a8a00000, 0x00000007a8c00000, 0x00000007a8c00000|100%|HC|  |TAMS 0x00000007a8a00000| PB 0x00000007a8a00000| Complete |  0
| 792|0x00000007a8c00000, 0x00000007a8e00000, 0x00000007a8e00000|100%|HC|  |TAMS 0x00000007a8c00000| PB 0x00000007a8c00000| Complete |  0
| 793|0x00000007a8e00000, 0x00000007a9000000, 0x00000007a9000000|100%|HC|  |TAMS 0x00000007a8e00000| PB 0x00000007a8e00000| Complete |  0
| 794|0x00000007a9000000, 0x00000007a9200000, 0x00000007a9200000|100%|HC|  |TAMS 0x00000007a9000000| PB 0x00000007a9000000| Complete |  0
| 795|0x00000007a9200000, 0x00000007a9400000, 0x00000007a9400000|100%|HC|  |TAMS 0x00000007a9200000| PB 0x00000007a9200000| Complete |  0
| 796|0x00000007a9400000, 0x00000007a9600000, 0x00000007a9600000|100%|HC|  |TAMS 0x00000007a9400000| PB 0x00000007a9400000| Complete |  0
| 797|0x00000007a9600000, 0x00000007a9800000, 0x00000007a9800000|100%|HC|  |TAMS 0x00000007a9600000| PB 0x00000007a9600000| Complete |  0
| 798|0x00000007a9800000, 0x00000007a9a00000, 0x00000007a9a00000|100%|HC|  |TAMS 0x00000007a9800000| PB 0x00000007a9800000| Complete |  0
| 799|0x00000007a9a00000, 0x00000007a9c00000, 0x00000007a9c00000|100%|HS|  |TAMS 0x00000007a9a00000| PB 0x00000007a9a00000| Complete |  0
| 800|0x00000007a9c00000, 0x00000007a9e00000, 0x00000007a9e00000|100%|HC|  |TAMS 0x00000007a9c00000| PB 0x00000007a9c00000| Complete |  0
| 801|0x00000007a9e00000, 0x00000007aa000000, 0x00000007aa000000|100%|HC|  |TAMS 0x00000007a9e00000| PB 0x00000007a9e00000| Complete |  0
| 802|0x00000007aa000000, 0x00000007aa200000, 0x00000007aa200000|100%|HC|  |TAMS 0x00000007aa000000| PB 0x00000007aa000000| Complete |  0
| 803|0x00000007aa200000, 0x00000007aa400000, 0x00000007aa400000|100%|HC|  |TAMS 0x00000007aa200000| PB 0x00000007aa200000| Complete |  0
| 804|0x00000007aa400000, 0x00000007aa600000, 0x00000007aa600000|100%|HC|  |TAMS 0x00000007aa400000| PB 0x00000007aa400000| Complete |  0
| 805|0x00000007aa600000, 0x00000007aa800000, 0x00000007aa800000|100%|HC|  |TAMS 0x00000007aa600000| PB 0x00000007aa600000| Complete |  0
| 806|0x00000007aa800000, 0x00000007aaa00000, 0x00000007aaa00000|100%|HC|  |TAMS 0x00000007aa800000| PB 0x00000007aa800000| Complete |  0
| 807|0x00000007aaa00000, 0x00000007aac00000, 0x00000007aac00000|100%|HC|  |TAMS 0x00000007aaa00000| PB 0x00000007aaa00000| Complete |  0
| 808|0x00000007aac00000, 0x00000007aae00000, 0x00000007aae00000|100%|HC|  |TAMS 0x00000007aac00000| PB 0x00000007aac00000| Complete |  0
| 809|0x00000007aae00000, 0x00000007ab000000, 0x00000007ab000000|100%|HC|  |TAMS 0x00000007aae00000| PB 0x00000007aae00000| Complete |  0
| 810|0x00000007ab000000, 0x00000007ab200000, 0x00000007ab200000|100%|HC|  |TAMS 0x00000007ab000000| PB 0x00000007ab000000| Complete |  0
| 811|0x00000007ab200000, 0x00000007ab400000, 0x00000007ab400000|100%|HC|  |TAMS 0x00000007ab200000| PB 0x00000007ab200000| Complete |  0
| 812|0x00000007ab400000, 0x00000007ab600000, 0x00000007ab600000|100%|HC|  |TAMS 0x00000007ab400000| PB 0x00000007ab400000| Complete |  0
| 813|0x00000007ab600000, 0x00000007ab800000, 0x00000007ab800000|100%|HC|  |TAMS 0x00000007ab600000| PB 0x00000007ab600000| Complete |  0
| 814|0x00000007ab800000, 0x00000007aba00000, 0x00000007aba00000|100%|HC|  |TAMS 0x00000007ab800000| PB 0x00000007ab800000| Complete |  0
| 815|0x00000007aba00000, 0x00000007abc00000, 0x00000007abc00000|100%|HC|  |TAMS 0x00000007aba00000| PB 0x00000007aba00000| Complete |  0
| 816|0x00000007abc00000, 0x00000007abe00000, 0x00000007abe00000|100%|HC|  |TAMS 0x00000007abc00000| PB 0x00000007abc00000| Complete |  0
| 817|0x00000007abe00000, 0x00000007ac000000, 0x00000007ac000000|100%|HC|  |TAMS 0x00000007abe00000| PB 0x00000007abe00000| Complete |  0
| 818|0x00000007ac000000, 0x00000007ac200000, 0x00000007ac200000|100%|HC|  |TAMS 0x00000007ac000000| PB 0x00000007ac000000| Complete |  0
| 819|0x00000007ac200000, 0x00000007ac400000, 0x00000007ac400000|100%|HC|  |TAMS 0x00000007ac200000| PB 0x00000007ac200000| Complete |  0
| 820|0x00000007ac400000, 0x00000007ac600000, 0x00000007ac600000|100%|HC|  |TAMS 0x00000007ac400000| PB 0x00000007ac400000| Complete |  0
| 821|0x00000007ac600000, 0x00000007ac800000, 0x00000007ac800000|100%|HC|  |TAMS 0x00000007ac600000| PB 0x00000007ac600000| Complete |  0
| 822|0x00000007ac800000, 0x00000007aca00000, 0x00000007aca00000|100%|HC|  |TAMS 0x00000007ac800000| PB 0x00000007ac800000| Complete |  0
| 823|0x00000007aca00000, 0x00000007acc00000, 0x00000007acc00000|100%|HS|  |TAMS 0x00000007aca00000| PB 0x00000007aca00000| Complete |  0
| 824|0x00000007acc00000, 0x00000007ace00000, 0x00000007ace00000|100%|HC|  |TAMS 0x00000007acc00000| PB 0x00000007acc00000| Complete |  0
| 825|0x00000007ace00000, 0x00000007ad000000, 0x00000007ad000000|100%|HC|  |TAMS 0x00000007ace00000| PB 0x00000007ace00000| Complete |  0
| 826|0x00000007ad000000, 0x00000007ad200000, 0x00000007ad200000|100%|HC|  |TAMS 0x00000007ad000000| PB 0x00000007ad000000| Complete |  0
| 827|0x00000007ad200000, 0x00000007ad400000, 0x00000007ad400000|100%|HC|  |TAMS 0x00000007ad200000| PB 0x00000007ad200000| Complete |  0
| 828|0x00000007ad400000, 0x00000007ad600000, 0x00000007ad600000|100%|HC|  |TAMS 0x00000007ad400000| PB 0x00000007ad400000| Complete |  0
| 829|0x00000007ad600000, 0x00000007ad800000, 0x00000007ad800000|100%|HC|  |TAMS 0x00000007ad600000| PB 0x00000007ad600000| Complete |  0
| 830|0x00000007ad800000, 0x00000007ada00000, 0x00000007ada00000|100%|HC|  |TAMS 0x00000007ad800000| PB 0x00000007ad800000| Complete |  0
| 831|0x00000007ada00000, 0x00000007adc00000, 0x00000007adc00000|100%|HC|  |TAMS 0x00000007ada00000| PB 0x00000007ada00000| Complete |  0
| 832|0x00000007adc00000, 0x00000007ade00000, 0x00000007ade00000|100%|HC|  |TAMS 0x00000007adc00000| PB 0x00000007adc00000| Complete |  0
| 833|0x00000007ade00000, 0x00000007ae000000, 0x00000007ae000000|100%|HC|  |TAMS 0x00000007ade00000| PB 0x00000007ade00000| Complete |  0
| 834|0x00000007ae000000, 0x00000007ae200000, 0x00000007ae200000|100%|HC|  |TAMS 0x00000007ae000000| PB 0x00000007ae000000| Complete |  0
| 835|0x00000007ae200000, 0x00000007ae400000, 0x00000007ae400000|100%|HC|  |TAMS 0x00000007ae200000| PB 0x00000007ae200000| Complete |  0
| 836|0x00000007ae400000, 0x00000007ae600000, 0x00000007ae600000|100%|HC|  |TAMS 0x00000007ae400000| PB 0x00000007ae400000| Complete |  0
| 837|0x00000007ae600000, 0x00000007ae800000, 0x00000007ae800000|100%|HC|  |TAMS 0x00000007ae600000| PB 0x00000007ae600000| Complete |  0
| 838|0x00000007ae800000, 0x00000007aea00000, 0x00000007aea00000|100%|HC|  |TAMS 0x00000007ae800000| PB 0x00000007ae800000| Complete |  0
| 839|0x00000007aea00000, 0x00000007aec00000, 0x00000007aec00000|100%|HC|  |TAMS 0x00000007aea00000| PB 0x00000007aea00000| Complete |  0
| 840|0x00000007aec00000, 0x00000007aee00000, 0x00000007aee00000|100%|HC|  |TAMS 0x00000007aec00000| PB 0x00000007aec00000| Complete |  0
| 841|0x00000007aee00000, 0x00000007af000000, 0x00000007af000000|100%|HC|  |TAMS 0x00000007aee00000| PB 0x00000007aee00000| Complete |  0
| 842|0x00000007af000000, 0x00000007af200000, 0x00000007af200000|100%|HC|  |TAMS 0x00000007af000000| PB 0x00000007af000000| Complete |  0
| 843|0x00000007af200000, 0x00000007af400000, 0x00000007af400000|100%|HC|  |TAMS 0x00000007af200000| PB 0x00000007af200000| Complete |  0
| 844|0x00000007af400000, 0x00000007af600000, 0x00000007af600000|100%|HC|  |TAMS 0x00000007af400000| PB 0x00000007af400000| Complete |  0
| 845|0x00000007af600000, 0x00000007af800000, 0x00000007af800000|100%|HC|  |TAMS 0x00000007af600000| PB 0x00000007af600000| Complete |  0
| 846|0x00000007af800000, 0x00000007afa00000, 0x00000007afa00000|100%|HC|  |TAMS 0x00000007af800000| PB 0x00000007af800000| Complete |  0
| 847|0x00000007afa00000, 0x00000007afc00000, 0x00000007afc00000|100%|HS|  |TAMS 0x00000007afa00000| PB 0x00000007afa00000| Complete |  0
| 848|0x00000007afc00000, 0x00000007afe00000, 0x00000007afe00000|100%|HC|  |TAMS 0x00000007afc00000| PB 0x00000007afc00000| Complete |  0
| 849|0x00000007afe00000, 0x00000007b0000000, 0x00000007b0000000|100%|HC|  |TAMS 0x00000007afe00000| PB 0x00000007afe00000| Complete |  0
| 850|0x00000007b0000000, 0x00000007b0200000, 0x00000007b0200000|100%|HC|  |TAMS 0x00000007b0000000| PB 0x00000007b0000000| Complete |  0
| 851|0x00000007b0200000, 0x00000007b0400000, 0x00000007b0400000|100%|HC|  |TAMS 0x00000007b0200000| PB 0x00000007b0200000| Complete |  0
| 852|0x00000007b0400000, 0x00000007b0600000, 0x00000007b0600000|100%|HC|  |TAMS 0x00000007b0400000| PB 0x00000007b0400000| Complete |  0
| 853|0x00000007b0600000, 0x00000007b0800000, 0x00000007b0800000|100%|HC|  |TAMS 0x00000007b0600000| PB 0x00000007b0600000| Complete |  0
| 854|0x00000007b0800000, 0x00000007b0a00000, 0x00000007b0a00000|100%|HC|  |TAMS 0x00000007b0800000| PB 0x00000007b0800000| Complete |  0
| 855|0x00000007b0a00000, 0x00000007b0c00000, 0x00000007b0c00000|100%|HC|  |TAMS 0x00000007b0a00000| PB 0x00000007b0a00000| Complete |  0
| 856|0x00000007b0c00000, 0x00000007b0e00000, 0x00000007b0e00000|100%|HC|  |TAMS 0x00000007b0c00000| PB 0x00000007b0c00000| Complete |  0
| 857|0x00000007b0e00000, 0x00000007b1000000, 0x00000007b1000000|100%|HC|  |TAMS 0x00000007b0e00000| PB 0x00000007b0e00000| Complete |  0
| 858|0x00000007b1000000, 0x00000007b1200000, 0x00000007b1200000|100%|HC|  |TAMS 0x00000007b1000000| PB 0x00000007b1000000| Complete |  0
| 859|0x00000007b1200000, 0x00000007b1400000, 0x00000007b1400000|100%|HC|  |TAMS 0x00000007b1200000| PB 0x00000007b1200000| Complete |  0
| 860|0x00000007b1400000, 0x00000007b1600000, 0x00000007b1600000|100%|HC|  |TAMS 0x00000007b1400000| PB 0x00000007b1400000| Complete |  0
| 861|0x00000007b1600000, 0x00000007b1800000, 0x00000007b1800000|100%|HC|  |TAMS 0x00000007b1600000| PB 0x00000007b1600000| Complete |  0
| 862|0x00000007b1800000, 0x00000007b1a00000, 0x00000007b1a00000|100%|HC|  |TAMS 0x00000007b1800000| PB 0x00000007b1800000| Complete |  0
| 863|0x00000007b1a00000, 0x00000007b1c00000, 0x00000007b1c00000|100%|HC|  |TAMS 0x00000007b1a00000| PB 0x00000007b1a00000| Complete |  0
| 864|0x00000007b1c00000, 0x00000007b1e00000, 0x00000007b1e00000|100%|HC|  |TAMS 0x00000007b1c00000| PB 0x00000007b1c00000| Complete |  0
| 865|0x00000007b1e00000, 0x00000007b2000000, 0x00000007b2000000|100%|HC|  |TAMS 0x00000007b1e00000| PB 0x00000007b1e00000| Complete |  0
| 866|0x00000007b2000000, 0x00000007b2200000, 0x00000007b2200000|100%|HC|  |TAMS 0x00000007b2000000| PB 0x00000007b2000000| Complete |  0
| 867|0x00000007b2200000, 0x00000007b2400000, 0x00000007b2400000|100%|HC|  |TAMS 0x00000007b2200000| PB 0x00000007b2200000| Complete |  0
| 868|0x00000007b2400000, 0x00000007b2600000, 0x00000007b2600000|100%|HC|  |TAMS 0x00000007b2400000| PB 0x00000007b2400000| Complete |  0
| 869|0x00000007b2600000, 0x00000007b2800000, 0x00000007b2800000|100%|HC|  |TAMS 0x00000007b2600000| PB 0x00000007b2600000| Complete |  0
| 870|0x00000007b2800000, 0x00000007b2a00000, 0x00000007b2a00000|100%|HC|  |TAMS 0x00000007b2800000| PB 0x00000007b2800000| Complete |  0
| 871|0x00000007b2a00000, 0x00000007b2c00000, 0x00000007b2c00000|100%|HS|  |TAMS 0x00000007b2a00000| PB 0x00000007b2a00000| Complete |  0
| 872|0x00000007b2c00000, 0x00000007b2e00000, 0x00000007b2e00000|100%|HC|  |TAMS 0x00000007b2c00000| PB 0x00000007b2c00000| Complete |  0
| 873|0x00000007b2e00000, 0x00000007b3000000, 0x00000007b3000000|100%|HC|  |TAMS 0x00000007b2e00000| PB 0x00000007b2e00000| Complete |  0
| 874|0x00000007b3000000, 0x00000007b3200000, 0x00000007b3200000|100%|HC|  |TAMS 0x00000007b3000000| PB 0x00000007b3000000| Complete |  0
| 875|0x00000007b3200000, 0x00000007b3400000, 0x00000007b3400000|100%|HC|  |TAMS 0x00000007b3200000| PB 0x00000007b3200000| Complete |  0
| 876|0x00000007b3400000, 0x00000007b3600000, 0x00000007b3600000|100%|HC|  |TAMS 0x00000007b3400000| PB 0x00000007b3400000| Complete |  0
| 877|0x00000007b3600000, 0x00000007b3800000, 0x00000007b3800000|100%|HC|  |TAMS 0x00000007b3600000| PB 0x00000007b3600000| Complete |  0
| 878|0x00000007b3800000, 0x00000007b3a00000, 0x00000007b3a00000|100%|HC|  |TAMS 0x00000007b3800000| PB 0x00000007b3800000| Complete |  0
| 879|0x00000007b3a00000, 0x00000007b3c00000, 0x00000007b3c00000|100%|HC|  |TAMS 0x00000007b3a00000| PB 0x00000007b3a00000| Complete |  0
| 880|0x00000007b3c00000, 0x00000007b3e00000, 0x00000007b3e00000|100%|HC|  |TAMS 0x00000007b3c00000| PB 0x00000007b3c00000| Complete |  0
| 881|0x00000007b3e00000, 0x00000007b4000000, 0x00000007b4000000|100%|HC|  |TAMS 0x00000007b3e00000| PB 0x00000007b3e00000| Complete |  0
| 882|0x00000007b4000000, 0x00000007b4200000, 0x00000007b4200000|100%|HC|  |TAMS 0x00000007b4000000| PB 0x00000007b4000000| Complete |  0
| 883|0x00000007b4200000, 0x00000007b4400000, 0x00000007b4400000|100%|HC|  |TAMS 0x00000007b4200000| PB 0x00000007b4200000| Complete |  0
| 884|0x00000007b4400000, 0x00000007b4600000, 0x00000007b4600000|100%|HC|  |TAMS 0x00000007b4400000| PB 0x00000007b4400000| Complete |  0
| 885|0x00000007b4600000, 0x00000007b4800000, 0x00000007b4800000|100%|HC|  |TAMS 0x00000007b4600000| PB 0x00000007b4600000| Complete |  0
| 886|0x00000007b4800000, 0x00000007b4a00000, 0x00000007b4a00000|100%|HC|  |TAMS 0x00000007b4800000| PB 0x00000007b4800000| Complete |  0
| 887|0x00000007b4a00000, 0x00000007b4c00000, 0x00000007b4c00000|100%|HC|  |TAMS 0x00000007b4a00000| PB 0x00000007b4a00000| Complete |  0
| 888|0x00000007b4c00000, 0x00000007b4e00000, 0x00000007b4e00000|100%|HC|  |TAMS 0x00000007b4c00000| PB 0x00000007b4c00000| Complete |  0
| 889|0x00000007b4e00000, 0x00000007b5000000, 0x00000007b5000000|100%|HC|  |TAMS 0x00000007b4e00000| PB 0x00000007b4e00000| Complete |  0
| 890|0x00000007b5000000, 0x00000007b5200000, 0x00000007b5200000|100%|HC|  |TAMS 0x00000007b5000000| PB 0x00000007b5000000| Complete |  0
| 891|0x00000007b5200000, 0x00000007b5400000, 0x00000007b5400000|100%|HC|  |TAMS 0x00000007b5200000| PB 0x00000007b5200000| Complete |  0
| 892|0x00000007b5400000, 0x00000007b5600000, 0x00000007b5600000|100%|HC|  |TAMS 0x00000007b5400000| PB 0x00000007b5400000| Complete |  0
| 893|0x00000007b5600000, 0x00000007b5800000, 0x00000007b5800000|100%|HC|  |TAMS 0x00000007b5600000| PB 0x00000007b5600000| Complete |  0
| 894|0x00000007b5800000, 0x00000007b5a00000, 0x00000007b5a00000|100%|HC|  |TAMS 0x00000007b5800000| PB 0x00000007b5800000| Complete |  0
| 895|0x00000007b5a00000, 0x00000007b5c00000, 0x00000007b5c00000|100%|HS|  |TAMS 0x00000007b5a00000| PB 0x00000007b5a00000| Complete |  0
| 896|0x00000007b5c00000, 0x00000007b5e00000, 0x00000007b5e00000|100%|HC|  |TAMS 0x00000007b5c00000| PB 0x00000007b5c00000| Complete |  0
| 897|0x00000007b5e00000, 0x00000007b6000000, 0x00000007b6000000|100%|HC|  |TAMS 0x00000007b5e00000| PB 0x00000007b5e00000| Complete |  0
| 898|0x00000007b6000000, 0x00000007b6200000, 0x00000007b6200000|100%|HC|  |TAMS 0x00000007b6000000| PB 0x00000007b6000000| Complete |  0
| 899|0x00000007b6200000, 0x00000007b6400000, 0x00000007b6400000|100%|HC|  |TAMS 0x00000007b6200000| PB 0x00000007b6200000| Complete |  0
| 900|0x00000007b6400000, 0x00000007b6600000, 0x00000007b6600000|100%|HC|  |TAMS 0x00000007b6400000| PB 0x00000007b6400000| Complete |  0
| 901|0x00000007b6600000, 0x00000007b6800000, 0x00000007b6800000|100%|HC|  |TAMS 0x00000007b6600000| PB 0x00000007b6600000| Complete |  0
| 902|0x00000007b6800000, 0x00000007b6a00000, 0x00000007b6a00000|100%|HC|  |TAMS 0x00000007b6800000| PB 0x00000007b6800000| Complete |  0
| 903|0x00000007b6a00000, 0x00000007b6c00000, 0x00000007b6c00000|100%|HC|  |TAMS 0x00000007b6a00000| PB 0x00000007b6a00000| Complete |  0
| 904|0x00000007b6c00000, 0x00000007b6e00000, 0x00000007b6e00000|100%|HC|  |TAMS 0x00000007b6c00000| PB 0x00000007b6c00000| Complete |  0
| 905|0x00000007b6e00000, 0x00000007b7000000, 0x00000007b7000000|100%|HC|  |TAMS 0x00000007b6e00000| PB 0x00000007b6e00000| Complete |  0
| 906|0x00000007b7000000, 0x00000007b7200000, 0x00000007b7200000|100%|HC|  |TAMS 0x00000007b7000000| PB 0x00000007b7000000| Complete |  0
| 907|0x00000007b7200000, 0x00000007b7400000, 0x00000007b7400000|100%|HC|  |TAMS 0x00000007b7200000| PB 0x00000007b7200000| Complete |  0
| 908|0x00000007b7400000, 0x00000007b7600000, 0x00000007b7600000|100%|HC|  |TAMS 0x00000007b7400000| PB 0x00000007b7400000| Complete |  0
| 909|0x00000007b7600000, 0x00000007b7800000, 0x00000007b7800000|100%|HC|  |TAMS 0x00000007b7600000| PB 0x00000007b7600000| Complete |  0
| 910|0x00000007b7800000, 0x00000007b7a00000, 0x00000007b7a00000|100%|HC|  |TAMS 0x00000007b7800000| PB 0x00000007b7800000| Complete |  0
| 911|0x00000007b7a00000, 0x00000007b7c00000, 0x00000007b7c00000|100%|HC|  |TAMS 0x00000007b7a00000| PB 0x00000007b7a00000| Complete |  0
| 912|0x00000007b7c00000, 0x00000007b7e00000, 0x00000007b7e00000|100%|HC|  |TAMS 0x00000007b7c00000| PB 0x00000007b7c00000| Complete |  0
| 913|0x00000007b7e00000, 0x00000007b8000000, 0x00000007b8000000|100%|HC|  |TAMS 0x00000007b7e00000| PB 0x00000007b7e00000| Complete |  0
| 914|0x00000007b8000000, 0x00000007b8200000, 0x00000007b8200000|100%|HC|  |TAMS 0x00000007b8000000| PB 0x00000007b8000000| Complete |  0
| 915|0x00000007b8200000, 0x00000007b8400000, 0x00000007b8400000|100%|HC|  |TAMS 0x00000007b8200000| PB 0x00000007b8200000| Complete |  0
| 916|0x00000007b8400000, 0x00000007b8600000, 0x00000007b8600000|100%|HC|  |TAMS 0x00000007b8400000| PB 0x00000007b8400000| Complete |  0
| 917|0x00000007b8600000, 0x00000007b8800000, 0x00000007b8800000|100%|HC|  |TAMS 0x00000007b8600000| PB 0x00000007b8600000| Complete |  0
| 918|0x00000007b8800000, 0x00000007b8a00000, 0x00000007b8a00000|100%|HC|  |TAMS 0x00000007b8800000| PB 0x00000007b8800000| Complete |  0
| 919|0x00000007b8a00000, 0x00000007b8c00000, 0x00000007b8c00000|100%|HS|  |TAMS 0x00000007b8a00000| PB 0x00000007b8a00000| Complete |  0
| 920|0x00000007b8c00000, 0x00000007b8e00000, 0x00000007b8e00000|100%|HC|  |TAMS 0x00000007b8c00000| PB 0x00000007b8c00000| Complete |  0
| 921|0x00000007b8e00000, 0x00000007b9000000, 0x00000007b9000000|100%|HC|  |TAMS 0x00000007b8e00000| PB 0x00000007b8e00000| Complete |  0
| 922|0x00000007b9000000, 0x00000007b9200000, 0x00000007b9200000|100%|HC|  |TAMS 0x00000007b9000000| PB 0x00000007b9000000| Complete |  0
| 923|0x00000007b9200000, 0x00000007b9400000, 0x00000007b9400000|100%|HC|  |TAMS 0x00000007b9200000| PB 0x00000007b9200000| Complete |  0
| 924|0x00000007b9400000, 0x00000007b9600000, 0x00000007b9600000|100%|HC|  |TAMS 0x00000007b9400000| PB 0x00000007b9400000| Complete |  0
| 925|0x00000007b9600000, 0x00000007b9800000, 0x00000007b9800000|100%|HC|  |TAMS 0x00000007b9600000| PB 0x00000007b9600000| Complete |  0
| 926|0x00000007b9800000, 0x00000007b9a00000, 0x00000007b9a00000|100%|HC|  |TAMS 0x00000007b9800000| PB 0x00000007b9800000| Complete |  0
| 927|0x00000007b9a00000, 0x00000007b9c00000, 0x00000007b9c00000|100%|HC|  |TAMS 0x00000007b9a00000| PB 0x00000007b9a00000| Complete |  0
| 928|0x00000007b9c00000, 0x00000007b9e00000, 0x00000007b9e00000|100%|HC|  |TAMS 0x00000007b9c00000| PB 0x00000007b9c00000| Complete |  0
| 929|0x00000007b9e00000, 0x00000007ba000000, 0x00000007ba000000|100%|HC|  |TAMS 0x00000007b9e00000| PB 0x00000007b9e00000| Complete |  0
| 930|0x00000007ba000000, 0x00000007ba200000, 0x00000007ba200000|100%|HC|  |TAMS 0x00000007ba000000| PB 0x00000007ba000000| Complete |  0
| 931|0x00000007ba200000, 0x00000007ba400000, 0x00000007ba400000|100%|HC|  |TAMS 0x00000007ba200000| PB 0x00000007ba200000| Complete |  0
| 932|0x00000007ba400000, 0x00000007ba600000, 0x00000007ba600000|100%|HC|  |TAMS 0x00000007ba400000| PB 0x00000007ba400000| Complete |  0
| 933|0x00000007ba600000, 0x00000007ba800000, 0x00000007ba800000|100%|HC|  |TAMS 0x00000007ba600000| PB 0x00000007ba600000| Complete |  0
| 934|0x00000007ba800000, 0x00000007baa00000, 0x00000007baa00000|100%|HC|  |TAMS 0x00000007ba800000| PB 0x00000007ba800000| Complete |  0
| 935|0x00000007baa00000, 0x00000007bac00000, 0x00000007bac00000|100%|HC|  |TAMS 0x00000007baa00000| PB 0x00000007baa00000| Complete |  0
| 936|0x00000007bac00000, 0x00000007bae00000, 0x00000007bae00000|100%|HC|  |TAMS 0x00000007bac00000| PB 0x00000007bac00000| Complete |  0
| 937|0x00000007bae00000, 0x00000007bb000000, 0x00000007bb000000|100%|HC|  |TAMS 0x00000007bae00000| PB 0x00000007bae00000| Complete |  0
| 938|0x00000007bb000000, 0x00000007bb200000, 0x00000007bb200000|100%|HC|  |TAMS 0x00000007bb000000| PB 0x00000007bb000000| Complete |  0
| 939|0x00000007bb200000, 0x00000007bb400000, 0x00000007bb400000|100%|HC|  |TAMS 0x00000007bb200000| PB 0x00000007bb200000| Complete |  0
| 940|0x00000007bb400000, 0x00000007bb600000, 0x00000007bb600000|100%|HC|  |TAMS 0x00000007bb400000| PB 0x00000007bb400000| Complete |  0
| 941|0x00000007bb600000, 0x00000007bb800000, 0x00000007bb800000|100%|HC|  |TAMS 0x00000007bb600000| PB 0x00000007bb600000| Complete |  0
| 942|0x00000007bb800000, 0x00000007bba00000, 0x00000007bba00000|100%|HC|  |TAMS 0x00000007bb800000| PB 0x00000007bb800000| Complete |  0
| 943|0x00000007bba00000, 0x00000007bbc00000, 0x00000007bbc00000|100%|HS|  |TAMS 0x00000007bba00000| PB 0x00000007bba00000| Complete |  0
| 944|0x00000007bbc00000, 0x00000007bbe00000, 0x00000007bbe00000|100%|HC|  |TAMS 0x00000007bbc00000| PB 0x00000007bbc00000| Complete |  0
| 945|0x00000007bbe00000, 0x00000007bc000000, 0x00000007bc000000|100%|HC|  |TAMS 0x00000007bbe00000| PB 0x00000007bbe00000| Complete |  0
| 946|0x00000007bc000000, 0x00000007bc200000, 0x00000007bc200000|100%|HC|  |TAMS 0x00000007bc000000| PB 0x00000007bc000000| Complete |  0
| 947|0x00000007bc200000, 0x00000007bc400000, 0x00000007bc400000|100%|HC|  |TAMS 0x00000007bc200000| PB 0x00000007bc200000| Complete |  0
| 948|0x00000007bc400000, 0x00000007bc600000, 0x00000007bc600000|100%|HC|  |TAMS 0x00000007bc400000| PB 0x00000007bc400000| Complete |  0
| 949|0x00000007bc600000, 0x00000007bc800000, 0x00000007bc800000|100%|HC|  |TAMS 0x00000007bc600000| PB 0x00000007bc600000| Complete |  0
| 950|0x00000007bc800000, 0x00000007bca00000, 0x00000007bca00000|100%|HC|  |TAMS 0x00000007bc800000| PB 0x00000007bc800000| Complete |  0
| 951|0x00000007bca00000, 0x00000007bcc00000, 0x00000007bcc00000|100%|HC|  |TAMS 0x00000007bca00000| PB 0x00000007bca00000| Complete |  0
| 952|0x00000007bcc00000, 0x00000007bce00000, 0x00000007bce00000|100%|HC|  |TAMS 0x00000007bcc00000| PB 0x00000007bcc00000| Complete |  0
| 953|0x00000007bce00000, 0x00000007bd000000, 0x00000007bd000000|100%|HC|  |TAMS 0x00000007bce00000| PB 0x00000007bce00000| Complete |  0
| 954|0x00000007bd000000, 0x00000007bd200000, 0x00000007bd200000|100%|HC|  |TAMS 0x00000007bd000000| PB 0x00000007bd000000| Complete |  0
| 955|0x00000007bd200000, 0x00000007bd400000, 0x00000007bd400000|100%|HC|  |TAMS 0x00000007bd200000| PB 0x00000007bd200000| Complete |  0
| 956|0x00000007bd400000, 0x00000007bd600000, 0x00000007bd600000|100%|HC|  |TAMS 0x00000007bd400000| PB 0x00000007bd400000| Complete |  0
| 957|0x00000007bd600000, 0x00000007bd800000, 0x00000007bd800000|100%|HC|  |TAMS 0x00000007bd600000| PB 0x00000007bd600000| Complete |  0
| 958|0x00000007bd800000, 0x00000007bda00000, 0x00000007bda00000|100%|HC|  |TAMS 0x00000007bd800000| PB 0x00000007bd800000| Complete |  0
| 959|0x00000007bda00000, 0x00000007bdc00000, 0x00000007bdc00000|100%|HC|  |TAMS 0x00000007bda00000| PB 0x00000007bda00000| Complete |  0
| 960|0x00000007bdc00000, 0x00000007bde00000, 0x00000007bde00000|100%|HC|  |TAMS 0x00000007bdc00000| PB 0x00000007bdc00000| Complete |  0
| 961|0x00000007bde00000, 0x00000007be000000, 0x00000007be000000|100%|HC|  |TAMS 0x00000007bde00000| PB 0x00000007bde00000| Complete |  0
| 962|0x00000007be000000, 0x00000007be200000, 0x00000007be200000|100%|HC|  |TAMS 0x00000007be000000| PB 0x00000007be000000| Complete |  0
| 963|0x00000007be200000, 0x00000007be400000, 0x00000007be400000|100%|HC|  |TAMS 0x00000007be200000| PB 0x00000007be200000| Complete |  0
| 964|0x00000007be400000, 0x00000007be600000, 0x00000007be600000|100%|HC|  |TAMS 0x00000007be400000| PB 0x00000007be400000| Complete |  0
| 965|0x00000007be600000, 0x00000007be800000, 0x00000007be800000|100%|HC|  |TAMS 0x00000007be600000| PB 0x00000007be600000| Complete |  0
| 966|0x00000007be800000, 0x00000007bea00000, 0x00000007bea00000|100%|HC|  |TAMS 0x00000007be800000| PB 0x00000007be800000| Complete |  0
| 967|0x00000007bea00000, 0x00000007bec00000, 0x00000007bec00000|100%|HS|  |TAMS 0x00000007bea00000| PB 0x00000007bea00000| Complete |  0
| 968|0x00000007bec00000, 0x00000007bee00000, 0x00000007bee00000|100%|HC|  |TAMS 0x00000007bec00000| PB 0x00000007bec00000| Complete |  0
| 969|0x00000007bee00000, 0x00000007bf000000, 0x00000007bf000000|100%|HC|  |TAMS 0x00000007bee00000| PB 0x00000007bee00000| Complete |  0
| 970|0x00000007bf000000, 0x00000007bf200000, 0x00000007bf200000|100%|HC|  |TAMS 0x00000007bf000000| PB 0x00000007bf000000| Complete |  0
| 971|0x00000007bf200000, 0x00000007bf400000, 0x00000007bf400000|100%|HC|  |TAMS 0x00000007bf200000| PB 0x00000007bf200000| Complete |  0
| 972|0x00000007bf400000, 0x00000007bf600000, 0x00000007bf600000|100%|HC|  |TAMS 0x00000007bf400000| PB 0x00000007bf400000| Complete |  0
| 973|0x00000007bf600000, 0x00000007bf800000, 0x00000007bf800000|100%|HC|  |TAMS 0x00000007bf600000| PB 0x00000007bf600000| Complete |  0
| 974|0x00000007bf800000, 0x00000007bfa00000, 0x00000007bfa00000|100%|HC|  |TAMS 0x00000007bf800000| PB 0x00000007bf800000| Complete |  0
| 975|0x00000007bfa00000, 0x00000007bfc00000, 0x00000007bfc00000|100%|HC|  |TAMS 0x00000007bfa00000| PB 0x00000007bfa00000| Complete |  0
| 976|0x00000007bfc00000, 0x00000007bfe00000, 0x00000007bfe00000|100%|HC|  |TAMS 0x00000007bfc00000| PB 0x00000007bfc00000| Complete |  0
| 977|0x00000007bfe00000, 0x00000007c0000000, 0x00000007c0000000|100%|HC|  |TAMS 0x00000007bfe00000| PB 0x00000007bfe00000| Complete |  0
| 978|0x00000007c0000000, 0x00000007c0200000, 0x00000007c0200000|100%|HC|  |TAMS 0x00000007c0000000| PB 0x00000007c0000000| Complete |  0
| 979|0x00000007c0200000, 0x00000007c0400000, 0x00000007c0400000|100%|HC|  |TAMS 0x00000007c0200000| PB 0x00000007c0200000| Complete |  0
| 980|0x00000007c0400000, 0x00000007c0600000, 0x00000007c0600000|100%|HC|  |TAMS 0x00000007c0400000| PB 0x00000007c0400000| Complete |  0
| 981|0x00000007c0600000, 0x00000007c0800000, 0x00000007c0800000|100%|HC|  |TAMS 0x00000007c0600000| PB 0x00000007c0600000| Complete |  0
| 982|0x00000007c0800000, 0x00000007c0a00000, 0x00000007c0a00000|100%|HC|  |TAMS 0x00000007c0800000| PB 0x00000007c0800000| Complete |  0
| 983|0x00000007c0a00000, 0x00000007c0c00000, 0x00000007c0c00000|100%|HC|  |TAMS 0x00000007c0a00000| PB 0x00000007c0a00000| Complete |  0
| 984|0x00000007c0c00000, 0x00000007c0e00000, 0x00000007c0e00000|100%|HC|  |TAMS 0x00000007c0c00000| PB 0x00000007c0c00000| Complete |  0
| 985|0x00000007c0e00000, 0x00000007c1000000, 0x00000007c1000000|100%|HC|  |TAMS 0x00000007c0e00000| PB 0x00000007c0e00000| Complete |  0
| 986|0x00000007c1000000, 0x00000007c1200000, 0x00000007c1200000|100%|HC|  |TAMS 0x00000007c1000000| PB 0x00000007c1000000| Complete |  0
| 987|0x00000007c1200000, 0x00000007c1400000, 0x00000007c1400000|100%|HC|  |TAMS 0x00000007c1200000| PB 0x00000007c1200000| Complete |  0
| 988|0x00000007c1400000, 0x00000007c1600000, 0x00000007c1600000|100%|HC|  |TAMS 0x00000007c1400000| PB 0x00000007c1400000| Complete |  0
| 989|0x00000007c1600000, 0x00000007c1800000, 0x00000007c1800000|100%|HC|  |TAMS 0x00000007c1600000| PB 0x00000007c1600000| Complete |  0
| 990|0x00000007c1800000, 0x00000007c1a00000, 0x00000007c1a00000|100%|HC|  |TAMS 0x00000007c1800000| PB 0x00000007c1800000| Complete |  0
| 991|0x00000007c1a00000, 0x00000007c1c00000, 0x00000007c1c00000|100%|HS|  |TAMS 0x00000007c1a00000| PB 0x00000007c1a00000| Complete |  0
| 992|0x00000007c1c00000, 0x00000007c1e00000, 0x00000007c1e00000|100%|HC|  |TAMS 0x00000007c1c00000| PB 0x00000007c1c00000| Complete |  0
| 993|0x00000007c1e00000, 0x00000007c2000000, 0x00000007c2000000|100%|HC|  |TAMS 0x00000007c1e00000| PB 0x00000007c1e00000| Complete |  0
| 994|0x00000007c2000000, 0x00000007c2200000, 0x00000007c2200000|100%|HC|  |TAMS 0x00000007c2000000| PB 0x00000007c2000000| Complete |  0
| 995|0x00000007c2200000, 0x00000007c2400000, 0x00000007c2400000|100%|HC|  |TAMS 0x00000007c2200000| PB 0x00000007c2200000| Complete |  0
| 996|0x00000007c2400000, 0x00000007c2600000, 0x00000007c2600000|100%|HC|  |TAMS 0x00000007c2400000| PB 0x00000007c2400000| Complete |  0
| 997|0x00000007c2600000, 0x00000007c2800000, 0x00000007c2800000|100%|HC|  |TAMS 0x00000007c2600000| PB 0x00000007c2600000| Complete |  0
| 998|0x00000007c2800000, 0x00000007c2a00000, 0x00000007c2a00000|100%|HC|  |TAMS 0x00000007c2800000| PB 0x00000007c2800000| Complete |  0
| 999|0x00000007c2a00000, 0x00000007c2c00000, 0x00000007c2c00000|100%|HC|  |TAMS 0x00000007c2a00000| PB 0x00000007c2a00000| Complete |  0
|1000|0x00000007c2c00000, 0x00000007c2e00000, 0x00000007c2e00000|100%|HC|  |TAMS 0x00000007c2c00000| PB 0x00000007c2c00000| Complete |  0
|1001|0x00000007c2e00000, 0x00000007c3000000, 0x00000007c3000000|100%|HC|  |TAMS 0x00000007c2e00000| PB 0x00000007c2e00000| Complete |  0
|1002|0x00000007c3000000, 0x00000007c3200000, 0x00000007c3200000|100%|HC|  |TAMS 0x00000007c3000000| PB 0x00000007c3000000| Complete |  0
|1003|0x00000007c3200000, 0x00000007c3400000, 0x00000007c3400000|100%|HC|  |TAMS 0x00000007c3200000| PB 0x00000007c3200000| Complete |  0
|1004|0x00000007c3400000, 0x00000007c3600000, 0x00000007c3600000|100%|HC|  |TAMS 0x00000007c3400000| PB 0x00000007c3400000| Complete |  0
|1005|0x00000007c3600000, 0x00000007c3800000, 0x00000007c3800000|100%|HC|  |TAMS 0x00000007c3600000| PB 0x00000007c3600000| Complete |  0
|1006|0x00000007c3800000, 0x00000007c3a00000, 0x00000007c3a00000|100%|HC|  |TAMS 0x00000007c3800000| PB 0x00000007c3800000| Complete |  0
|1007|0x00000007c3a00000, 0x00000007c3c00000, 0x00000007c3c00000|100%|HC|  |TAMS 0x00000007c3a00000| PB 0x00000007c3a00000| Complete |  0
|1008|0x00000007c3c00000, 0x00000007c3e00000, 0x00000007c3e00000|100%|HC|  |TAMS 0x00000007c3c00000| PB 0x00000007c3c00000| Complete |  0
|1009|0x00000007c3e00000, 0x00000007c4000000, 0x00000007c4000000|100%|HC|  |TAMS 0x00000007c3e00000| PB 0x00000007c3e00000| Complete |  0
|1010|0x00000007c4000000, 0x00000007c4200000, 0x00000007c4200000|100%|HC|  |TAMS 0x00000007c4000000| PB 0x00000007c4000000| Complete |  0
|1011|0x00000007c4200000, 0x00000007c4400000, 0x00000007c4400000|100%|HC|  |TAMS 0x00000007c4200000| PB 0x00000007c4200000| Complete |  0
|1012|0x00000007c4400000, 0x00000007c4600000, 0x00000007c4600000|100%|HC|  |TAMS 0x00000007c4400000| PB 0x00000007c4400000| Complete |  0
|1013|0x00000007c4600000, 0x00000007c4800000, 0x00000007c4800000|100%|HC|  |TAMS 0x00000007c4600000| PB 0x00000007c4600000| Complete |  0
|1014|0x00000007c4800000, 0x00000007c4a00000, 0x00000007c4a00000|100%|HC|  |TAMS 0x00000007c4800000| PB 0x00000007c4800000| Complete |  0
|1015|0x00000007c4a00000, 0x00000007c4c00000, 0x00000007c4c00000|100%|HS|  |TAMS 0x00000007c4a00000| PB 0x00000007c4a00000| Complete |  0
|1016|0x00000007c4c00000, 0x00000007c4e00000, 0x00000007c4e00000|100%|HC|  |TAMS 0x00000007c4c00000| PB 0x00000007c4c00000| Complete |  0
|1017|0x00000007c4e00000, 0x00000007c5000000, 0x00000007c5000000|100%|HC|  |TAMS 0x00000007c4e00000| PB 0x00000007c4e00000| Complete |  0
|1018|0x00000007c5000000, 0x00000007c5200000, 0x00000007c5200000|100%|HC|  |TAMS 0x00000007c5000000| PB 0x00000007c5000000| Complete |  0
|1019|0x00000007c5200000, 0x00000007c5400000, 0x00000007c5400000|100%|HC|  |TAMS 0x00000007c5200000| PB 0x00000007c5200000| Complete |  0
|1020|0x00000007c5400000, 0x00000007c5600000, 0x00000007c5600000|100%|HC|  |TAMS 0x00000007c5400000| PB 0x00000007c5400000| Complete |  0
|1021|0x00000007c5600000, 0x00000007c5800000, 0x00000007c5800000|100%|HC|  |TAMS 0x00000007c5600000| PB 0x00000007c5600000| Complete |  0
|1022|0x00000007c5800000, 0x00000007c5a00000, 0x00000007c5a00000|100%|HC|  |TAMS 0x00000007c5800000| PB 0x00000007c5800000| Complete |  0
|1023|0x00000007c5a00000, 0x00000007c5c00000, 0x00000007c5c00000|100%|HC|  |TAMS 0x00000007c5a00000| PB 0x00000007c5a00000| Complete |  0
|1024|0x00000007c5c00000, 0x00000007c5e00000, 0x00000007c5e00000|100%|HC|  |TAMS 0x00000007c5c00000| PB 0x00000007c5c00000| Complete |  0
|1025|0x00000007c5e00000, 0x00000007c6000000, 0x00000007c6000000|100%|HC|  |TAMS 0x00000007c5e00000| PB 0x00000007c5e00000| Complete |  0
|1026|0x00000007c6000000, 0x00000007c6200000, 0x00000007c6200000|100%|HC|  |TAMS 0x00000007c6000000| PB 0x00000007c6000000| Complete |  0
|1027|0x00000007c6200000, 0x00000007c6400000, 0x00000007c6400000|100%|HC|  |TAMS 0x00000007c6200000| PB 0x00000007c6200000| Complete |  0
|1028|0x00000007c6400000, 0x00000007c6600000, 0x00000007c6600000|100%|HC|  |TAMS 0x00000007c6400000| PB 0x00000007c6400000| Complete |  0
|1029|0x00000007c6600000, 0x00000007c6800000, 0x00000007c6800000|100%|HC|  |TAMS 0x00000007c6600000| PB 0x00000007c6600000| Complete |  0
|1030|0x00000007c6800000, 0x00000007c6a00000, 0x00000007c6a00000|100%|HC|  |TAMS 0x00000007c6800000| PB 0x00000007c6800000| Complete |  0
|1031|0x00000007c6a00000, 0x00000007c6c00000, 0x00000007c6c00000|100%|HC|  |TAMS 0x00000007c6a00000| PB 0x00000007c6a00000| Complete |  0
|1032|0x00000007c6c00000, 0x00000007c6e00000, 0x00000007c6e00000|100%|HC|  |TAMS 0x00000007c6c00000| PB 0x00000007c6c00000| Complete |  0
|1033|0x00000007c6e00000, 0x00000007c7000000, 0x00000007c7000000|100%|HC|  |TAMS 0x00000007c6e00000| PB 0x00000007c6e00000| Complete |  0
|1034|0x00000007c7000000, 0x00000007c7200000, 0x00000007c7200000|100%|HC|  |TAMS 0x00000007c7000000| PB 0x00000007c7000000| Complete |  0
|1035|0x00000007c7200000, 0x00000007c7400000, 0x00000007c7400000|100%|HC|  |TAMS 0x00000007c7200000| PB 0x00000007c7200000| Complete |  0
|1036|0x00000007c7400000, 0x00000007c7600000, 0x00000007c7600000|100%|HC|  |TAMS 0x00000007c7400000| PB 0x00000007c7400000| Complete |  0
|1037|0x00000007c7600000, 0x00000007c7800000, 0x00000007c7800000|100%|HC|  |TAMS 0x00000007c7600000| PB 0x00000007c7600000| Complete |  0
|1038|0x00000007c7800000, 0x00000007c7a00000, 0x00000007c7a00000|100%|HC|  |TAMS 0x00000007c7800000| PB 0x00000007c7800000| Complete |  0
|1039|0x00000007c7a00000, 0x00000007c7c00000, 0x00000007c7c00000|100%|HS|  |TAMS 0x00000007c7a00000| PB 0x00000007c7a00000| Complete |  0
|1040|0x00000007c7c00000, 0x00000007c7e00000, 0x00000007c7e00000|100%|HC|  |TAMS 0x00000007c7c00000| PB 0x00000007c7c00000| Complete |  0
|1041|0x00000007c7e00000, 0x00000007c8000000, 0x00000007c8000000|100%|HC|  |TAMS 0x00000007c7e00000| PB 0x00000007c7e00000| Complete |  0
|1042|0x00000007c8000000, 0x00000007c8200000, 0x00000007c8200000|100%|HC|  |TAMS 0x00000007c8000000| PB 0x00000007c8000000| Complete |  0
|1043|0x00000007c8200000, 0x00000007c8400000, 0x00000007c8400000|100%|HC|  |TAMS 0x00000007c8200000| PB 0x00000007c8200000| Complete |  0
|1044|0x00000007c8400000, 0x00000007c8600000, 0x00000007c8600000|100%|HC|  |TAMS 0x00000007c8400000| PB 0x00000007c8400000| Complete |  0
|1045|0x00000007c8600000, 0x00000007c8800000, 0x00000007c8800000|100%|HC|  |TAMS 0x00000007c8600000| PB 0x00000007c8600000| Complete |  0
|1046|0x00000007c8800000, 0x00000007c8a00000, 0x00000007c8a00000|100%|HC|  |TAMS 0x00000007c8800000| PB 0x00000007c8800000| Complete |  0
|1047|0x00000007c8a00000, 0x00000007c8c00000, 0x00000007c8c00000|100%|HC|  |TAMS 0x00000007c8a00000| PB 0x00000007c8a00000| Complete |  0
|1048|0x00000007c8c00000, 0x00000007c8e00000, 0x00000007c8e00000|100%|HC|  |TAMS 0x00000007c8c00000| PB 0x00000007c8c00000| Complete |  0
|1049|0x00000007c8e00000, 0x00000007c9000000, 0x00000007c9000000|100%|HC|  |TAMS 0x00000007c8e00000| PB 0x00000007c8e00000| Complete |  0
|1050|0x00000007c9000000, 0x00000007c9200000, 0x00000007c9200000|100%|HC|  |TAMS 0x00000007c9000000| PB 0x00000007c9000000| Complete |  0
|1051|0x00000007c9200000, 0x00000007c9400000, 0x00000007c9400000|100%|HC|  |TAMS 0x00000007c9200000| PB 0x00000007c9200000| Complete |  0
|1052|0x00000007c9400000, 0x00000007c9600000, 0x00000007c9600000|100%|HC|  |TAMS 0x00000007c9400000| PB 0x00000007c9400000| Complete |  0
|1053|0x00000007c9600000, 0x00000007c9800000, 0x00000007c9800000|100%|HC|  |TAMS 0x00000007c9600000| PB 0x00000007c9600000| Complete |  0
|1054|0x00000007c9800000, 0x00000007c9a00000, 0x00000007c9a00000|100%|HC|  |TAMS 0x00000007c9800000| PB 0x00000007c9800000| Complete |  0
|1055|0x00000007c9a00000, 0x00000007c9c00000, 0x00000007c9c00000|100%|HC|  |TAMS 0x00000007c9a00000| PB 0x00000007c9a00000| Complete |  0
|1056|0x00000007c9c00000, 0x00000007c9e00000, 0x00000007c9e00000|100%|HC|  |TAMS 0x00000007c9c00000| PB 0x00000007c9c00000| Complete |  0
|1057|0x00000007c9e00000, 0x00000007ca000000, 0x00000007ca000000|100%|HC|  |TAMS 0x00000007c9e00000| PB 0x00000007c9e00000| Complete |  0
|1058|0x00000007ca000000, 0x00000007ca200000, 0x00000007ca200000|100%|HC|  |TAMS 0x00000007ca000000| PB 0x00000007ca000000| Complete |  0
|1059|0x00000007ca200000, 0x00000007ca400000, 0x00000007ca400000|100%|HC|  |TAMS 0x00000007ca200000| PB 0x00000007ca200000| Complete |  0
|1060|0x00000007ca400000, 0x00000007ca600000, 0x00000007ca600000|100%|HC|  |TAMS 0x00000007ca400000| PB 0x00000007ca400000| Complete |  0
|1061|0x00000007ca600000, 0x00000007ca800000, 0x00000007ca800000|100%|HC|  |TAMS 0x00000007ca600000| PB 0x00000007ca600000| Complete |  0
|1062|0x00000007ca800000, 0x00000007caa00000, 0x00000007caa00000|100%|HC|  |TAMS 0x00000007ca800000| PB 0x00000007ca800000| Complete |  0
|1063|0x00000007caa00000, 0x00000007cac00000, 0x00000007cac00000|100%|HS|  |TAMS 0x00000007caa00000| PB 0x00000007caa00000| Complete |  0
|1064|0x00000007cac00000, 0x00000007cae00000, 0x00000007cae00000|100%|HC|  |TAMS 0x00000007cac00000| PB 0x00000007cac00000| Complete |  0
|1065|0x00000007cae00000, 0x00000007cb000000, 0x00000007cb000000|100%|HC|  |TAMS 0x00000007cae00000| PB 0x00000007cae00000| Complete |  0
|1066|0x00000007cb000000, 0x00000007cb200000, 0x00000007cb200000|100%|HC|  |TAMS 0x00000007cb000000| PB 0x00000007cb000000| Complete |  0
|1067|0x00000007cb200000, 0x00000007cb400000, 0x00000007cb400000|100%|HC|  |TAMS 0x00000007cb200000| PB 0x00000007cb200000| Complete |  0
|1068|0x00000007cb400000, 0x00000007cb600000, 0x00000007cb600000|100%|HC|  |TAMS 0x00000007cb400000| PB 0x00000007cb400000| Complete |  0
|1069|0x00000007cb600000, 0x00000007cb800000, 0x00000007cb800000|100%|HC|  |TAMS 0x00000007cb600000| PB 0x00000007cb600000| Complete |  0
|1070|0x00000007cb800000, 0x00000007cba00000, 0x00000007cba00000|100%|HC|  |TAMS 0x00000007cb800000| PB 0x00000007cb800000| Complete |  0
|1071|0x00000007cba00000, 0x00000007cbc00000, 0x00000007cbc00000|100%|HC|  |TAMS 0x00000007cba00000| PB 0x00000007cba00000| Complete |  0
|1072|0x00000007cbc00000, 0x00000007cbe00000, 0x00000007cbe00000|100%|HC|  |TAMS 0x00000007cbc00000| PB 0x00000007cbc00000| Complete |  0
|1073|0x00000007cbe00000, 0x00000007cc000000, 0x00000007cc000000|100%|HC|  |TAMS 0x00000007cbe00000| PB 0x00000007cbe00000| Complete |  0
|1074|0x00000007cc000000, 0x00000007cc200000, 0x00000007cc200000|100%|HC|  |TAMS 0x00000007cc000000| PB 0x00000007cc000000| Complete |  0
|1075|0x00000007cc200000, 0x00000007cc400000, 0x00000007cc400000|100%|HC|  |TAMS 0x00000007cc200000| PB 0x00000007cc200000| Complete |  0
|1076|0x00000007cc400000, 0x00000007cc600000, 0x00000007cc600000|100%|HC|  |TAMS 0x00000007cc400000| PB 0x00000007cc400000| Complete |  0
|1077|0x00000007cc600000, 0x00000007cc800000, 0x00000007cc800000|100%|HC|  |TAMS 0x00000007cc600000| PB 0x00000007cc600000| Complete |  0
|1078|0x00000007cc800000, 0x00000007cca00000, 0x00000007cca00000|100%|HC|  |TAMS 0x00000007cc800000| PB 0x00000007cc800000| Complete |  0
|1079|0x00000007cca00000, 0x00000007ccc00000, 0x00000007ccc00000|100%|HC|  |TAMS 0x00000007cca00000| PB 0x00000007cca00000| Complete |  0
|1080|0x00000007ccc00000, 0x00000007cce00000, 0x00000007cce00000|100%|HC|  |TAMS 0x00000007ccc00000| PB 0x00000007ccc00000| Complete |  0
|1081|0x00000007cce00000, 0x00000007cd000000, 0x00000007cd000000|100%|HC|  |TAMS 0x00000007cce00000| PB 0x00000007cce00000| Complete |  0
|1082|0x00000007cd000000, 0x00000007cd200000, 0x00000007cd200000|100%|HC|  |TAMS 0x00000007cd000000| PB 0x00000007cd000000| Complete |  0
|1083|0x00000007cd200000, 0x00000007cd400000, 0x00000007cd400000|100%|HC|  |TAMS 0x00000007cd200000| PB 0x00000007cd200000| Complete |  0
|1084|0x00000007cd400000, 0x00000007cd600000, 0x00000007cd600000|100%|HC|  |TAMS 0x00000007cd400000| PB 0x00000007cd400000| Complete |  0
|1085|0x00000007cd600000, 0x00000007cd800000, 0x00000007cd800000|100%|HC|  |TAMS 0x00000007cd600000| PB 0x00000007cd600000| Complete |  0
|1086|0x00000007cd800000, 0x00000007cda00000, 0x00000007cda00000|100%|HC|  |TAMS 0x00000007cd800000| PB 0x00000007cd800000| Complete |  0
|1087|0x00000007cda00000, 0x00000007cdc00000, 0x00000007cdc00000|100%|HS|  |TAMS 0x00000007cda00000| PB 0x00000007cda00000| Complete |  0
|1088|0x00000007cdc00000, 0x00000007cde00000, 0x00000007cde00000|100%|HC|  |TAMS 0x00000007cdc00000| PB 0x00000007cdc00000| Complete |  0
|1089|0x00000007cde00000, 0x00000007ce000000, 0x00000007ce000000|100%|HC|  |TAMS 0x00000007cde00000| PB 0x00000007cde00000| Complete |  0
|1090|0x00000007ce000000, 0x00000007ce200000, 0x00000007ce200000|100%|HC|  |TAMS 0x00000007ce000000| PB 0x00000007ce000000| Complete |  0
|1091|0x00000007ce200000, 0x00000007ce400000, 0x00000007ce400000|100%|HC|  |TAMS 0x00000007ce200000| PB 0x00000007ce200000| Complete |  0
|1092|0x00000007ce400000, 0x00000007ce600000, 0x00000007ce600000|100%|HC|  |TAMS 0x00000007ce400000| PB 0x00000007ce400000| Complete |  0
|1093|0x00000007ce600000, 0x00000007ce800000, 0x00000007ce800000|100%|HC|  |TAMS 0x00000007ce600000| PB 0x00000007ce600000| Complete |  0
|1094|0x00000007ce800000, 0x00000007cea00000, 0x00000007cea00000|100%|HC|  |TAMS 0x00000007ce800000| PB 0x00000007ce800000| Complete |  0
|1095|0x00000007cea00000, 0x00000007cec00000, 0x00000007cec00000|100%|HC|  |TAMS 0x00000007cea00000| PB 0x00000007cea00000| Complete |  0
|1096|0x00000007cec00000, 0x00000007cee00000, 0x00000007cee00000|100%|HC|  |TAMS 0x00000007cec00000| PB 0x00000007cec00000| Complete |  0
|1097|0x00000007cee00000, 0x00000007cf000000, 0x00000007cf000000|100%|HC|  |TAMS 0x00000007cee00000| PB 0x00000007cee00000| Complete |  0
|1098|0x00000007cf000000, 0x00000007cf200000, 0x00000007cf200000|100%|HC|  |TAMS 0x00000007cf000000| PB 0x00000007cf000000| Complete |  0
|1099|0x00000007cf200000, 0x00000007cf400000, 0x00000007cf400000|100%|HC|  |TAMS 0x00000007cf200000| PB 0x00000007cf200000| Complete |  0
|1100|0x00000007cf400000, 0x00000007cf600000, 0x00000007cf600000|100%|HC|  |TAMS 0x00000007cf400000| PB 0x00000007cf400000| Complete |  0
|1101|0x00000007cf600000, 0x00000007cf800000, 0x00000007cf800000|100%|HC|  |TAMS 0x00000007cf600000| PB 0x00000007cf600000| Complete |  0
|1102|0x00000007cf800000, 0x00000007cfa00000, 0x00000007cfa00000|100%|HC|  |TAMS 0x00000007cf800000| PB 0x00000007cf800000| Complete |  0
|1103|0x00000007cfa00000, 0x00000007cfc00000, 0x00000007cfc00000|100%|HC|  |TAMS 0x00000007cfa00000| PB 0x00000007cfa00000| Complete |  0
|1104|0x00000007cfc00000, 0x00000007cfe00000, 0x00000007cfe00000|100%|HC|  |TAMS 0x00000007cfc00000| PB 0x00000007cfc00000| Complete |  0
|1105|0x00000007cfe00000, 0x00000007d0000000, 0x00000007d0000000|100%|HC|  |TAMS 0x00000007cfe00000| PB 0x00000007cfe00000| Complete |  0
|1106|0x00000007d0000000, 0x00000007d0200000, 0x00000007d0200000|100%|HC|  |TAMS 0x00000007d0000000| PB 0x00000007d0000000| Complete |  0
|1107|0x00000007d0200000, 0x00000007d0400000, 0x00000007d0400000|100%|HC|  |TAMS 0x00000007d0200000| PB 0x00000007d0200000| Complete |  0
|1108|0x00000007d0400000, 0x00000007d0600000, 0x00000007d0600000|100%|HC|  |TAMS 0x00000007d0400000| PB 0x00000007d0400000| Complete |  0
|1109|0x00000007d0600000, 0x00000007d0800000, 0x00000007d0800000|100%|HC|  |TAMS 0x00000007d0600000| PB 0x00000007d0600000| Complete |  0
|1110|0x00000007d0800000, 0x00000007d0a00000, 0x00000007d0a00000|100%|HC|  |TAMS 0x00000007d0800000| PB 0x00000007d0800000| Complete |  0
|1111|0x00000007d0a00000, 0x00000007d0c00000, 0x00000007d0c00000|100%|HS|  |TAMS 0x00000007d0a00000| PB 0x00000007d0a00000| Complete |  0
|1112|0x00000007d0c00000, 0x00000007d0e00000, 0x00000007d0e00000|100%|HC|  |TAMS 0x00000007d0c00000| PB 0x00000007d0c00000| Complete |  0
|1113|0x00000007d0e00000, 0x00000007d1000000, 0x00000007d1000000|100%|HC|  |TAMS 0x00000007d0e00000| PB 0x00000007d0e00000| Complete |  0
|1114|0x00000007d1000000, 0x00000007d1200000, 0x00000007d1200000|100%|HC|  |TAMS 0x00000007d1000000| PB 0x00000007d1000000| Complete |  0
|1115|0x00000007d1200000, 0x00000007d1400000, 0x00000007d1400000|100%|HC|  |TAMS 0x00000007d1200000| PB 0x00000007d1200000| Complete |  0
|1116|0x00000007d1400000, 0x00000007d1600000, 0x00000007d1600000|100%|HC|  |TAMS 0x00000007d1400000| PB 0x00000007d1400000| Complete |  0
|1117|0x00000007d1600000, 0x00000007d1800000, 0x00000007d1800000|100%|HC|  |TAMS 0x00000007d1600000| PB 0x00000007d1600000| Complete |  0
|1118|0x00000007d1800000, 0x00000007d1a00000, 0x00000007d1a00000|100%|HC|  |TAMS 0x00000007d1800000| PB 0x00000007d1800000| Complete |  0
|1119|0x00000007d1a00000, 0x00000007d1c00000, 0x00000007d1c00000|100%|HC|  |TAMS 0x00000007d1a00000| PB 0x00000007d1a00000| Complete |  0
|1120|0x00000007d1c00000, 0x00000007d1e00000, 0x00000007d1e00000|100%|HC|  |TAMS 0x00000007d1c00000| PB 0x00000007d1c00000| Complete |  0
|1121|0x00000007d1e00000, 0x00000007d2000000, 0x00000007d2000000|100%|HC|  |TAMS 0x00000007d1e00000| PB 0x00000007d1e00000| Complete |  0
|1122|0x00000007d2000000, 0x00000007d2200000, 0x00000007d2200000|100%|HC|  |TAMS 0x00000007d2000000| PB 0x00000007d2000000| Complete |  0
|1123|0x00000007d2200000, 0x00000007d2400000, 0x00000007d2400000|100%|HC|  |TAMS 0x00000007d2200000| PB 0x00000007d2200000| Complete |  0
|1124|0x00000007d2400000, 0x00000007d2600000, 0x00000007d2600000|100%|HC|  |TAMS 0x00000007d2400000| PB 0x00000007d2400000| Complete |  0
|1125|0x00000007d2600000, 0x00000007d2800000, 0x00000007d2800000|100%|HC|  |TAMS 0x00000007d2600000| PB 0x00000007d2600000| Complete |  0
|1126|0x00000007d2800000, 0x00000007d2a00000, 0x00000007d2a00000|100%|HC|  |TAMS 0x00000007d2800000| PB 0x00000007d2800000| Complete |  0
|1127|0x00000007d2a00000, 0x00000007d2c00000, 0x00000007d2c00000|100%|HC|  |TAMS 0x00000007d2a00000| PB 0x00000007d2a00000| Complete |  0
|1128|0x00000007d2c00000, 0x00000007d2e00000, 0x00000007d2e00000|100%|HC|  |TAMS 0x00000007d2c00000| PB 0x00000007d2c00000| Complete |  0
|1129|0x00000007d2e00000, 0x00000007d3000000, 0x00000007d3000000|100%|HC|  |TAMS 0x00000007d2e00000| PB 0x00000007d2e00000| Complete |  0
|1130|0x00000007d3000000, 0x00000007d3200000, 0x00000007d3200000|100%|HC|  |TAMS 0x00000007d3000000| PB 0x00000007d3000000| Complete |  0
|1131|0x00000007d3200000, 0x00000007d3400000, 0x00000007d3400000|100%|HC|  |TAMS 0x00000007d3200000| PB 0x00000007d3200000| Complete |  0
|1132|0x00000007d3400000, 0x00000007d3600000, 0x00000007d3600000|100%|HC|  |TAMS 0x00000007d3400000| PB 0x00000007d3400000| Complete |  0
|1133|0x00000007d3600000, 0x00000007d3800000, 0x00000007d3800000|100%|HC|  |TAMS 0x00000007d3600000| PB 0x00000007d3600000| Complete |  0
|1134|0x00000007d3800000, 0x00000007d3a00000, 0x00000007d3a00000|100%|HC|  |TAMS 0x00000007d3800000| PB 0x00000007d3800000| Complete |  0
|1135|0x00000007d3a00000, 0x00000007d3c00000, 0x00000007d3c00000|100%|HS|  |TAMS 0x00000007d3a00000| PB 0x00000007d3a00000| Complete |  0
|1136|0x00000007d3c00000, 0x00000007d3e00000, 0x00000007d3e00000|100%|HC|  |TAMS 0x00000007d3c00000| PB 0x00000007d3c00000| Complete |  0
|1137|0x00000007d3e00000, 0x00000007d4000000, 0x00000007d4000000|100%|HC|  |TAMS 0x00000007d3e00000| PB 0x00000007d3e00000| Complete |  0
|1138|0x00000007d4000000, 0x00000007d4200000, 0x00000007d4200000|100%|HC|  |TAMS 0x00000007d4000000| PB 0x00000007d4000000| Complete |  0
|1139|0x00000007d4200000, 0x00000007d4400000, 0x00000007d4400000|100%|HC|  |TAMS 0x00000007d4200000| PB 0x00000007d4200000| Complete |  0
|1140|0x00000007d4400000, 0x00000007d4600000, 0x00000007d4600000|100%|HC|  |TAMS 0x00000007d4400000| PB 0x00000007d4400000| Complete |  0
|1141|0x00000007d4600000, 0x00000007d4800000, 0x00000007d4800000|100%|HC|  |TAMS 0x00000007d4600000| PB 0x00000007d4600000| Complete |  0
|1142|0x00000007d4800000, 0x00000007d4a00000, 0x00000007d4a00000|100%|HC|  |TAMS 0x00000007d4800000| PB 0x00000007d4800000| Complete |  0
|1143|0x00000007d4a00000, 0x00000007d4c00000, 0x00000007d4c00000|100%|HC|  |TAMS 0x00000007d4a00000| PB 0x00000007d4a00000| Complete |  0
|1144|0x00000007d4c00000, 0x00000007d4e00000, 0x00000007d4e00000|100%|HC|  |TAMS 0x00000007d4c00000| PB 0x00000007d4c00000| Complete |  0
|1145|0x00000007d4e00000, 0x00000007d5000000, 0x00000007d5000000|100%|HC|  |TAMS 0x00000007d4e00000| PB 0x00000007d4e00000| Complete |  0
|1146|0x00000007d5000000, 0x00000007d5200000, 0x00000007d5200000|100%|HC|  |TAMS 0x00000007d5000000| PB 0x00000007d5000000| Complete |  0
|1147|0x00000007d5200000, 0x00000007d5400000, 0x00000007d5400000|100%|HC|  |TAMS 0x00000007d5200000| PB 0x00000007d5200000| Complete |  0
|1148|0x00000007d5400000, 0x00000007d5600000, 0x00000007d5600000|100%|HC|  |TAMS 0x00000007d5400000| PB 0x00000007d5400000| Complete |  0
|1149|0x00000007d5600000, 0x00000007d5800000, 0x00000007d5800000|100%|HC|  |TAMS 0x00000007d5600000| PB 0x00000007d5600000| Complete |  0
|1150|0x00000007d5800000, 0x00000007d5a00000, 0x00000007d5a00000|100%|HC|  |TAMS 0x00000007d5800000| PB 0x00000007d5800000| Complete |  0
|1151|0x00000007d5a00000, 0x00000007d5c00000, 0x00000007d5c00000|100%|HC|  |TAMS 0x00000007d5a00000| PB 0x00000007d5a00000| Complete |  0
|1152|0x00000007d5c00000, 0x00000007d5e00000, 0x00000007d5e00000|100%|HC|  |TAMS 0x00000007d5c00000| PB 0x00000007d5c00000| Complete |  0
|1153|0x00000007d5e00000, 0x00000007d6000000, 0x00000007d6000000|100%|HC|  |TAMS 0x00000007d5e00000| PB 0x00000007d5e00000| Complete |  0
|1154|0x00000007d6000000, 0x00000007d6200000, 0x00000007d6200000|100%|HC|  |TAMS 0x00000007d6000000| PB 0x00000007d6000000| Complete |  0
|1155|0x00000007d6200000, 0x00000007d6400000, 0x00000007d6400000|100%|HC|  |TAMS 0x00000007d6200000| PB 0x00000007d6200000| Complete |  0
|1156|0x00000007d6400000, 0x00000007d6600000, 0x00000007d6600000|100%|HC|  |TAMS 0x00000007d6400000| PB 0x00000007d6400000| Complete |  0
|1157|0x00000007d6600000, 0x00000007d6800000, 0x00000007d6800000|100%|HC|  |TAMS 0x00000007d6600000| PB 0x00000007d6600000| Complete |  0
|1158|0x00000007d6800000, 0x00000007d6a00000, 0x00000007d6a00000|100%|HC|  |TAMS 0x00000007d6800000| PB 0x00000007d6800000| Complete |  0
|1159|0x00000007d6a00000, 0x00000007d6c00000, 0x00000007d6c00000|100%|HS|  |TAMS 0x00000007d6a00000| PB 0x00000007d6a00000| Complete |  0
|1160|0x00000007d6c00000, 0x00000007d6e00000, 0x00000007d6e00000|100%|HC|  |TAMS 0x00000007d6c00000| PB 0x00000007d6c00000| Complete |  0
|1161|0x00000007d6e00000, 0x00000007d7000000, 0x00000007d7000000|100%|HC|  |TAMS 0x00000007d6e00000| PB 0x00000007d6e00000| Complete |  0
|1162|0x00000007d7000000, 0x00000007d7200000, 0x00000007d7200000|100%|HC|  |TAMS 0x00000007d7000000| PB 0x00000007d7000000| Complete |  0
|1163|0x00000007d7200000, 0x00000007d7400000, 0x00000007d7400000|100%|HC|  |TAMS 0x00000007d7200000| PB 0x00000007d7200000| Complete |  0
|1164|0x00000007d7400000, 0x00000007d7600000, 0x00000007d7600000|100%|HC|  |TAMS 0x00000007d7400000| PB 0x00000007d7400000| Complete |  0
|1165|0x00000007d7600000, 0x00000007d7800000, 0x00000007d7800000|100%|HC|  |TAMS 0x00000007d7600000| PB 0x00000007d7600000| Complete |  0
|1166|0x00000007d7800000, 0x00000007d7a00000, 0x00000007d7a00000|100%|HC|  |TAMS 0x00000007d7800000| PB 0x00000007d7800000| Complete |  0
|1167|0x00000007d7a00000, 0x00000007d7c00000, 0x00000007d7c00000|100%|HC|  |TAMS 0x00000007d7a00000| PB 0x00000007d7a00000| Complete |  0
|1168|0x00000007d7c00000, 0x00000007d7e00000, 0x00000007d7e00000|100%|HC|  |TAMS 0x00000007d7c00000| PB 0x00000007d7c00000| Complete |  0
|1169|0x00000007d7e00000, 0x00000007d8000000, 0x00000007d8000000|100%|HC|  |TAMS 0x00000007d7e00000| PB 0x00000007d7e00000| Complete |  0
|1170|0x00000007d8000000, 0x00000007d8200000, 0x00000007d8200000|100%|HC|  |TAMS 0x00000007d8000000| PB 0x00000007d8000000| Complete |  0
|1171|0x00000007d8200000, 0x00000007d8400000, 0x00000007d8400000|100%|HC|  |TAMS 0x00000007d8200000| PB 0x00000007d8200000| Complete |  0
|1172|0x00000007d8400000, 0x00000007d8600000, 0x00000007d8600000|100%|HC|  |TAMS 0x00000007d8400000| PB 0x00000007d8400000| Complete |  0
|1173|0x00000007d8600000, 0x00000007d8800000, 0x00000007d8800000|100%|HC|  |TAMS 0x00000007d8600000| PB 0x00000007d8600000| Complete |  0
|1174|0x00000007d8800000, 0x00000007d8a00000, 0x00000007d8a00000|100%|HC|  |TAMS 0x00000007d8800000| PB 0x00000007d8800000| Complete |  0
|1175|0x00000007d8a00000, 0x00000007d8c00000, 0x00000007d8c00000|100%|HC|  |TAMS 0x00000007d8a00000| PB 0x00000007d8a00000| Complete |  0
|1176|0x00000007d8c00000, 0x00000007d8e00000, 0x00000007d8e00000|100%|HC|  |TAMS 0x00000007d8c00000| PB 0x00000007d8c00000| Complete |  0
|1177|0x00000007d8e00000, 0x00000007d9000000, 0x00000007d9000000|100%|HC|  |TAMS 0x00000007d8e00000| PB 0x00000007d8e00000| Complete |  0
|1178|0x00000007d9000000, 0x00000007d9200000, 0x00000007d9200000|100%|HC|  |TAMS 0x00000007d9000000| PB 0x00000007d9000000| Complete |  0
|1179|0x00000007d9200000, 0x00000007d9400000, 0x00000007d9400000|100%|HC|  |TAMS 0x00000007d9200000| PB 0x00000007d9200000| Complete |  0
|1180|0x00000007d9400000, 0x00000007d9600000, 0x00000007d9600000|100%|HC|  |TAMS 0x00000007d9400000| PB 0x00000007d9400000| Complete |  0
|1181|0x00000007d9600000, 0x00000007d9800000, 0x00000007d9800000|100%|HC|  |TAMS 0x00000007d9600000| PB 0x00000007d9600000| Complete |  0
|1182|0x00000007d9800000, 0x00000007d9a00000, 0x00000007d9a00000|100%|HC|  |TAMS 0x00000007d9800000| PB 0x00000007d9800000| Complete |  0
|1183|0x00000007d9a00000, 0x00000007d9c00000, 0x00000007d9c00000|100%|HS|  |TAMS 0x00000007d9a00000| PB 0x00000007d9a00000| Complete |  0
|1184|0x00000007d9c00000, 0x00000007d9e00000, 0x00000007d9e00000|100%|HC|  |TAMS 0x00000007d9c00000| PB 0x00000007d9c00000| Complete |  0
|1185|0x00000007d9e00000, 0x00000007da000000, 0x00000007da000000|100%|HC|  |TAMS 0x00000007d9e00000| PB 0x00000007d9e00000| Complete |  0
|1186|0x00000007da000000, 0x00000007da200000, 0x00000007da200000|100%|HC|  |TAMS 0x00000007da000000| PB 0x00000007da000000| Complete |  0
|1187|0x00000007da200000, 0x00000007da400000, 0x00000007da400000|100%|HC|  |TAMS 0x00000007da200000| PB 0x00000007da200000| Complete |  0
|1188|0x00000007da400000, 0x00000007da600000, 0x00000007da600000|100%|HC|  |TAMS 0x00000007da400000| PB 0x00000007da400000| Complete |  0
|1189|0x00000007da600000, 0x00000007da800000, 0x00000007da800000|100%|HC|  |TAMS 0x00000007da600000| PB 0x00000007da600000| Complete |  0
|1190|0x00000007da800000, 0x00000007daa00000, 0x00000007daa00000|100%|HC|  |TAMS 0x00000007da800000| PB 0x00000007da800000| Complete |  0
|1191|0x00000007daa00000, 0x00000007dac00000, 0x00000007dac00000|100%|HC|  |TAMS 0x00000007daa00000| PB 0x00000007daa00000| Complete |  0
|1192|0x00000007dac00000, 0x00000007dae00000, 0x00000007dae00000|100%|HC|  |TAMS 0x00000007dac00000| PB 0x00000007dac00000| Complete |  0
|1193|0x00000007dae00000, 0x00000007db000000, 0x00000007db000000|100%|HC|  |TAMS 0x00000007dae00000| PB 0x00000007dae00000| Complete |  0
|1194|0x00000007db000000, 0x00000007db200000, 0x00000007db200000|100%|HC|  |TAMS 0x00000007db000000| PB 0x00000007db000000| Complete |  0
|1195|0x00000007db200000, 0x00000007db400000, 0x00000007db400000|100%|HC|  |TAMS 0x00000007db200000| PB 0x00000007db200000| Complete |  0
|1196|0x00000007db400000, 0x00000007db600000, 0x00000007db600000|100%|HC|  |TAMS 0x00000007db400000| PB 0x00000007db400000| Complete |  0
|1197|0x00000007db600000, 0x00000007db800000, 0x00000007db800000|100%|HC|  |TAMS 0x00000007db600000| PB 0x00000007db600000| Complete |  0
|1198|0x00000007db800000, 0x00000007dba00000, 0x00000007dba00000|100%|HC|  |TAMS 0x00000007db800000| PB 0x00000007db800000| Complete |  0
|1199|0x00000007dba00000, 0x00000007dbc00000, 0x00000007dbc00000|100%|HC|  |TAMS 0x00000007dba00000| PB 0x00000007dba00000| Complete |  0
|1200|0x00000007dbc00000, 0x00000007dbe00000, 0x00000007dbe00000|100%|HC|  |TAMS 0x00000007dbc00000| PB 0x00000007dbc00000| Complete |  0
|1201|0x00000007dbe00000, 0x00000007dc000000, 0x00000007dc000000|100%|HC|  |TAMS 0x00000007dbe00000| PB 0x00000007dbe00000| Complete |  0
|1202|0x00000007dc000000, 0x00000007dc200000, 0x00000007dc200000|100%|HC|  |TAMS 0x00000007dc000000| PB 0x00000007dc000000| Complete |  0
|1203|0x00000007dc200000, 0x00000007dc400000, 0x00000007dc400000|100%|HC|  |TAMS 0x00000007dc200000| PB 0x00000007dc200000| Complete |  0
|1204|0x00000007dc400000, 0x00000007dc600000, 0x00000007dc600000|100%|HC|  |TAMS 0x00000007dc400000| PB 0x00000007dc400000| Complete |  0
|1205|0x00000007dc600000, 0x00000007dc800000, 0x00000007dc800000|100%|HC|  |TAMS 0x00000007dc600000| PB 0x00000007dc600000| Complete |  0
|1206|0x00000007dc800000, 0x00000007dca00000, 0x00000007dca00000|100%|HC|  |TAMS 0x00000007dc800000| PB 0x00000007dc800000| Complete |  0
|1207|0x00000007dca00000, 0x00000007dcc00000, 0x00000007dcc00000|100%|HS|  |TAMS 0x00000007dca00000| PB 0x00000007dca00000| Complete |  0
|1208|0x00000007dcc00000, 0x00000007dce00000, 0x00000007dce00000|100%|HC|  |TAMS 0x00000007dcc00000| PB 0x00000007dcc00000| Complete |  0
|1209|0x00000007dce00000, 0x00000007dd000000, 0x00000007dd000000|100%|HC|  |TAMS 0x00000007dce00000| PB 0x00000007dce00000| Complete |  0
|1210|0x00000007dd000000, 0x00000007dd200000, 0x00000007dd200000|100%|HC|  |TAMS 0x00000007dd000000| PB 0x00000007dd000000| Complete |  0
|1211|0x00000007dd200000, 0x00000007dd400000, 0x00000007dd400000|100%|HC|  |TAMS 0x00000007dd200000| PB 0x00000007dd200000| Complete |  0
|1212|0x00000007dd400000, 0x00000007dd600000, 0x00000007dd600000|100%|HC|  |TAMS 0x00000007dd400000| PB 0x00000007dd400000| Complete |  0
|1213|0x00000007dd600000, 0x00000007dd800000, 0x00000007dd800000|100%|HC|  |TAMS 0x00000007dd600000| PB 0x00000007dd600000| Complete |  0
|1214|0x00000007dd800000, 0x00000007dda00000, 0x00000007dda00000|100%|HC|  |TAMS 0x00000007dd800000| PB 0x00000007dd800000| Complete |  0
|1215|0x00000007dda00000, 0x00000007ddc00000, 0x00000007ddc00000|100%|HC|  |TAMS 0x00000007dda00000| PB 0x00000007dda00000| Complete |  0
|1216|0x00000007ddc00000, 0x00000007dde00000, 0x00000007dde00000|100%|HC|  |TAMS 0x00000007ddc00000| PB 0x00000007ddc00000| Complete |  0
|1217|0x00000007dde00000, 0x00000007de000000, 0x00000007de000000|100%|HC|  |TAMS 0x00000007dde00000| PB 0x00000007dde00000| Complete |  0
|1218|0x00000007de000000, 0x00000007de200000, 0x00000007de200000|100%|HC|  |TAMS 0x00000007de000000| PB 0x00000007de000000| Complete |  0
|1219|0x00000007de200000, 0x00000007de400000, 0x00000007de400000|100%|HC|  |TAMS 0x00000007de200000| PB 0x00000007de200000| Complete |  0
|1220|0x00000007de400000, 0x00000007de600000, 0x00000007de600000|100%|HC|  |TAMS 0x00000007de400000| PB 0x00000007de400000| Complete |  0
|1221|0x00000007de600000, 0x00000007de800000, 0x00000007de800000|100%|HC|  |TAMS 0x00000007de600000| PB 0x00000007de600000| Complete |  0
|1222|0x00000007de800000, 0x00000007dea00000, 0x00000007dea00000|100%|HC|  |TAMS 0x00000007de800000| PB 0x00000007de800000| Complete |  0
|1223|0x00000007dea00000, 0x00000007dec00000, 0x00000007dec00000|100%|HC|  |TAMS 0x00000007dea00000| PB 0x00000007dea00000| Complete |  0
|1224|0x00000007dec00000, 0x00000007dee00000, 0x00000007dee00000|100%|HC|  |TAMS 0x00000007dec00000| PB 0x00000007dec00000| Complete |  0
|1225|0x00000007dee00000, 0x00000007df000000, 0x00000007df000000|100%|HC|  |TAMS 0x00000007dee00000| PB 0x00000007dee00000| Complete |  0
|1226|0x00000007df000000, 0x00000007df200000, 0x00000007df200000|100%|HC|  |TAMS 0x00000007df000000| PB 0x00000007df000000| Complete |  0
|1227|0x00000007df200000, 0x00000007df400000, 0x00000007df400000|100%|HC|  |TAMS 0x00000007df200000| PB 0x00000007df200000| Complete |  0
|1228|0x00000007df400000, 0x00000007df600000, 0x00000007df600000|100%|HC|  |TAMS 0x00000007df400000| PB 0x00000007df400000| Complete |  0
|1229|0x00000007df600000, 0x00000007df800000, 0x00000007df800000|100%|HC|  |TAMS 0x00000007df600000| PB 0x00000007df600000| Complete |  0
|1230|0x00000007df800000, 0x00000007dfa00000, 0x00000007dfa00000|100%|HC|  |TAMS 0x00000007df800000| PB 0x00000007df800000| Complete |  0
|1231|0x00000007dfa00000, 0x00000007dfc00000, 0x00000007dfc00000|100%|HS|  |TAMS 0x00000007dfa00000| PB 0x00000007dfa00000| Complete |  0
|1232|0x00000007dfc00000, 0x00000007dfe00000, 0x00000007dfe00000|100%|HC|  |TAMS 0x00000007dfc00000| PB 0x00000007dfc00000| Complete |  0
|1233|0x00000007dfe00000, 0x00000007e0000000, 0x00000007e0000000|100%|HC|  |TAMS 0x00000007dfe00000| PB 0x00000007dfe00000| Complete |  0
|1234|0x00000007e0000000, 0x00000007e0200000, 0x00000007e0200000|100%|HC|  |TAMS 0x00000007e0000000| PB 0x00000007e0000000| Complete |  0
|1235|0x00000007e0200000, 0x00000007e0400000, 0x00000007e0400000|100%|HC|  |TAMS 0x00000007e0200000| PB 0x00000007e0200000| Complete |  0
|1236|0x00000007e0400000, 0x00000007e0600000, 0x00000007e0600000|100%|HC|  |TAMS 0x00000007e0400000| PB 0x00000007e0400000| Complete |  0
|1237|0x00000007e0600000, 0x00000007e0800000, 0x00000007e0800000|100%|HC|  |TAMS 0x00000007e0600000| PB 0x00000007e0600000| Complete |  0
|1238|0x00000007e0800000, 0x00000007e0a00000, 0x00000007e0a00000|100%|HC|  |TAMS 0x00000007e0800000| PB 0x00000007e0800000| Complete |  0
|1239|0x00000007e0a00000, 0x00000007e0c00000, 0x00000007e0c00000|100%|HC|  |TAMS 0x00000007e0a00000| PB 0x00000007e0a00000| Complete |  0
|1240|0x00000007e0c00000, 0x00000007e0e00000, 0x00000007e0e00000|100%|HC|  |TAMS 0x00000007e0c00000| PB 0x00000007e0c00000| Complete |  0
|1241|0x00000007e0e00000, 0x00000007e1000000, 0x00000007e1000000|100%|HC|  |TAMS 0x00000007e0e00000| PB 0x00000007e0e00000| Complete |  0
|1242|0x00000007e1000000, 0x00000007e1200000, 0x00000007e1200000|100%|HC|  |TAMS 0x00000007e1000000| PB 0x00000007e1000000| Complete |  0
|1243|0x00000007e1200000, 0x00000007e1400000, 0x00000007e1400000|100%|HC|  |TAMS 0x00000007e1200000| PB 0x00000007e1200000| Complete |  0
|1244|0x00000007e1400000, 0x00000007e1600000, 0x00000007e1600000|100%|HC|  |TAMS 0x00000007e1400000| PB 0x00000007e1400000| Complete |  0
|1245|0x00000007e1600000, 0x00000007e1800000, 0x00000007e1800000|100%|HC|  |TAMS 0x00000007e1600000| PB 0x00000007e1600000| Complete |  0
|1246|0x00000007e1800000, 0x00000007e1a00000, 0x00000007e1a00000|100%|HC|  |TAMS 0x00000007e1800000| PB 0x00000007e1800000| Complete |  0
|1247|0x00000007e1a00000, 0x00000007e1c00000, 0x00000007e1c00000|100%|HC|  |TAMS 0x00000007e1a00000| PB 0x00000007e1a00000| Complete |  0
|1248|0x00000007e1c00000, 0x00000007e1e00000, 0x00000007e1e00000|100%|HC|  |TAMS 0x00000007e1c00000| PB 0x00000007e1c00000| Complete |  0
|1249|0x00000007e1e00000, 0x00000007e2000000, 0x00000007e2000000|100%|HC|  |TAMS 0x00000007e1e00000| PB 0x00000007e1e00000| Complete |  0
|1250|0x00000007e2000000, 0x00000007e2200000, 0x00000007e2200000|100%|HC|  |TAMS 0x00000007e2000000| PB 0x00000007e2000000| Complete |  0
|1251|0x00000007e2200000, 0x00000007e2400000, 0x00000007e2400000|100%|HC|  |TAMS 0x00000007e2200000| PB 0x00000007e2200000| Complete |  0
|1252|0x00000007e2400000, 0x00000007e2600000, 0x00000007e2600000|100%|HC|  |TAMS 0x00000007e2400000| PB 0x00000007e2400000| Complete |  0
|1253|0x00000007e2600000, 0x00000007e2800000, 0x00000007e2800000|100%|HC|  |TAMS 0x00000007e2600000| PB 0x00000007e2600000| Complete |  0
|1254|0x00000007e2800000, 0x00000007e2a00000, 0x00000007e2a00000|100%|HC|  |TAMS 0x00000007e2800000| PB 0x00000007e2800000| Complete |  0
|1255|0x00000007e2a00000, 0x00000007e2c00000, 0x00000007e2c00000|100%|HS|  |TAMS 0x00000007e2a00000| PB 0x00000007e2a00000| Complete |  0
|1256|0x00000007e2c00000, 0x00000007e2e00000, 0x00000007e2e00000|100%|HC|  |TAMS 0x00000007e2c00000| PB 0x00000007e2c00000| Complete |  0
|1257|0x00000007e2e00000, 0x00000007e3000000, 0x00000007e3000000|100%|HC|  |TAMS 0x00000007e2e00000| PB 0x00000007e2e00000| Complete |  0
|1258|0x00000007e3000000, 0x00000007e3200000, 0x00000007e3200000|100%|HC|  |TAMS 0x00000007e3000000| PB 0x00000007e3000000| Complete |  0
|1259|0x00000007e3200000, 0x00000007e3400000, 0x00000007e3400000|100%|HC|  |TAMS 0x00000007e3200000| PB 0x00000007e3200000| Complete |  0
|1260|0x00000007e3400000, 0x00000007e3600000, 0x00000007e3600000|100%|HC|  |TAMS 0x00000007e3400000| PB 0x00000007e3400000| Complete |  0
|1261|0x00000007e3600000, 0x00000007e3800000, 0x00000007e3800000|100%|HC|  |TAMS 0x00000007e3600000| PB 0x00000007e3600000| Complete |  0
|1262|0x00000007e3800000, 0x00000007e3a00000, 0x00000007e3a00000|100%|HC|  |TAMS 0x00000007e3800000| PB 0x00000007e3800000| Complete |  0
|1263|0x00000007e3a00000, 0x00000007e3c00000, 0x00000007e3c00000|100%|HC|  |TAMS 0x00000007e3a00000| PB 0x00000007e3a00000| Complete |  0
|1264|0x00000007e3c00000, 0x00000007e3e00000, 0x00000007e3e00000|100%|HC|  |TAMS 0x00000007e3c00000| PB 0x00000007e3c00000| Complete |  0
|1265|0x00000007e3e00000, 0x00000007e4000000, 0x00000007e4000000|100%|HC|  |TAMS 0x00000007e3e00000| PB 0x00000007e3e00000| Complete |  0
|1266|0x00000007e4000000, 0x00000007e4200000, 0x00000007e4200000|100%|HC|  |TAMS 0x00000007e4000000| PB 0x00000007e4000000| Complete |  0
|1267|0x00000007e4200000, 0x00000007e4400000, 0x00000007e4400000|100%|HC|  |TAMS 0x00000007e4200000| PB 0x00000007e4200000| Complete |  0
|1268|0x00000007e4400000, 0x00000007e4600000, 0x00000007e4600000|100%|HC|  |TAMS 0x00000007e4400000| PB 0x00000007e4400000| Complete |  0
|1269|0x00000007e4600000, 0x00000007e4800000, 0x00000007e4800000|100%|HC|  |TAMS 0x00000007e4600000| PB 0x00000007e4600000| Complete |  0
|1270|0x00000007e4800000, 0x00000007e4a00000, 0x00000007e4a00000|100%|HC|  |TAMS 0x00000007e4800000| PB 0x00000007e4800000| Complete |  0
|1271|0x00000007e4a00000, 0x00000007e4c00000, 0x00000007e4c00000|100%|HC|  |TAMS 0x00000007e4a00000| PB 0x00000007e4a00000| Complete |  0
|1272|0x00000007e4c00000, 0x00000007e4e00000, 0x00000007e4e00000|100%|HC|  |TAMS 0x00000007e4c00000| PB 0x00000007e4c00000| Complete |  0
|1273|0x00000007e4e00000, 0x00000007e5000000, 0x00000007e5000000|100%|HC|  |TAMS 0x00000007e4e00000| PB 0x00000007e4e00000| Complete |  0
|1274|0x00000007e5000000, 0x00000007e5200000, 0x00000007e5200000|100%|HC|  |TAMS 0x00000007e5000000| PB 0x00000007e5000000| Complete |  0
|1275|0x00000007e5200000, 0x00000007e5400000, 0x00000007e5400000|100%|HC|  |TAMS 0x00000007e5200000| PB 0x00000007e5200000| Complete |  0
|1276|0x00000007e5400000, 0x00000007e5600000, 0x00000007e5600000|100%|HC|  |TAMS 0x00000007e5400000| PB 0x00000007e5400000| Complete |  0
|1277|0x00000007e5600000, 0x00000007e5800000, 0x00000007e5800000|100%|HC|  |TAMS 0x00000007e5600000| PB 0x00000007e5600000| Complete |  0
|1278|0x00000007e5800000, 0x00000007e5a00000, 0x00000007e5a00000|100%|HC|  |TAMS 0x00000007e5800000| PB 0x00000007e5800000| Complete |  0
|1279|0x00000007e5a00000, 0x00000007e5c00000, 0x00000007e5c00000|100%|HS|  |TAMS 0x00000007e5a00000| PB 0x00000007e5a00000| Complete |  0
|1280|0x00000007e5c00000, 0x00000007e5e00000, 0x00000007e5e00000|100%|HC|  |TAMS 0x00000007e5c00000| PB 0x00000007e5c00000| Complete |  0
|1281|0x00000007e5e00000, 0x00000007e6000000, 0x00000007e6000000|100%|HC|  |TAMS 0x00000007e5e00000| PB 0x00000007e5e00000| Complete |  0
|1282|0x00000007e6000000, 0x00000007e6200000, 0x00000007e6200000|100%|HC|  |TAMS 0x00000007e6000000| PB 0x00000007e6000000| Complete |  0
|1283|0x00000007e6200000, 0x00000007e6400000, 0x00000007e6400000|100%|HC|  |TAMS 0x00000007e6200000| PB 0x00000007e6200000| Complete |  0
|1284|0x00000007e6400000, 0x00000007e6600000, 0x00000007e6600000|100%|HC|  |TAMS 0x00000007e6400000| PB 0x00000007e6400000| Complete |  0
|1285|0x00000007e6600000, 0x00000007e6800000, 0x00000007e6800000|100%|HC|  |TAMS 0x00000007e6600000| PB 0x00000007e6600000| Complete |  0
|1286|0x00000007e6800000, 0x00000007e6a00000, 0x00000007e6a00000|100%|HC|  |TAMS 0x00000007e6800000| PB 0x00000007e6800000| Complete |  0
|1287|0x00000007e6a00000, 0x00000007e6c00000, 0x00000007e6c00000|100%|HC|  |TAMS 0x00000007e6a00000| PB 0x00000007e6a00000| Complete |  0
|1288|0x00000007e6c00000, 0x00000007e6e00000, 0x00000007e6e00000|100%|HC|  |TAMS 0x00000007e6c00000| PB 0x00000007e6c00000| Complete |  0
|1289|0x00000007e6e00000, 0x00000007e7000000, 0x00000007e7000000|100%|HC|  |TAMS 0x00000007e6e00000| PB 0x00000007e6e00000| Complete |  0
|1290|0x00000007e7000000, 0x00000007e7200000, 0x00000007e7200000|100%|HC|  |TAMS 0x00000007e7000000| PB 0x00000007e7000000| Complete |  0
|1291|0x00000007e7200000, 0x00000007e7400000, 0x00000007e7400000|100%|HC|  |TAMS 0x00000007e7200000| PB 0x00000007e7200000| Complete |  0
|1292|0x00000007e7400000, 0x00000007e7600000, 0x00000007e7600000|100%|HC|  |TAMS 0x00000007e7400000| PB 0x00000007e7400000| Complete |  0
|1293|0x00000007e7600000, 0x00000007e7800000, 0x00000007e7800000|100%|HC|  |TAMS 0x00000007e7600000| PB 0x00000007e7600000| Complete |  0
|1294|0x00000007e7800000, 0x00000007e7a00000, 0x00000007e7a00000|100%|HC|  |TAMS 0x00000007e7800000| PB 0x00000007e7800000| Complete |  0
|1295|0x00000007e7a00000, 0x00000007e7c00000, 0x00000007e7c00000|100%|HC|  |TAMS 0x00000007e7a00000| PB 0x00000007e7a00000| Complete |  0
|1296|0x00000007e7c00000, 0x00000007e7e00000, 0x00000007e7e00000|100%|HC|  |TAMS 0x00000007e7c00000| PB 0x00000007e7c00000| Complete |  0
|1297|0x00000007e7e00000, 0x00000007e8000000, 0x00000007e8000000|100%|HC|  |TAMS 0x00000007e7e00000| PB 0x00000007e7e00000| Complete |  0
|1298|0x00000007e8000000, 0x00000007e8200000, 0x00000007e8200000|100%|HC|  |TAMS 0x00000007e8000000| PB 0x00000007e8000000| Complete |  0
|1299|0x00000007e8200000, 0x00000007e8400000, 0x00000007e8400000|100%|HC|  |TAMS 0x00000007e8200000| PB 0x00000007e8200000| Complete |  0
|1300|0x00000007e8400000, 0x00000007e8600000, 0x00000007e8600000|100%|HC|  |TAMS 0x00000007e8400000| PB 0x00000007e8400000| Complete |  0
|1301|0x00000007e8600000, 0x00000007e8800000, 0x00000007e8800000|100%|HC|  |TAMS 0x00000007e8600000| PB 0x00000007e8600000| Complete |  0
|1302|0x00000007e8800000, 0x00000007e8a00000, 0x00000007e8a00000|100%|HC|  |TAMS 0x00000007e8800000| PB 0x00000007e8800000| Complete |  0
|1303|0x00000007e8a00000, 0x00000007e8c00000, 0x00000007e8c00000|100%|HS|  |TAMS 0x00000007e8a00000| PB 0x00000007e8a00000| Complete |  0
|1304|0x00000007e8c00000, 0x00000007e8e00000, 0x00000007e8e00000|100%|HC|  |TAMS 0x00000007e8c00000| PB 0x00000007e8c00000| Complete |  0
|1305|0x00000007e8e00000, 0x00000007e9000000, 0x00000007e9000000|100%|HC|  |TAMS 0x00000007e8e00000| PB 0x00000007e8e00000| Complete |  0
|1306|0x00000007e9000000, 0x00000007e9200000, 0x00000007e9200000|100%|HC|  |TAMS 0x00000007e9000000| PB 0x00000007e9000000| Complete |  0
|1307|0x00000007e9200000, 0x00000007e9400000, 0x00000007e9400000|100%|HC|  |TAMS 0x00000007e9200000| PB 0x00000007e9200000| Complete |  0
|1308|0x00000007e9400000, 0x00000007e9600000, 0x00000007e9600000|100%|HC|  |TAMS 0x00000007e9400000| PB 0x00000007e9400000| Complete |  0
|1309|0x00000007e9600000, 0x00000007e9800000, 0x00000007e9800000|100%|HC|  |TAMS 0x00000007e9600000| PB 0x00000007e9600000| Complete |  0
|1310|0x00000007e9800000, 0x00000007e9a00000, 0x00000007e9a00000|100%|HC|  |TAMS 0x00000007e9800000| PB 0x00000007e9800000| Complete |  0
|1311|0x00000007e9a00000, 0x00000007e9c00000, 0x00000007e9c00000|100%|HC|  |TAMS 0x00000007e9a00000| PB 0x00000007e9a00000| Complete |  0
|1312|0x00000007e9c00000, 0x00000007e9e00000, 0x00000007e9e00000|100%|HC|  |TAMS 0x00000007e9c00000| PB 0x00000007e9c00000| Complete |  0
|1313|0x00000007e9e00000, 0x00000007ea000000, 0x00000007ea000000|100%|HC|  |TAMS 0x00000007e9e00000| PB 0x00000007e9e00000| Complete |  0
|1314|0x00000007ea000000, 0x00000007ea200000, 0x00000007ea200000|100%|HC|  |TAMS 0x00000007ea000000| PB 0x00000007ea000000| Complete |  0
|1315|0x00000007ea200000, 0x00000007ea400000, 0x00000007ea400000|100%|HC|  |TAMS 0x00000007ea200000| PB 0x00000007ea200000| Complete |  0
|1316|0x00000007ea400000, 0x00000007ea600000, 0x00000007ea600000|100%|HC|  |TAMS 0x00000007ea400000| PB 0x00000007ea400000| Complete |  0
|1317|0x00000007ea600000, 0x00000007ea800000, 0x00000007ea800000|100%|HC|  |TAMS 0x00000007ea600000| PB 0x00000007ea600000| Complete |  0
|1318|0x00000007ea800000, 0x00000007eaa00000, 0x00000007eaa00000|100%|HC|  |TAMS 0x00000007ea800000| PB 0x00000007ea800000| Complete |  0
|1319|0x00000007eaa00000, 0x00000007eac00000, 0x00000007eac00000|100%|HC|  |TAMS 0x00000007eaa00000| PB 0x00000007eaa00000| Complete |  0
|1320|0x00000007eac00000, 0x00000007eae00000, 0x00000007eae00000|100%|HC|  |TAMS 0x00000007eac00000| PB 0x00000007eac00000| Complete |  0
|1321|0x00000007eae00000, 0x00000007eb000000, 0x00000007eb000000|100%|HC|  |TAMS 0x00000007eae00000| PB 0x00000007eae00000| Complete |  0
|1322|0x00000007eb000000, 0x00000007eb200000, 0x00000007eb200000|100%|HC|  |TAMS 0x00000007eb000000| PB 0x00000007eb000000| Complete |  0
|1323|0x00000007eb200000, 0x00000007eb400000, 0x00000007eb400000|100%|HC|  |TAMS 0x00000007eb200000| PB 0x00000007eb200000| Complete |  0
|1324|0x00000007eb400000, 0x00000007eb600000, 0x00000007eb600000|100%|HC|  |TAMS 0x00000007eb400000| PB 0x00000007eb400000| Complete |  0
|1325|0x00000007eb600000, 0x00000007eb800000, 0x00000007eb800000|100%|HC|  |TAMS 0x00000007eb600000| PB 0x00000007eb600000| Complete |  0
|1326|0x00000007eb800000, 0x00000007eba00000, 0x00000007eba00000|100%|HC|  |TAMS 0x00000007eb800000| PB 0x00000007eb800000| Complete |  0
|1327|0x00000007eba00000, 0x00000007ebc00000, 0x00000007ebc00000|100%|HS|  |TAMS 0x00000007eba00000| PB 0x00000007eba00000| Complete |  0
|1328|0x00000007ebc00000, 0x00000007ebe00000, 0x00000007ebe00000|100%|HC|  |TAMS 0x00000007ebc00000| PB 0x00000007ebc00000| Complete |  0
|1329|0x00000007ebe00000, 0x00000007ec000000, 0x00000007ec000000|100%|HC|  |TAMS 0x00000007ebe00000| PB 0x00000007ebe00000| Complete |  0
|1330|0x00000007ec000000, 0x00000007ec200000, 0x00000007ec200000|100%|HC|  |TAMS 0x00000007ec000000| PB 0x00000007ec000000| Complete |  0
|1331|0x00000007ec200000, 0x00000007ec400000, 0x00000007ec400000|100%|HC|  |TAMS 0x00000007ec200000| PB 0x00000007ec200000| Complete |  0
|1332|0x00000007ec400000, 0x00000007ec600000, 0x00000007ec600000|100%|HC|  |TAMS 0x00000007ec400000| PB 0x00000007ec400000| Complete |  0
|1333|0x00000007ec600000, 0x00000007ec800000, 0x00000007ec800000|100%|HC|  |TAMS 0x00000007ec600000| PB 0x00000007ec600000| Complete |  0
|1334|0x00000007ec800000, 0x00000007eca00000, 0x00000007eca00000|100%|HC|  |TAMS 0x00000007ec800000| PB 0x00000007ec800000| Complete |  0
|1335|0x00000007eca00000, 0x00000007ecc00000, 0x00000007ecc00000|100%|HC|  |TAMS 0x00000007eca00000| PB 0x00000007eca00000| Complete |  0
|1336|0x00000007ecc00000, 0x00000007ece00000, 0x00000007ece00000|100%|HC|  |TAMS 0x00000007ecc00000| PB 0x00000007ecc00000| Complete |  0
|1337|0x00000007ece00000, 0x00000007ed000000, 0x00000007ed000000|100%|HC|  |TAMS 0x00000007ece00000| PB 0x00000007ece00000| Complete |  0
|1338|0x00000007ed000000, 0x00000007ed200000, 0x00000007ed200000|100%|HC|  |TAMS 0x00000007ed000000| PB 0x00000007ed000000| Complete |  0
|1339|0x00000007ed200000, 0x00000007ed400000, 0x00000007ed400000|100%|HC|  |TAMS 0x00000007ed200000| PB 0x00000007ed200000| Complete |  0
|1340|0x00000007ed400000, 0x00000007ed600000, 0x00000007ed600000|100%|HC|  |TAMS 0x00000007ed400000| PB 0x00000007ed400000| Complete |  0
|1341|0x00000007ed600000, 0x00000007ed800000, 0x00000007ed800000|100%|HC|  |TAMS 0x00000007ed600000| PB 0x00000007ed600000| Complete |  0
|1342|0x00000007ed800000, 0x00000007eda00000, 0x00000007eda00000|100%|HC|  |TAMS 0x00000007ed800000| PB 0x00000007ed800000| Complete |  0
|1343|0x00000007eda00000, 0x00000007edc00000, 0x00000007edc00000|100%|HC|  |TAMS 0x00000007eda00000| PB 0x00000007eda00000| Complete |  0
|1344|0x00000007edc00000, 0x00000007ede00000, 0x00000007ede00000|100%|HC|  |TAMS 0x00000007edc00000| PB 0x00000007edc00000| Complete |  0
|1345|0x00000007ede00000, 0x00000007ee000000, 0x00000007ee000000|100%|HC|  |TAMS 0x00000007ede00000| PB 0x00000007ede00000| Complete |  0
|1346|0x00000007ee000000, 0x00000007ee200000, 0x00000007ee200000|100%|HC|  |TAMS 0x00000007ee000000| PB 0x00000007ee000000| Complete |  0
|1347|0x00000007ee200000, 0x00000007ee400000, 0x00000007ee400000|100%|HC|  |TAMS 0x00000007ee200000| PB 0x00000007ee200000| Complete |  0
|1348|0x00000007ee400000, 0x00000007ee600000, 0x00000007ee600000|100%|HC|  |TAMS 0x00000007ee400000| PB 0x00000007ee400000| Complete |  0
|1349|0x00000007ee600000, 0x00000007ee800000, 0x00000007ee800000|100%|HC|  |TAMS 0x00000007ee600000| PB 0x00000007ee600000| Complete |  0
|1350|0x00000007ee800000, 0x00000007eea00000, 0x00000007eea00000|100%|HC|  |TAMS 0x00000007ee800000| PB 0x00000007ee800000| Complete |  0
|1351|0x00000007eea00000, 0x00000007eec00000, 0x00000007eec00000|100%|HS|  |TAMS 0x00000007eea00000| PB 0x00000007eea00000| Complete |  0
|1352|0x00000007eec00000, 0x00000007eee00000, 0x00000007eee00000|100%|HC|  |TAMS 0x00000007eec00000| PB 0x00000007eec00000| Complete |  0
|1353|0x00000007eee00000, 0x00000007ef000000, 0x00000007ef000000|100%|HC|  |TAMS 0x00000007eee00000| PB 0x00000007eee00000| Complete |  0
|1354|0x00000007ef000000, 0x00000007ef200000, 0x00000007ef200000|100%|HC|  |TAMS 0x00000007ef000000| PB 0x00000007ef000000| Complete |  0
|1355|0x00000007ef200000, 0x00000007ef400000, 0x00000007ef400000|100%|HC|  |TAMS 0x00000007ef200000| PB 0x00000007ef200000| Complete |  0
|1356|0x00000007ef400000, 0x00000007ef600000, 0x00000007ef600000|100%|HC|  |TAMS 0x00000007ef400000| PB 0x00000007ef400000| Complete |  0
|1357|0x00000007ef600000, 0x00000007ef800000, 0x00000007ef800000|100%|HC|  |TAMS 0x00000007ef600000| PB 0x00000007ef600000| Complete |  0
|1358|0x00000007ef800000, 0x00000007efa00000, 0x00000007efa00000|100%|HC|  |TAMS 0x00000007ef800000| PB 0x00000007ef800000| Complete |  0
|1359|0x00000007efa00000, 0x00000007efc00000, 0x00000007efc00000|100%|HC|  |TAMS 0x00000007efa00000| PB 0x00000007efa00000| Complete |  0
|1360|0x00000007efc00000, 0x00000007efe00000, 0x00000007efe00000|100%|HC|  |TAMS 0x00000007efc00000| PB 0x00000007efc00000| Complete |  0
|1361|0x00000007efe00000, 0x00000007f0000000, 0x00000007f0000000|100%|HC|  |TAMS 0x00000007efe00000| PB 0x00000007efe00000| Complete |  0
|1362|0x00000007f0000000, 0x00000007f0200000, 0x00000007f0200000|100%|HC|  |TAMS 0x00000007f0000000| PB 0x00000007f0000000| Complete |  0
|1363|0x00000007f0200000, 0x00000007f0400000, 0x00000007f0400000|100%|HC|  |TAMS 0x00000007f0200000| PB 0x00000007f0200000| Complete |  0
|1364|0x00000007f0400000, 0x00000007f0600000, 0x00000007f0600000|100%|HC|  |TAMS 0x00000007f0400000| PB 0x00000007f0400000| Complete |  0
|1365|0x00000007f0600000, 0x00000007f0800000, 0x00000007f0800000|100%|HC|  |TAMS 0x00000007f0600000| PB 0x00000007f0600000| Complete |  0
|1366|0x00000007f0800000, 0x00000007f0a00000, 0x00000007f0a00000|100%|HC|  |TAMS 0x00000007f0800000| PB 0x00000007f0800000| Complete |  0
|1367|0x00000007f0a00000, 0x00000007f0c00000, 0x00000007f0c00000|100%|HC|  |TAMS 0x00000007f0a00000| PB 0x00000007f0a00000| Complete |  0
|1368|0x00000007f0c00000, 0x00000007f0e00000, 0x00000007f0e00000|100%|HC|  |TAMS 0x00000007f0c00000| PB 0x00000007f0c00000| Complete |  0
|1369|0x00000007f0e00000, 0x00000007f1000000, 0x00000007f1000000|100%|HC|  |TAMS 0x00000007f0e00000| PB 0x00000007f0e00000| Complete |  0
|1370|0x00000007f1000000, 0x00000007f1200000, 0x00000007f1200000|100%|HC|  |TAMS 0x00000007f1000000| PB 0x00000007f1000000| Complete |  0
|1371|0x00000007f1200000, 0x00000007f1400000, 0x00000007f1400000|100%|HC|  |TAMS 0x00000007f1200000| PB 0x00000007f1200000| Complete |  0
|1372|0x00000007f1400000, 0x00000007f1600000, 0x00000007f1600000|100%|HC|  |TAMS 0x00000007f1400000| PB 0x00000007f1400000| Complete |  0
|1373|0x00000007f1600000, 0x00000007f1800000, 0x00000007f1800000|100%|HC|  |TAMS 0x00000007f1600000| PB 0x00000007f1600000| Complete |  0
|1374|0x00000007f1800000, 0x00000007f1a00000, 0x00000007f1a00000|100%|HC|  |TAMS 0x00000007f1800000| PB 0x00000007f1800000| Complete |  0
|1375|0x00000007f1a00000, 0x00000007f1c00000, 0x00000007f1c00000|100%|HS|  |TAMS 0x00000007f1a00000| PB 0x00000007f1a00000| Complete |  0
|1376|0x00000007f1c00000, 0x00000007f1e00000, 0x00000007f1e00000|100%|HC|  |TAMS 0x00000007f1c00000| PB 0x00000007f1c00000| Complete |  0
|1377|0x00000007f1e00000, 0x00000007f2000000, 0x00000007f2000000|100%|HC|  |TAMS 0x00000007f1e00000| PB 0x00000007f1e00000| Complete |  0
|1378|0x00000007f2000000, 0x00000007f2200000, 0x00000007f2200000|100%|HC|  |TAMS 0x00000007f2000000| PB 0x00000007f2000000| Complete |  0
|1379|0x00000007f2200000, 0x00000007f2400000, 0x00000007f2400000|100%|HC|  |TAMS 0x00000007f2200000| PB 0x00000007f2200000| Complete |  0
|1380|0x00000007f2400000, 0x00000007f2600000, 0x00000007f2600000|100%|HC|  |TAMS 0x00000007f2400000| PB 0x00000007f2400000| Complete |  0
|1381|0x00000007f2600000, 0x00000007f2800000, 0x00000007f2800000|100%|HC|  |TAMS 0x00000007f2600000| PB 0x00000007f2600000| Complete |  0
|1382|0x00000007f2800000, 0x00000007f2a00000, 0x00000007f2a00000|100%|HC|  |TAMS 0x00000007f2800000| PB 0x00000007f2800000| Complete |  0
|1383|0x00000007f2a00000, 0x00000007f2c00000, 0x00000007f2c00000|100%|HC|  |TAMS 0x00000007f2a00000| PB 0x00000007f2a00000| Complete |  0
|1384|0x00000007f2c00000, 0x00000007f2e00000, 0x00000007f2e00000|100%|HC|  |TAMS 0x00000007f2c00000| PB 0x00000007f2c00000| Complete |  0
|1385|0x00000007f2e00000, 0x00000007f3000000, 0x00000007f3000000|100%|HC|  |TAMS 0x00000007f2e00000| PB 0x00000007f2e00000| Complete |  0
|1386|0x00000007f3000000, 0x00000007f3200000, 0x00000007f3200000|100%|HC|  |TAMS 0x00000007f3000000| PB 0x00000007f3000000| Complete |  0
|1387|0x00000007f3200000, 0x00000007f3400000, 0x00000007f3400000|100%|HC|  |TAMS 0x00000007f3200000| PB 0x00000007f3200000| Complete |  0
|1388|0x00000007f3400000, 0x00000007f3600000, 0x00000007f3600000|100%|HC|  |TAMS 0x00000007f3400000| PB 0x00000007f3400000| Complete |  0
|1389|0x00000007f3600000, 0x00000007f3800000, 0x00000007f3800000|100%|HC|  |TAMS 0x00000007f3600000| PB 0x00000007f3600000| Complete |  0
|1390|0x00000007f3800000, 0x00000007f3a00000, 0x00000007f3a00000|100%|HC|  |TAMS 0x00000007f3800000| PB 0x00000007f3800000| Complete |  0
|1391|0x00000007f3a00000, 0x00000007f3c00000, 0x00000007f3c00000|100%|HC|  |TAMS 0x00000007f3a00000| PB 0x00000007f3a00000| Complete |  0
|1392|0x00000007f3c00000, 0x00000007f3e00000, 0x00000007f3e00000|100%|HC|  |TAMS 0x00000007f3c00000| PB 0x00000007f3c00000| Complete |  0
|1393|0x00000007f3e00000, 0x00000007f4000000, 0x00000007f4000000|100%|HC|  |TAMS 0x00000007f3e00000| PB 0x00000007f3e00000| Complete |  0
|1394|0x00000007f4000000, 0x00000007f4200000, 0x00000007f4200000|100%|HC|  |TAMS 0x00000007f4000000| PB 0x00000007f4000000| Complete |  0
|1395|0x00000007f4200000, 0x00000007f4400000, 0x00000007f4400000|100%|HC|  |TAMS 0x00000007f4200000| PB 0x00000007f4200000| Complete |  0
|1396|0x00000007f4400000, 0x00000007f4600000, 0x00000007f4600000|100%|HC|  |TAMS 0x00000007f4400000| PB 0x00000007f4400000| Complete |  0
|1397|0x00000007f4600000, 0x00000007f4800000, 0x00000007f4800000|100%|HC|  |TAMS 0x00000007f4600000| PB 0x00000007f4600000| Complete |  0
|1398|0x00000007f4800000, 0x00000007f4a00000, 0x00000007f4a00000|100%|HC|  |TAMS 0x00000007f4800000| PB 0x00000007f4800000| Complete |  0
|1399|0x00000007f4a00000, 0x00000007f4c00000, 0x00000007f4c00000|100%|HS|  |TAMS 0x00000007f4a00000| PB 0x00000007f4a00000| Complete |  0
|1400|0x00000007f4c00000, 0x00000007f4e00000, 0x00000007f4e00000|100%|HC|  |TAMS 0x00000007f4c00000| PB 0x00000007f4c00000| Complete |  0
|1401|0x00000007f4e00000, 0x00000007f5000000, 0x00000007f5000000|100%|HC|  |TAMS 0x00000007f4e00000| PB 0x00000007f4e00000| Complete |  0
|1402|0x00000007f5000000, 0x00000007f5200000, 0x00000007f5200000|100%|HC|  |TAMS 0x00000007f5000000| PB 0x00000007f5000000| Complete |  0
|1403|0x00000007f5200000, 0x00000007f5400000, 0x00000007f5400000|100%|HC|  |TAMS 0x00000007f5200000| PB 0x00000007f5200000| Complete |  0
|1404|0x00000007f5400000, 0x00000007f5600000, 0x00000007f5600000|100%|HC|  |TAMS 0x00000007f5400000| PB 0x00000007f5400000| Complete |  0
|1405|0x00000007f5600000, 0x00000007f5800000, 0x00000007f5800000|100%|HC|  |TAMS 0x00000007f5600000| PB 0x00000007f5600000| Complete |  0
|1406|0x00000007f5800000, 0x00000007f5a00000, 0x00000007f5a00000|100%|HC|  |TAMS 0x00000007f5800000| PB 0x00000007f5800000| Complete |  0
|1407|0x00000007f5a00000, 0x00000007f5c00000, 0x00000007f5c00000|100%|HC|  |TAMS 0x00000007f5a00000| PB 0x00000007f5a00000| Complete |  0
|1408|0x00000007f5c00000, 0x00000007f5e00000, 0x00000007f5e00000|100%|HC|  |TAMS 0x00000007f5c00000| PB 0x00000007f5c00000| Complete |  0
|1409|0x00000007f5e00000, 0x00000007f6000000, 0x00000007f6000000|100%|HC|  |TAMS 0x00000007f5e00000| PB 0x00000007f5e00000| Complete |  0
|1410|0x00000007f6000000, 0x00000007f6200000, 0x00000007f6200000|100%|HC|  |TAMS 0x00000007f6000000| PB 0x00000007f6000000| Complete |  0
|1411|0x00000007f6200000, 0x00000007f6400000, 0x00000007f6400000|100%|HC|  |TAMS 0x00000007f6200000| PB 0x00000007f6200000| Complete |  0
|1412|0x00000007f6400000, 0x00000007f6600000, 0x00000007f6600000|100%|HC|  |TAMS 0x00000007f6400000| PB 0x00000007f6400000| Complete |  0
|1413|0x00000007f6600000, 0x00000007f6800000, 0x00000007f6800000|100%|HC|  |TAMS 0x00000007f6600000| PB 0x00000007f6600000| Complete |  0
|1414|0x00000007f6800000, 0x00000007f6a00000, 0x00000007f6a00000|100%|HC|  |TAMS 0x00000007f6800000| PB 0x00000007f6800000| Complete |  0
|1415|0x00000007f6a00000, 0x00000007f6c00000, 0x00000007f6c00000|100%|HC|  |TAMS 0x00000007f6a00000| PB 0x00000007f6a00000| Complete |  0
|1416|0x00000007f6c00000, 0x00000007f6e00000, 0x00000007f6e00000|100%|HC|  |TAMS 0x00000007f6c00000| PB 0x00000007f6c00000| Complete |  0
|1417|0x00000007f6e00000, 0x00000007f7000000, 0x00000007f7000000|100%|HC|  |TAMS 0x00000007f6e00000| PB 0x00000007f6e00000| Complete |  0
|1418|0x00000007f7000000, 0x00000007f7200000, 0x00000007f7200000|100%|HC|  |TAMS 0x00000007f7000000| PB 0x00000007f7000000| Complete |  0
|1419|0x00000007f7200000, 0x00000007f7400000, 0x00000007f7400000|100%|HC|  |TAMS 0x00000007f7200000| PB 0x00000007f7200000| Complete |  0
|1420|0x00000007f7400000, 0x00000007f7600000, 0x00000007f7600000|100%|HC|  |TAMS 0x00000007f7400000| PB 0x00000007f7400000| Complete |  0
|1421|0x00000007f7600000, 0x00000007f7800000, 0x00000007f7800000|100%|HC|  |TAMS 0x00000007f7600000| PB 0x00000007f7600000| Complete |  0
|1422|0x00000007f7800000, 0x00000007f7a00000, 0x00000007f7a00000|100%|HC|  |TAMS 0x00000007f7800000| PB 0x00000007f7800000| Complete |  0

Card table byte_map: [0x000001f12c4f0000,0x000001f12cad0000] _byte_map_base: 0x000001f128ac2000

Marking Bits: (CMBitMap*) 0x000001f1141a36b0
 Bits: [0x000001f12cad0000, 0x000001f12f960000)

Polling page: 0x000001f113910000

Metaspace:

Usage:
  Non-class:     40.33 MB used.
      Class:      6.49 MB used.
       Both:     46.82 MB used.

Virtual space:
  Non-class space:       64.00 MB reserved,      40.62 MB ( 63%) committed,  1 nodes.
      Class space:        1.00 GB reserved,       6.69 MB ( <1%) committed,  1 nodes.
             Both:        1.06 GB reserved,      47.31 MB (  4%) committed. 

Chunk freelists:
   Non-Class:  6.59 MB
       Class:  9.27 MB
        Both:  15.86 MB

MaxMetaspaceSize: unlimited
CompressedClassSpaceSize: 1.00 GB
Initial GC threshold: 21.00 MB
Current GC threshold: 78.44 MB
CDS: on
 - commit_granule_bytes: 65536.
 - commit_granule_words: 8192.
 - virtual_space_node_default_size: 8388608.
 - enlarge_chunks_in_place: 1.
 - use_allocation_guard: 0.


Internal statistics:

num_allocs_failed_limit: 6.
num_arena_births: 560.
num_arena_deaths: 0.
num_vsnodes_births: 2.
num_vsnodes_deaths: 0.
num_space_committed: 757.
num_space_uncommitted: 0.
num_chunks_returned_to_freelist: 6.
num_chunks_taken_from_freelist: 2151.
num_chunk_merges: 6.
num_chunk_splits: 1550.
num_chunks_enlarged: 1217.
num_inconsistent_stats: 0.

CodeHeap 'non-profiled nmethods': size=120064Kb used=2353Kb max_used=2353Kb free=117711Kb
 bounds [0x000001f124350000, 0x000001f1245c0000, 0x000001f12b890000]
CodeHeap 'profiled nmethods': size=120000Kb used=7450Kb max_used=7450Kb free=112549Kb
 bounds [0x000001f11c890000, 0x000001f11cfe0000, 0x000001f123dc0000]
CodeHeap 'non-nmethods': size=5696Kb used=1683Kb max_used=1722Kb free=4012Kb
 bounds [0x000001f123dc0000, 0x000001f124030000, 0x000001f124350000]
CodeCache: size=245760Kb, used=11486Kb, max_used=11525Kb, free=234272Kb
 total_blobs=6213, nmethods=5481, adapters=636, full_count=0
Compilation: enabled, stopped_count=0, restarted_count=0

Compilation events (20 events):
Event: 626.430 Thread 0x000001f132334fe0 5985       3       java.util.ServiceLoader$LazyClassPathLookupIterator::parseLine (253 bytes)
Event: 626.432 Thread 0x000001f132334fe0 nmethod 5985 0x000001f11cfd1108 code [0x000001f11cfd14c0, 0x000001f11cfd2d78]
Event: 626.433 Thread 0x000001f132334530 5986       4       java.lang.CharacterDataLatin1::equalsIgnoreCase (63 bytes)
Event: 626.433 Thread 0x000001f132334fe0 5987       3       java.util.TreeSet::add (22 bytes)
Event: 626.434 Thread 0x000001f132334fe0 nmethod 5987 0x000001f11cfd2e08 code [0x000001f11cfd2f40, 0x000001f11cfd3170]
Event: 626.434 Thread 0x000001f132334530 nmethod 5986 0x000001f12459c108 code [0x000001f12459c200, 0x000001f12459c2b0]
Event: 626.434 Thread 0x000001f132334fe0 5988   !   3       org.hibernate.sql.results.jdbc.internal.AbstractResultSetAccess::resolveColumnName (45 bytes)
Event: 626.436 Thread 0x000001f132334fe0 nmethod 5988 0x000001f11cfd3188 code [0x000001f11cfd33a0, 0x000001f11cfd4318]
Event: 626.436 Thread 0x000001f132334fe0 5989       3       org.hibernate.dialect.Dialect::getColumnAliasExtractor (4 bytes)
Event: 626.436 Thread 0x000001f132334fe0 nmethod 5989 0x000001f11cfd4508 code [0x000001f11cfd4620, 0x000001f11cfd4738]
Event: 626.436 Thread 0x000001f132334fe0 5990       3       org.hibernate.dialect.ColumnAliasExtractor$$Lambda/0x000001f13469e948::extractColumnAlias (8 bytes)
Event: 626.437 Thread 0x000001f132334fe0 nmethod 5990 0x000001f11cfd4808 code [0x000001f11cfd49a0, 0x000001f11cfd5230]
Event: 626.437 Thread 0x000001f132334fe0 5991       3       org.sqlite.jdbc3.JDBC3ResultSet::getColumnLabel (6 bytes)
Event: 626.438 Thread 0x000001f132334fe0 nmethod 5991 0x000001f11cfd5308 code [0x000001f11cfd54a0, 0x000001f11cfd5bf8]
Event: 626.438 Thread 0x000001f132334fe0 5992       3       org.hibernate.query.results.ResultSetMappingImpl$$Lambda/0x000001f13469ed88::apply (12 bytes)
Event: 626.438 Thread 0x000001f132334fe0 nmethod 5992 0x000001f11cfd5c88 code [0x000001f11cfd5dc0, 0x000001f11cfd6150]
Event: 626.438 Thread 0x000001f132334fe0 5993       3       org.hibernate.query.results.ResultSetMappingImpl::lambda$resolve$0 (14 bytes)
Event: 626.438 Thread 0x000001f132334fe0 nmethod 5993 0x000001f11cfd6188 code [0x000001f11cfd62a0, 0x000001f11cfd6408]
Event: 626.441 Thread 0x000001f132334fe0 5994       3       org.hibernate.engine.internal.StatefulPersistenceContext::getOrInitializeEntitiesByKey (21 bytes)
Event: 626.441 Thread 0x000001f132334fe0 nmethod 5994 0x000001f11cfd6488 code [0x000001f11cfd6600, 0x000001f11cfd69f0]

GC Heap History (20 events):
Event: 162.993 GC heap before
{Heap before GC invocations=34 (full 0):
 garbage-first heap   total reserved 3051520K, committed 518144K, used 228861K [0x0000000745c00000, 0x0000000800000000)
  region size 2048K, 2 young (4096K), 1 survivors (2048K)
 Metaspace       used 47538K, committed 48000K, reserved 1114112K
  class space    used 6591K, committed 6784K, reserved 1048576K
}
Event: 162.995 GC heap after
{Heap after GC invocations=35 (full 0):
 garbage-first heap   total reserved 3051520K, committed 518144K, used 114176K [0x0000000745c00000, 0x0000000800000000)
  region size 2048K, 1 young (2048K), 1 survivors (2048K)
 Metaspace       used 47538K, committed 48000K, reserved 1114112K
  class space    used 6591K, committed 6784K, reserved 1048576K
}
Event: 163.034 GC heap before
{Heap before GC invocations=35 (full 0):
 garbage-first heap   total reserved 3051520K, committed 518144K, used 212480K [0x0000000745c00000, 0x0000000800000000)
  region size 2048K, 2 young (4096K), 1 survivors (2048K)
 Metaspace       used 47538K, committed 48000K, reserved 1114112K
  class space    used 6591K, committed 6784K, reserved 1048576K
}
Event: 163.035 GC heap after
{Heap after GC invocations=36 (full 0):
 garbage-first heap   total reserved 3051520K, committed 518144K, used 163328K [0x0000000745c00000, 0x0000000800000000)
  region size 2048K, 1 young (2048K), 1 survivors (2048K)
 Metaspace       used 47538K, committed 48000K, reserved 1114112K
  class space    used 6591K, committed 6784K, reserved 1048576K
}
Event: 172.031 GC heap before
{Heap before GC invocations=36 (full 0):
 garbage-first heap   total reserved 3051520K, committed 518144K, used 259584K [0x0000000745c00000, 0x0000000800000000)
  region size 2048K, 2 young (4096K), 1 survivors (2048K)
 Metaspace       used 47548K, committed 48000K, reserved 1114112K
  class space    used 6591K, committed 6784K, reserved 1048576K
}
Event: 172.032 GC heap after
{Heap after GC invocations=37 (full 0):
 garbage-first heap   total reserved 3051520K, committed 518144K, used 112031K [0x0000000745c00000, 0x0000000800000000)
  region size 2048K, 1 young (2048K), 1 survivors (2048K)
 Metaspace       used 47548K, committed 48000K, reserved 1114112K
  class space    used 6591K, committed 6784K, reserved 1048576K
}
Event: 172.118 GC heap before
{Heap before GC invocations=37 (full 0):
 garbage-first heap   total reserved 3051520K, committed 518144K, used 210335K [0x0000000745c00000, 0x0000000800000000)
  region size 2048K, 2 young (4096K), 1 survivors (2048K)
 Metaspace       used 47553K, committed 48000K, reserved 1114112K
  class space    used 6591K, committed 6784K, reserved 1048576K
}
Event: 172.120 GC heap after
{Heap after GC invocations=38 (full 0):
 garbage-first heap   total reserved 3051520K, committed 518144K, used 161340K [0x0000000745c00000, 0x0000000800000000)
  region size 2048K, 1 young (2048K), 1 survivors (2048K)
 Metaspace       used 47553K, committed 48000K, reserved 1114112K
  class space    used 6591K, committed 6784K, reserved 1048576K
}
Event: 172.135 GC heap before
{Heap before GC invocations=38 (full 0):
 garbage-first heap   total reserved 3051520K, committed 518144K, used 210492K [0x0000000745c00000, 0x0000000800000000)
  region size 2048K, 2 young (4096K), 1 survivors (2048K)
 Metaspace       used 47553K, committed 48000K, reserved 1114112K
  class space    used 6591K, committed 6784K, reserved 1048576K
}
Event: 172.137 GC heap after
{Heap after GC invocations=39 (full 0):
 garbage-first heap   total reserved 3051520K, committed 518144K, used 210502K [0x0000000745c00000, 0x0000000800000000)
  region size 2048K, 1 young (2048K), 1 survivors (2048K)
 Metaspace       used 47553K, committed 48000K, reserved 1114112K
  class space    used 6591K, committed 6784K, reserved 1048576K
}
Event: 172.303 GC heap before
{Heap before GC invocations=39 (full 0):
 garbage-first heap   total reserved 3051520K, committed 518144K, used 259654K [0x0000000745c00000, 0x0000000800000000)
  region size 2048K, 2 young (4096K), 1 survivors (2048K)
 Metaspace       used 47568K, committed 48064K, reserved 1114112K
  class space    used 6591K, committed 6784K, reserved 1048576K
}
Event: 172.305 GC heap after
{Heap after GC invocations=40 (full 0):
 garbage-first heap   total reserved 3051520K, committed 518144K, used 112044K [0x0000000745c00000, 0x0000000800000000)
  region size 2048K, 1 young (2048K), 1 survivors (2048K)
 Metaspace       used 47568K, committed 48064K, reserved 1114112K
  class space    used 6591K, committed 6784K, reserved 1048576K
}
Event: 172.433 GC heap before
{Heap before GC invocations=40 (full 0):
 garbage-first heap   total reserved 3051520K, committed 518144K, used 210348K [0x0000000745c00000, 0x0000000800000000)
  region size 2048K, 2 young (4096K), 1 survivors (2048K)
 Metaspace       used 47590K, committed 48064K, reserved 1114112K
  class space    used 6593K, committed 6784K, reserved 1048576K
}
Event: 172.434 GC heap after
{Heap after GC invocations=41 (full 0):
 garbage-first heap   total reserved 3051520K, committed 518144K, used 161238K [0x0000000745c00000, 0x0000000800000000)
  region size 2048K, 1 young (2048K), 1 survivors (2048K)
 Metaspace       used 47590K, committed 48064K, reserved 1114112K
  class space    used 6593K, committed 6784K, reserved 1048576K
}
Event: 172.467 GC heap before
{Heap before GC invocations=41 (full 0):
 garbage-first heap   total reserved 3051520K, committed 518144K, used 210390K [0x0000000745c00000, 0x0000000800000000)
  region size 2048K, 2 young (4096K), 1 survivors (2048K)
 Metaspace       used 47590K, committed 48064K, reserved 1114112K
  class space    used 6593K, committed 6784K, reserved 1048576K
}
Event: 172.469 GC heap after
{Heap after GC invocations=42 (full 0):
 garbage-first heap   total reserved 3051520K, committed 518144K, used 210398K [0x0000000745c00000, 0x0000000800000000)
  region size 2048K, 1 young (2048K), 1 survivors (2048K)
 Metaspace       used 47590K, committed 48064K, reserved 1114112K
  class space    used 6593K, committed 6784K, reserved 1048576K
}
Event: 172.583 GC heap before
{Heap before GC invocations=42 (full 0):
 garbage-first heap   total reserved 3051520K, committed 518144K, used 259550K [0x0000000745c00000, 0x0000000800000000)
  region size 2048K, 2 young (4096K), 1 survivors (2048K)
 Metaspace       used 47639K, committed 48192K, reserved 1114112K
  class space    used 6598K, committed 6848K, reserved 1048576K
}
Event: 172.585 GC heap after
{Heap after GC invocations=43 (full 0):
 garbage-first heap   total reserved 3051520K, committed 518144K, used 210768K [0x0000000745c00000, 0x0000000800000000)
  region size 2048K, 1 young (2048K), 1 survivors (2048K)
 Metaspace       used 47639K, committed 48192K, reserved 1114112K
  class space    used 6598K, committed 6848K, reserved 1048576K
}
Event: 172.600 GC heap before
{Heap before GC invocations=43 (full 0):
 garbage-first heap   total reserved 3051520K, committed 518144K, used 259920K [0x0000000745c00000, 0x0000000800000000)
  region size 2048K, 2 young (4096K), 1 survivors (2048K)
 Metaspace       used 47639K, committed 48192K, reserved 1114112K
  class space    used 6598K, committed 6848K, reserved 1048576K
}
Event: 172.602 GC heap after
{Heap after GC invocations=44 (full 0):
 garbage-first heap   total reserved 3051520K, committed 518144K, used 259917K [0x0000000745c00000, 0x0000000800000000)
  region size 2048K, 1 young (2048K), 1 survivors (2048K)
 Metaspace       used 47639K, committed 48192K, reserved 1114112K
  class space    used 6598K, committed 6848K, reserved 1048576K
}

Dll operation events (13 events):
Event: 0.008 Loaded shared library C:\Program Files\Java\jdk-23\bin\java.dll
Event: 0.033 Loaded shared library C:\Program Files\Java\jdk-23\bin\jsvml.dll
Event: 0.065 Loaded shared library C:\Program Files\Java\jdk-23\bin\zip.dll
Event: 0.069 Loaded shared library C:\Program Files\Java\jdk-23\bin\instrument.dll
Event: 0.071 Loaded shared library C:\Program Files\Java\jdk-23\bin\net.dll
Event: 0.072 Loaded shared library C:\Program Files\Java\jdk-23\bin\nio.dll
Event: 0.081 Loaded shared library C:\Program Files\Java\jdk-23\bin\zip.dll
Event: 0.129 Loaded shared library C:\Program Files\JetBrains\IntelliJ IDEA 2024.1.4\bin\breakgen64.dll
Event: 0.132 Loaded shared library C:\Program Files\Java\jdk-23\bin\jimage.dll
Event: 0.134 Loaded shared library C:\Program Files\Java\jdk-23\bin\extnet.dll
Event: 0.195 Loaded shared library C:\Program Files\Java\jdk-23\bin\sunmscapi.dll
Event: 0.628 Loaded shared library C:\Program Files\Java\jdk-23\bin\verify.dll
Event: 0.718 Loaded shared library C:\Users\Asus\AppData\Local\Temp\sqlite-3.43.2.2-ef3f65b1-bbd1-499f-8348-fee9456e5461-sqlitejdbc.dll

Deoptimization events (20 events):
Event: 191.279 Thread 0x000001f1783612d0 Uncommon trap: trap_request=0xffffffd6 fr.pc=0x000001f1245843a8 relative=0x0000000000005028
Event: 191.279 Thread 0x000001f1783612d0 Uncommon trap: reason=array_check action=maybe_recompile pc=0x000001f1245843a8 method=org.antlr.v4.runtime.misc.Array2DHashSet.getOrAddImpl(Ljava/lang/Object;)Ljava/lang/Object; @ 128 c2
Event: 191.279 Thread 0x000001f1783612d0 DEOPT PACKING pc=0x000001f1245843a8 sp=0x000000e015efbd20
Event: 191.279 Thread 0x000001f1783612d0 DEOPT UNPACKING pc=0x000001f123e14402 sp=0x000000e015efbb80 mode 2
Event: 626.284 Thread 0x000001f1783612d0 Uncommon trap: trap_request=0xffffffd6 fr.pc=0x000001f124598ca0 relative=0x0000000000002820
Event: 626.284 Thread 0x000001f1783612d0 Uncommon trap: reason=array_check action=maybe_recompile pc=0x000001f124598ca0 method=org.hibernate.sql.results.graph.entity.AbstractEntityInitializer.<init>(Lorg/hibernate/sql/results/graph/entity/EntityResultGraphNode;Lorg/hibernate/spi/NavigablePath;Lo
Event: 626.284 Thread 0x000001f1783612d0 DEOPT PACKING pc=0x000001f124598ca0 sp=0x000000e015efd340
Event: 626.284 Thread 0x000001f1783612d0 DEOPT UNPACKING pc=0x000001f123e14402 sp=0x000000e015efd280 mode 2
Event: 626.284 Thread 0x000001f1783612d0 Uncommon trap: trap_request=0xffffffd6 fr.pc=0x000001f124598ca0 relative=0x0000000000002820
Event: 626.284 Thread 0x000001f1783612d0 Uncommon trap: reason=array_check action=maybe_recompile pc=0x000001f124598ca0 method=org.hibernate.sql.results.graph.entity.AbstractEntityInitializer.<init>(Lorg/hibernate/sql/results/graph/entity/EntityResultGraphNode;Lorg/hibernate/spi/NavigablePath;Lo
Event: 626.284 Thread 0x000001f1783612d0 DEOPT PACKING pc=0x000001f124598ca0 sp=0x000000e015efce30
Event: 626.284 Thread 0x000001f1783612d0 DEOPT UNPACKING pc=0x000001f123e14402 sp=0x000000e015efcd70 mode 2
Event: 626.284 Thread 0x000001f1783612d0 Uncommon trap: trap_request=0xffffffd6 fr.pc=0x000001f124598ca0 relative=0x0000000000002820
Event: 626.284 Thread 0x000001f1783612d0 Uncommon trap: reason=array_check action=maybe_recompile pc=0x000001f124598ca0 method=org.hibernate.sql.results.graph.entity.AbstractEntityInitializer.<init>(Lorg/hibernate/sql/results/graph/entity/EntityResultGraphNode;Lorg/hibernate/spi/NavigablePath;Lo
Event: 626.284 Thread 0x000001f1783612d0 DEOPT PACKING pc=0x000001f124598ca0 sp=0x000000e015efc610
Event: 626.284 Thread 0x000001f1783612d0 DEOPT UNPACKING pc=0x000001f123e14402 sp=0x000000e015efc550 mode 2
Event: 626.284 Thread 0x000001f1783612d0 Uncommon trap: trap_request=0xffffffd6 fr.pc=0x000001f124598ca0 relative=0x0000000000002820
Event: 626.284 Thread 0x000001f1783612d0 Uncommon trap: reason=array_check action=maybe_recompile pc=0x000001f124598ca0 method=org.hibernate.sql.results.graph.entity.AbstractEntityInitializer.<init>(Lorg/hibernate/sql/results/graph/entity/EntityResultGraphNode;Lorg/hibernate/spi/NavigablePath;Lo
Event: 626.284 Thread 0x000001f1783612d0 DEOPT PACKING pc=0x000001f124598ca0 sp=0x000000e015efc920
Event: 626.284 Thread 0x000001f1783612d0 DEOPT UNPACKING pc=0x000001f123e14402 sp=0x000000e015efc860 mode 2

Classes loaded (20 events):
Event: 19.475 Loading class sun/util/locale/provider/CalendarDataUtility$CalendarFieldValueNameGetter
Event: 19.475 Loading class sun/util/locale/provider/CalendarDataUtility$CalendarFieldValueNameGetter done
Event: 83.737 Loading class java/lang/foreign/MemorySegment
Event: 83.737 Loading class java/lang/foreign/MemorySegment done
Event: 230.406 Loading class java/net/StandardSocketOptions
Event: 230.410 Loading class java/net/StandardSocketOptions done
Event: 230.410 Loading class java/net/StandardSocketOptions$StdSocketOption
Event: 230.410 Loading class java/net/StandardSocketOptions$StdSocketOption done
Event: 230.411 Loading class sun/nio/ch/SocketOptionRegistry
Event: 230.412 Loading class sun/nio/ch/SocketOptionRegistry done
Event: 230.412 Loading class sun/nio/ch/SocketOptionRegistry$RegistryKey
Event: 230.412 Loading class sun/nio/ch/SocketOptionRegistry$RegistryKey done
Event: 230.412 Loading class sun/nio/ch/SocketOptionRegistry$LazyInitialization
Event: 230.413 Loading class sun/nio/ch/SocketOptionRegistry$LazyInitialization done
Event: 230.413 Loading class sun/nio/ch/OptionKey
Event: 230.414 Loading class sun/nio/ch/OptionKey done
Event: 230.414 Loading class sun/nio/ch/ExtendedSocketOption
Event: 230.415 Loading class sun/nio/ch/ExtendedSocketOption done
Event: 230.415 Loading class sun/nio/ch/ExtendedSocketOption$1
Event: 230.415 Loading class sun/nio/ch/ExtendedSocketOption$1 done

Classes unloaded (0 events):
No events

Classes redefined (0 events):
No events

Internal exceptions (20 events):
Event: 19.016 Thread 0x000001f1783612d0 Exception <a 'java/lang/NoSuchMethodError'{0x00000007478feb80}: 'java.lang.Object java.lang.invoke.DirectMethodHandle$Holder.invokeSpecial(java.lang.Object, java.lang.Object, java.lang.Object, java.lang.Object, java.lang.Object, int)'> (0x00000007478feb80) 
thrown [s\open\src\hotspot\share\interpreter\linkResolver.cpp, line 796]
Event: 19.016 Thread 0x000001f1783612d0 Exception <a 'java/lang/NoSuchMethodError'{0x0000000747902608}: 'java.lang.Object java.lang.invoke.Invokers$Holder.linkToTargetMethod(java.lang.Object, java.lang.Object, java.lang.Object, int, java.lang.Object)'> (0x0000000747902608) 
thrown [s\open\src\hotspot\share\interpreter\linkResolver.cpp, line 796]
Event: 19.085 Thread 0x000001f1783612d0 Exception <a 'java/lang/NoSuchMethodError'{0x00000007516e1d98}: 'java.lang.Object java.lang.invoke.DirectMethodHandle$Holder.invokeInterface(java.lang.Object, java.lang.Object, java.lang.Object)'> (0x00000007516e1d98) 
thrown [s\open\src\hotspot\share\interpreter\linkResolver.cpp, line 796]
Event: 19.136 Thread 0x000001f1783612d0 Exception <a 'java/lang/NoSuchMethodError'{0x0000000748f4eaa8}: 'double java.lang.invoke.DelegatingMethodHandle$Holder.reinvoke_L(java.lang.Object, java.lang.Object)'> (0x0000000748f4eaa8) 
thrown [s\open\src\hotspot\share\interpreter\linkResolver.cpp, line 796]
Event: 19.137 Thread 0x000001f1783612d0 Exception <a 'java/lang/NoSuchMethodError'{0x0000000748f58ab8}: 'void java.lang.invoke.DelegatingMethodHandle$Holder.reinvoke_L(java.lang.Object, java.lang.Object, double)'> (0x0000000748f58ab8) 
thrown [s\open\src\hotspot\share\interpreter\linkResolver.cpp, line 796]
Event: 19.149 Thread 0x000001f1783612d0 Exception <a 'java/lang/NoSuchMethodError'{0x0000000748ffc020}: 'double java.lang.invoke.Invokers$Holder.invokeExact_MT(java.lang.Object, java.lang.Object, java.lang.Object)'> (0x0000000748ffc020) 
thrown [s\open\src\hotspot\share\interpreter\linkResolver.cpp, line 796]
Event: 19.158 Thread 0x000001f1783612d0 Exception <a 'java/lang/NoSuchMethodError'{0x0000000748c75040}: 'void java.lang.invoke.DelegatingMethodHandle$Holder.reinvoke_L(java.lang.Object, java.lang.Object, int)'> (0x0000000748c75040) 
thrown [s\open\src\hotspot\share\interpreter\linkResolver.cpp, line 796]
Event: 19.158 Thread 0x000001f1783612d0 Exception <a 'java/lang/NoSuchMethodError'{0x0000000748c7bdd8}: 'void java.lang.invoke.Invokers$Holder.invokeExact_MT(java.lang.Object, java.lang.Object, int, java.lang.Object)'> (0x0000000748c7bdd8) 
thrown [s\open\src\hotspot\share\interpreter\linkResolver.cpp, line 796]
Event: 19.303 Thread 0x000001f1783612d0 Exception <a 'java/lang/IncompatibleClassChangeError'{0x0000000748cba558}: Found class java.lang.Object, but interface was expected> (0x0000000748cba558) 
thrown [s\open\src\hotspot\share\interpreter\linkResolver.cpp, line 863]
Event: 19.404 Thread 0x000001f1783612d0 Exception <a 'sun/nio/fs/WindowsException'{0x0000000748b07128}> (0x0000000748b07128) 
thrown [s\open\src\hotspot\share\prims\jni.cpp, line 520]
Event: 19.445 Thread 0x000001f1783612d0 Exception <a 'java/lang/NoSuchMethodError'{0x00000007488d00d0}: 'int java.lang.invoke.Invokers$Holder.invokeExact_MT(java.lang.Object, java.lang.Object, java.lang.Object)'> (0x00000007488d00d0) 
thrown [s\open\src\hotspot\share\interpreter\linkResolver.cpp, line 796]
Event: 19.450 Thread 0x000001f1783612d0 Exception <a 'java/lang/NoSuchMethodError'{0x00000007489186d8}: 'void java.lang.invoke.DirectMethodHandle$Holder.invokeSpecial(java.lang.Object, java.lang.Object, int, java.lang.Object, java.lang.Object, java.lang.Object, java.lang.Object)'> (0x00000007489186d8) 
thrown [s\open\src\hotspot\share\interpreter\linkResolver.cpp, line 796]
Event: 19.544 Thread 0x000001f1783612d0 Exception <a 'java/lang/NoSuchMethodError'{0x000000074837fef0}: 'java.lang.Object java.lang.invoke.DirectMethodHandle$Holder.invokeInterface(java.lang.Object, java.lang.Object, java.lang.Object, java.lang.Object)'> (0x000000074837fef0) 
thrown [s\open\src\hotspot\share\interpreter\linkResolver.cpp, line 796]
Event: 19.551 Thread 0x000001f1783612d0 Exception <a 'java/lang/NoSuchMethodError'{0x00000007483c3390}: 'java.lang.Object java.lang.invoke.DirectMethodHandle$Holder.invokeInterface(java.lang.Object, java.lang.Object, int)'> (0x00000007483c3390) 
thrown [s\open\src\hotspot\share\interpreter\linkResolver.cpp, line 796]
Event: 61.611 Thread 0x000001f1783612d0 Exception <a 'java/lang/NoSuchMethodError'{0x000000075d6362a8}: 'void java.lang.invoke.DirectMethodHandle$Holder.invokeInterface(java.lang.Object, java.lang.Object, java.lang.Object, java.lang.Object)'> (0x000000075d6362a8) 
thrown [s\open\src\hotspot\share\interpreter\linkResolver.cpp, line 796]
Event: 143.369 Thread 0x000001f1783612d0 Exception <a 'java/lang/NoSuchMethodError'{0x0000000765458cc0}: 'int java.lang.invoke.DirectMethodHandle$Holder.invokeInterface(java.lang.Object, java.lang.Object, java.lang.Object, int, java.lang.Object, java.lang.Object)'> (0x0000000765458cc0) 
thrown [s\open\src\hotspot\share\interpreter\linkResolver.cpp, line 796]
Event: 143.369 Thread 0x000001f1783612d0 Exception <a 'java/lang/IncompatibleClassChangeError'{0x000000076545c6c8}: Found class java.lang.Object, but interface was expected> (0x000000076545c6c8) 
thrown [s\open\src\hotspot\share\interpreter\linkResolver.cpp, line 863]
Event: 143.384 Thread 0x000001f1783612d0 Exception <a 'java/lang/NoSuchMethodError'{0x00000007654c7e78}: 'int java.lang.invoke.DirectMethodHandle$Holder.invokeStatic(java.lang.Object, java.lang.Object, int, java.lang.Object)'> (0x00000007654c7e78) 
thrown [s\open\src\hotspot\share\interpreter\linkResolver.cpp, line 796]
Event: 143.384 Thread 0x000001f1783612d0 Exception <a 'java/lang/NoSuchMethodError'{0x00000007654ce268}: 'java.lang.Object java.lang.invoke.DirectMethodHandle$Holder.invokeStatic(java.lang.Object, int, java.lang.Object)'> (0x00000007654ce268) 
thrown [s\open\src\hotspot\share\interpreter\linkResolver.cpp, line 796]
Event: 143.491 Thread 0x000001f1783612d0 Exception <a 'java/lang/IncompatibleClassChangeError'{0x000000076552ffc8}: Found class java.lang.Object, but interface was expected> (0x000000076552ffc8) 
thrown [s\open\src\hotspot\share\interpreter\linkResolver.cpp, line 863]

VM Operations (20 events):
Event: 172.118 Executing VM operation: G1TryInitiateConcMark (G1 Humongous Allocation)
Event: 172.120 Executing VM operation: G1TryInitiateConcMark (G1 Humongous Allocation) done
Event: 172.135 Executing VM operation: G1TryInitiateConcMark (G1 Humongous Allocation)
Event: 172.137 Executing VM operation: G1TryInitiateConcMark (G1 Humongous Allocation) done
Event: 172.303 Executing VM operation: G1TryInitiateConcMark (G1 Humongous Allocation)
Event: 172.305 Executing VM operation: G1TryInitiateConcMark (G1 Humongous Allocation) done
Event: 172.433 Executing VM operation: G1TryInitiateConcMark (G1 Humongous Allocation)
Event: 172.434 Executing VM operation: G1TryInitiateConcMark (G1 Humongous Allocation) done
Event: 172.467 Executing VM operation: G1TryInitiateConcMark (G1 Humongous Allocation)
Event: 172.469 Executing VM operation: G1TryInitiateConcMark (G1 Humongous Allocation) done
Event: 172.583 Executing VM operation: G1TryInitiateConcMark (G1 Humongous Allocation)
Event: 172.585 Executing VM operation: G1TryInitiateConcMark (G1 Humongous Allocation) done
Event: 172.600 Executing VM operation: G1TryInitiateConcMark (G1 Humongous Allocation)
Event: 172.602 Executing VM operation: G1TryInitiateConcMark (G1 Humongous Allocation) done
Event: 172.611 Executing VM operation: G1PauseRemark
Event: 172.614 Executing VM operation: G1PauseRemark done
Event: 172.617 Executing VM operation: G1PauseCleanup
Event: 172.617 Executing VM operation: G1PauseCleanup done
Event: 191.712 Executing VM operation: HandshakeAllThreads (Deoptimize)
Event: 191.712 Executing VM operation: HandshakeAllThreads (Deoptimize) done

Memory protections (0 events):
No events

Nmethod flushes (20 events):
Event: 172.613 Thread 0x000001f1322f0620 flushing  nmethod 0x000001f11c954f88
Event: 172.613 Thread 0x000001f1322f0620 flushing  nmethod 0x000001f11c955288
Event: 172.613 Thread 0x000001f1322f0620 flushing  nmethod 0x000001f11c9f1708
Event: 172.613 Thread 0x000001f1322f0620 flushing  nmethod 0x000001f11c9f2688
Event: 172.613 Thread 0x000001f1322f0620 flushing  nmethod 0x000001f11c9f2b08
Event: 172.613 Thread 0x000001f1322f0620 flushing  nmethod 0x000001f11c9f2e88
Event: 172.613 Thread 0x000001f1322f0620 flushing  nmethod 0x000001f11c9f3488
Event: 172.613 Thread 0x000001f1322f0620 flushing  nmethod 0x000001f11c9f3e08
Event: 172.613 Thread 0x000001f1322f0620 flushing  nmethod 0x000001f11c9f8388
Event: 172.613 Thread 0x000001f1322f0620 flushing  nmethod 0x000001f11cacda88
Event: 172.613 Thread 0x000001f1322f0620 flushing  nmethod 0x000001f11cb24808
Event: 172.613 Thread 0x000001f1322f0620 flushing  nmethod 0x000001f11cc99188
Event: 172.613 Thread 0x000001f1322f0620 flushing  nmethod 0x000001f11cc9a408
Event: 172.613 Thread 0x000001f1322f0620 flushing  nmethod 0x000001f11cc9ad88
Event: 172.613 Thread 0x000001f1322f0620 flushing  nmethod 0x000001f11cc9b108
Event: 172.613 Thread 0x000001f1322f0620 flushing  nmethod 0x000001f11cc9c408
Event: 172.613 Thread 0x000001f1322f0620 flushing  nmethod 0x000001f11cc9d188
Event: 172.613 Thread 0x000001f1322f0620 flushing  nmethod 0x000001f11cc9d908
Event: 172.613 Thread 0x000001f1322f0620 flushing  nmethod 0x000001f11ccc0f08
Event: 172.613 Thread 0x000001f1322f0620 flushing  nmethod 0x000001f11ccc2408

Events (20 events):
Event: 0.239 Thread 0x000001f11414eaf0 Thread added: 0x000001f1783612d0
Event: 0.673 Thread 0x000001f132334530 Thread added: 0x000001f178bb2ee0
Event: 0.736 Thread 0x000001f132a001a0 Thread added: 0x000001f1780bf070
Event: 1.137 Thread 0x000001f178bb2ee0 Thread exited: 0x000001f178bb2ee0
Event: 1.654 Thread 0x000001f132334530 Thread added: 0x000001f17a78a2d0
Event: 2.072 Thread 0x000001f11414eaf0 Thread exited: 0x000001f11414eaf0
Event: 2.072 Thread 0x000001f17a80d570 Thread added: 0x000001f17a80d570
Event: 2.094 Thread 0x000001f132a001a0 Thread exited: 0x000001f132a001a0
Event: 7.099 Thread 0x000001f17a78a2d0 Thread exited: 0x000001f17a78a2d0
Event: 7.099 Thread 0x000001f1329110b0 Thread exited: 0x000001f1329110b0
Event: 18.936 Thread 0x000001f132334530 Thread added: 0x000001f17c5592e0
Event: 18.964 Thread 0x000001f17c5592e0 Thread added: 0x000001f1329110b0
Event: 19.717 Thread 0x000001f1329110b0 Thread exited: 0x000001f1329110b0
Event: 24.730 Thread 0x000001f17c5592e0 Thread exited: 0x000001f17c5592e0
Event: 172.350 Thread 0x000001f132334fe0 Thread added: 0x000001f17abf7db0
Event: 172.352 Thread 0x000001f132334fe0 Thread added: 0x000001f17abf6960
Event: 172.490 Thread 0x000001f17abf6960 Thread exited: 0x000001f17abf6960
Event: 172.492 Thread 0x000001f17abf7db0 Thread exited: 0x000001f17abf7db0
Event: 191.283 Thread 0x000001f132334fe0 Thread added: 0x000001f178457230
Event: 191.688 Thread 0x000001f178457230 Thread exited: 0x000001f178457230


Dynamic libraries:
0x00007ff667cd0000 - 0x00007ff667ce0000 	C:\Program Files\Java\jdk-23\bin\java.exe
0x00007ffc63600000 - 0x00007ffc63868000 	C:\WINDOWS\SYSTEM32\ntdll.dll
0x00007ffc63370000 - 0x00007ffc63439000 	C:\WINDOWS\System32\KERNEL32.DLL
0x00007ffc60a40000 - 0x00007ffc60e2d000 	C:\WINDOWS\System32\KERNELBASE.dll
0x00007ffc610d0000 - 0x00007ffc6121b000 	C:\WINDOWS\System32\ucrtbase.dll
0x00007ffc55d30000 - 0x00007ffc55d4b000 	C:\Program Files\Java\jdk-23\bin\VCRUNTIME140.dll
0x00007ffc55b20000 - 0x00007ffc55b37000 	C:\Program Files\Java\jdk-23\bin\jli.dll
0x00007ffc631a0000 - 0x00007ffc6336c000 	C:\WINDOWS\System32\USER32.dll
0x00007ffc49600000 - 0x00007ffc4989a000 	C:\WINDOWS\WinSxS\amd64_microsoft.windows.common-controls_6595b64144ccf1df_6.0.26100.4484_none_3e0e6d4ce32ef3b3\COMCTL32.dll
0x00007ffc60a10000 - 0x00007ffc60a37000 	C:\WINDOWS\System32\win32u.dll
0x00007ffc61e30000 - 0x00007ffc61ed9000 	C:\WINDOWS\System32\msvcrt.dll
0x00007ffc62c50000 - 0x00007ffc62c7b000 	C:\WINDOWS\System32\GDI32.dll
0x00007ffc60750000 - 0x00007ffc60887000 	C:\WINDOWS\System32\gdi32full.dll
0x00007ffc60f80000 - 0x00007ffc61023000 	C:\WINDOWS\System32\msvcp_win.dll
0x00007ffc63060000 - 0x00007ffc6308f000 	C:\WINDOWS\System32\IMM32.DLL
0x00007ffc5cf40000 - 0x00007ffc5cf4c000 	C:\Program Files\Java\jdk-23\bin\vcruntime140_1.dll
0x00007ffc25690000 - 0x00007ffc2571e000 	C:\Program Files\Java\jdk-23\bin\msvcp140.dll
0x00007ffc00f30000 - 0x00007ffc01c80000 	C:\Program Files\Java\jdk-23\bin\server\jvm.dll
0x00007ffc62980000 - 0x00007ffc62a34000 	C:\WINDOWS\System32\ADVAPI32.dll
0x00007ffc61830000 - 0x00007ffc618d6000 	C:\WINDOWS\System32\sechost.dll
0x00007ffc62b30000 - 0x00007ffc62c48000 	C:\WINDOWS\System32\RPCRT4.dll
0x00007ffc62a50000 - 0x00007ffc62ac4000 	C:\WINDOWS\System32\WS2_32.dll
0x00007ffc532c0000 - 0x00007ffc532f5000 	C:\WINDOWS\SYSTEM32\WINMM.dll
0x00007ffc605c0000 - 0x00007ffc6061e000 	C:\WINDOWS\SYSTEM32\POWRPROF.dll
0x00007ffc498b0000 - 0x00007ffc498bb000 	C:\WINDOWS\SYSTEM32\VERSION.dll
0x00007ffc60580000 - 0x00007ffc60594000 	C:\WINDOWS\SYSTEM32\UMPDC.dll
0x00007ffc5f4f0000 - 0x00007ffc5f50b000 	C:\WINDOWS\SYSTEM32\kernel.appcore.dll
0x00007ffc5cea0000 - 0x00007ffc5ceaa000 	C:\Program Files\Java\jdk-23\bin\jimage.dll
0x00007ffc5dfc0000 - 0x00007ffc5e201000 	C:\WINDOWS\SYSTEM32\DBGHELP.DLL
0x00007ffc62cd0000 - 0x00007ffc63056000 	C:\WINDOWS\System32\combase.dll
0x00007ffc61a70000 - 0x00007ffc61b50000 	C:\WINDOWS\System32\OLEAUT32.dll
0x00007ffc470e0000 - 0x00007ffc47123000 	C:\WINDOWS\SYSTEM32\dbgcore.DLL
0x00007ffc61030000 - 0x00007ffc610c9000 	C:\WINDOWS\System32\bcryptPrimitives.dll
0x00007ffc5ce80000 - 0x00007ffc5ce8f000 	C:\Program Files\Java\jdk-23\bin\instrument.dll
0x00007ffc555b0000 - 0x00007ffc555ce000 	C:\Program Files\Java\jdk-23\bin\java.dll
0x00007ffc61f60000 - 0x00007ffc620fe000 	C:\WINDOWS\System32\ole32.dll
0x00007ffc621c0000 - 0x00007ffc6290a000 	C:\WINDOWS\System32\SHELL32.dll
0x00007ffc61220000 - 0x00007ffc61394000 	C:\WINDOWS\System32\wintypes.dll
0x00007ffc5e3b0000 - 0x00007ffc5ec0b000 	C:\WINDOWS\SYSTEM32\windows.storage.dll
0x00007ffc630a0000 - 0x00007ffc63195000 	C:\WINDOWS\System32\SHCORE.dll
0x00007ffc62910000 - 0x00007ffc6297a000 	C:\WINDOWS\System32\shlwapi.dll
0x00007ffc60660000 - 0x00007ffc6068f000 	C:\WINDOWS\SYSTEM32\profapi.dll
0x00007ffc22e70000 - 0x00007ffc22f47000 	C:\Program Files\Java\jdk-23\bin\jsvml.dll
0x00007ffc48dc0000 - 0x00007ffc48dd7000 	C:\Program Files\Java\jdk-23\bin\zip.dll
0x00007ffc56bd0000 - 0x00007ffc56be0000 	C:\Program Files\Java\jdk-23\bin\net.dll
0x00007ffc5fa80000 - 0x00007ffc5faea000 	C:\WINDOWS\system32\mswsock.dll
0x00007ffc4bd70000 - 0x00007ffc4bd86000 	C:\Program Files\Java\jdk-23\bin\nio.dll
0x00007ffc55510000 - 0x00007ffc5552a000 	C:\Program Files\JetBrains\IntelliJ IDEA 2024.1.4\bin\breakgen64.dll
0x00007ffc55dc0000 - 0x00007ffc55dc9000 	C:\Program Files\Java\jdk-23\bin\extnet.dll
0x00007ffc552c0000 - 0x00007ffc552ce000 	C:\Program Files\Java\jdk-23\bin\sunmscapi.dll
0x00007ffc60890000 - 0x00007ffc60a07000 	C:\WINDOWS\System32\CRYPT32.dll
0x00007ffc5ff50000 - 0x00007ffc5ff80000 	C:\WINDOWS\SYSTEM32\ncrypt.dll
0x00007ffc5ff00000 - 0x00007ffc5ff3f000 	C:\WINDOWS\SYSTEM32\NTASN1.dll
0x00007ffc37a40000 - 0x00007ffc37a48000 	C:\WINDOWS\system32\wshunix.dll
0x00007ffc5fd30000 - 0x00007ffc5fd4b000 	C:\WINDOWS\SYSTEM32\CRYPTSP.dll
0x00007ffc5f450000 - 0x00007ffc5f48b000 	C:\WINDOWS\system32\rsaenh.dll
0x00007ffc5fb20000 - 0x00007ffc5fb4b000 	C:\WINDOWS\SYSTEM32\USERENV.dll
0x00007ffc60630000 - 0x00007ffc60656000 	C:\WINDOWS\SYSTEM32\bcrypt.dll
0x00007ffc5fd50000 - 0x00007ffc5fd5c000 	C:\WINDOWS\SYSTEM32\CRYPTBASE.dll
0x00007ffc5ef20000 - 0x00007ffc5ef53000 	C:\WINDOWS\SYSTEM32\IPHLPAPI.DLL
0x00007ffc61b60000 - 0x00007ffc61b6a000 	C:\WINDOWS\System32\NSI.dll
0x00007ffc5ae90000 - 0x00007ffc5aea0000 	C:\Program Files\Java\jdk-23\bin\verify.dll
0x00007ffc16eb0000 - 0x00007ffc16f9f000 	C:\Users\Asus\AppData\Local\Temp\sqlite-3.43.2.2-ef3f65b1-bbd1-499f-8348-fee9456e5461-sqlitejdbc.dll

dbghelp: loaded successfully - version: 4.0.5 - missing functions: none
symbol engine: initialized successfully - sym options: 0x614 - pdb path: .;C:\Program Files\Java\jdk-23\bin;C:\WINDOWS\SYSTEM32;C:\WINDOWS\WinSxS\amd64_microsoft.windows.common-controls_6595b64144ccf1df_6.0.26100.4484_none_3e0e6d4ce32ef3b3;C:\Program Files\Java\jdk-23\bin\server;C:\Program Files\JetBrains\IntelliJ IDEA 2024.1.4\bin;C:\Users\Asus\AppData\Local\Temp

VM Arguments:
jvm_args: -javaagent:C:\Program Files\JetBrains\IntelliJ IDEA 2024.1.4\lib\idea_rt.jar=57844:C:\Program Files\JetBrains\IntelliJ IDEA 2024.1.4\bin -Dfile.encoding=UTF-8 -Dsun.stdout.encoding=UTF-8 -Dsun.stderr.encoding=UTF-8 
java_command: main.Main
java_class_path (initial): C:\Users\Asus\IdeaProjects\YazdFood\target\classes;C:\Users\Asus\.m2\repository\org\hibernate\orm\hibernate-core\6.4.4.Final\hibernate-core-6.4.4.Final.jar;C:\Users\Asus\.m2\repository\jakarta\transaction\jakarta.transaction-api\2.0.1\jakarta.transaction-api-2.0.1.jar;C:\Users\Asus\.m2\repository\org\jboss\logging\jboss-logging\3.5.0.Final\jboss-logging-3.5.0.Final.jar;C:\Users\Asus\.m2\repository\org\hibernate\common\hibernate-commons-annotations\6.0.6.Final\hibernate-commons-annotations-6.0.6.Final.jar;C:\Users\Asus\.m2\repository\io\smallrye\jandex\3.1.2\jandex-3.1.2.jar;C:\Users\Asus\.m2\repository\com\fasterxml\classmate\1.5.1\classmate-1.5.1.jar;C:\Users\Asus\.m2\repository\net\bytebuddy\byte-buddy\1.14.11\byte-buddy-1.14.11.jar;C:\Users\Asus\.m2\repository\jakarta\xml\bind\jakarta.xml.bind-api\4.0.0\jakarta.xml.bind-api-4.0.0.jar;C:\Users\Asus\.m2\repository\jakarta\activation\jakarta.activation-api\2.1.0\jakarta.activation-api-2.1.0.jar;C:\Users\Asus\.m2\repository\org\glassfish\jaxb\jaxb-runtime\4.0.2\jaxb-runtime-4.0.2.jar;C:\Users\Asus\.m2\repository\org\glassfish\jaxb\jaxb-core\4.0.2\jaxb-core-4.0.2.jar;C:\Users\Asus\.m2\repository\org\eclipse\angus\angus-activation\2.0.0\angus-activation-2.0.0.jar;C:\Users\Asus\.m2\repository\org\glassfish\jaxb\txw2\4.0.2\txw2-4.0.2.jar;C:\Users\Asus\.m2\repository\com\sun\istack\istack-commons-runtime\4.1.1\istack-commons-runtime-4.1.1.jar;C:\Users\Asus\.m2\repository\jakarta\inject\jakarta.inject-api\2.0.1\jakarta.inject-api-2.0.1.jar;C:\Users\Asus\.m2\repository\org\antlr\antlr4-runtime\4.13.0\antlr4-runtime-4.13.0.jar;C:\Users\Asus\.m2\repository\jakarta\persistence\jakarta.persistence-api\3.1.0\jakarta.persistence-api-3.1.0.jar;C:\Users\Asus\.m2\repository\org\xerial\sqlite-jdbc\3.43.2.2\sqlite-jdbc-3.43.2.2.jar;C:\Users\Asus\.m2\repository\org\slf4j\slf4j-api\1.7.36\slf4j-api-1.7.36.jar;C:\Users\Asus\.m2\repository\org\hibernate\orm\hibernate-community-dialects\6.4.4.Final\hibernate-community-dialects-6.4.4.Final.jar;C:\Users\Asus\.m2\repository\org\slf4j\slf4j-simple\2.0.13\slf4j-simple-2.0.13.jar;C:\Users\Asus\.m2\repository\com\google\code\gson\gson\2.10.1\gson-2.10.1.jar;C:\Users\Asus\.m2\repository\org\glassfish\tyrus\tyrus-server\2.1.1\tyrus-server-2.1.1.jar;C:\Users\Asus\.m2\repository\jakarta\websocket\jakarta.websocket-api\2.1.0\jakarta.websocket-api-2.1.0.jar;C:\Users\Asus\.m2\repository\org\glassfish\tyrus\tyrus-client\2.1.1\tyrus-client-2.1.1.jar;C:\Users\Asus\.m2\repository\org\glassfish\tyrus\tyrus-core\2.1.1\tyrus-core-2.1.1.jar;C:\Users\Asus\.m2\repository\org\glassfish\tyrus\tyrus-spi\2.1.1\tyrus-spi-2.1.1.jar;C:\Users\Asus\.m2\repository\jakarta\websocket\jakarta.websocket-client-api\2.1.0\jakarta.websocket-client-api-2.1.0.jar;C:\Users\Asus\.m2\repository\org\glassfish\tyrus\tyrus-container-grizzly-client\2.1.1\tyrus-container-grizzly-client-2.1.1.jar;C:\Users\Asus\.m2\repository\org\glassfish\grizzly\grizzly-framework\4.0.0\grizzly-framework-4.0.0.jar;C:\Users\Asus\.m2\repository\org\glassfish\grizzly\grizzly-http-server\4.0.0\grizzly-http-server-4.0.0.jar;C:\Users\Asus\.m2\repository\org\glassfish\grizzly\grizzly-http\4.0.0\grizzly-http-4.0.0.jar;C:\Users\Asus\.m2\repository\org\java-websocket\Java-WebSocket\1.5.2\Java-WebSocket-1.5.2.jar;C:\Users\Asus\.m2\repository\io\jsonwebtoken\jjwt-api\0.11.5\jjwt-api-0.11.5.jar;C:\Users\Asus\.m2\repository\io\jsonwebtoken\jjwt-impl\0.11.5\jjwt-impl-0.11.5.jar;C:\Users\Asus\.m2\repository\io\jsonwebtoken\jjwt-jackson\0.11.5\jjwt-jackson-0.11.5.jar;C:\Users\Asus\.m2\repository\com\fasterxml\jackson\core\jackson-databind\2.12.6.1\jackson-databind-2.12.6.1.jar;C:\Users\Asus\.m2\repository\com\fasterxml\jackson\core\jackson-annotations\2.12.6\jackson-annotations-2.12.6.jar;C:\Users\Asus\.m2\repository\com\fasterxml\jackson\core\jackson-core\2.12.6\jackson-core-2.12.6.jar;C:\Users\Asus\.m2\repository\de\svenkubiak\jBCrypt\0.4\jBCrypt-0.4.jar;C:\Users\Asus\.m2\repository\org\json\json\20240303\json-20240303.jar
Launcher Type: SUN_STANDARD

[Global flags]
     intx CICompilerCount                          = 4                                         {product} {ergonomic}
     uint ConcGCThreads                            = 3                                         {product} {ergonomic}
     uint G1ConcRefinementThreads                  = 10                                        {product} {ergonomic}
   size_t G1HeapRegionSize                         = 2097152                                   {product} {ergonomic}
   size_t InitialHeapSize                          = 197132288                                 {product} {ergonomic}
   size_t MarkStackSize                            = 4194304                                   {product} {ergonomic}
   size_t MarkStackSizeMax                         = 536870912                                 {product} {ergonomic}
   size_t MaxHeapSize                              = 3124756480                                {product} {ergonomic}
   size_t MaxNewSize                               = 1874853888                                {product} {ergonomic}
   size_t MinHeapDeltaBytes                        = 2097152                                   {product} {ergonomic}
   size_t MinHeapSize                              = 8388608                                   {product} {ergonomic}
    uintx NonNMethodCodeHeapSize                   = 5832704                                {pd product} {ergonomic}
    uintx NonProfiledCodeHeapSize                  = 122945536                              {pd product} {ergonomic}
    uintx ProfiledCodeHeapSize                     = 122880000                              {pd product} {ergonomic}
    uintx ReservedCodeCacheSize                    = 251658240                              {pd product} {ergonomic}
     bool SegmentedCodeCache                       = true                                      {product} {ergonomic}
   size_t SoftMaxHeapSize                          = 3124756480                             {manageable} {ergonomic}
     bool UseCompressedOops                        = true                           {product lp64_product} {ergonomic}
     bool UseG1GC                                  = true                                      {product} {ergonomic}
     bool UseLargePagesIndividualAllocation        = false                                  {pd product} {ergonomic}

Logging:
Log output configuration:
 #0: stdout all=warning uptime,level,tags foldmultilines=false
 #1: stderr all=off uptime,level,tags foldmultilines=false

Environment Variables:
PATH=C:\Program Files\Common Files\Oracle\Java\javapath;C:\WINDOWS;C:\WINDOWS\System32\Wbem;C:\WINDOWS\System32\WindowsPowerShell\v1.0\;C:\msys64\mingw64\bin;C:\Program Files\Cloudflare\Cloudflare WARP\;C:\WINDOWS\system32;C:\WINDOWS\System32\OpenSSH\;C:\Program Files\dotnet\;C:\Program Files\Git\cmd;C:\Users\Asus\AppData\Local\Programs\Python\Launcher\;C:\Program Files\MySQL\MySQL Shell 8.0\bin\;C:\Users\Asus\AppData\Local\Microsoft\WindowsApps;C:\Users\Asus\AppData\Local\Programs\Microsoft VS Code\bin;C:\msys64\mingw64\bin;C:\Program Files\Maven\apache-maven-x.x.x\bin;
USERNAME=Asus
OS=Windows_NT
PROCESSOR_IDENTIFIER=Intel64 Family 6 Model 186 Stepping 3, GenuineIntel
TMP=C:\Users\Asus\AppData\Local\Temp
TEMP=C:\Users\Asus\AppData\Local\Temp




Periodic native trim disabled

---------------  S Y S T E M  ---------------

OS:
 Windows 11 , 64 bit Build 26100 (10.0.26100.4484)
OS uptime: 12 days 7:23 hours

CPU: total 12 (initial active 12) (6 cores per cpu, 2 threads per core) family 6 model 186 stepping 3 microcode 0x410e, cx8, cmov, fxsr, ht, mmx, 3dnowpref, sse, sse2, sse3, ssse3, sse4.1, sse4.2, popcnt, lzcnt, tsc, tscinvbit, avx, avx2, aes, erms, clmul, bmi1, bmi2, adx, sha, fma, vzeroupper, clflush, clflushopt, clwb, serialize, rdtscp, rdpid, fsrm, gfni, f16c, pku, cet_ibt, cet_ss
Processor Information for processor 0
  Max Mhz: 1700, Current Mhz: 1700, Mhz Limit: 1700
Processor Information for processor 1
  Max Mhz: 1700, Current Mhz: 1700, Mhz Limit: 1700
Processor Information for processor 2
  Max Mhz: 1700, Current Mhz: 1700, Mhz Limit: 1700
Processor Information for processor 3
  Max Mhz: 1700, Current Mhz: 1700, Mhz Limit: 1700
Processor Information for processor 4
  Max Mhz: 1700, Current Mhz: 1200, Mhz Limit: 1190
Processor Information for processor 5
  Max Mhz: 1700, Current Mhz: 1200, Mhz Limit: 1190
Processor Information for processor 6
  Max Mhz: 1700, Current Mhz: 1200, Mhz Limit: 1190
Processor Information for processor 7
  Max Mhz: 1700, Current Mhz: 1200, Mhz Limit: 1190
Processor Information for processor 8
  Max Mhz: 1700, Current Mhz: 1200, Mhz Limit: 1190
Processor Information for processor 9
  Max Mhz: 1700, Current Mhz: 1200, Mhz Limit: 1190
Processor Information for processor 10
  Max Mhz: 1700, Current Mhz: 1200, Mhz Limit: 1190
Processor Information for processor 11
  Max Mhz: 1700, Current Mhz: 1200, Mhz Limit: 1190

Memory: 4k page, system-wide physical 11913M (1696M free)
TotalPageFile size 22523M (AvailPageFile size 5M)
current process WorkingSet (physical memory assigned to process): 1961M, peak: 1970M
current process commit charge ("private bytes"): 3183M, peak: 3184M

vm_info: Java HotSpot(TM) 64-Bit Server VM (23.0.2+7-58) for windows-amd64 JRE (23.0.2+7-58), built on 2024-11-29T09:34:55Z with MS VC++ 17.6 (VS2022)

END.
